  0
SECTION
  2
HEADER
  9
$ACADVER
  1
AC1027
  9
$ACADMAINTVER
 70
   125
  9
$DWGCODEPAGE
  3
ANSI_1252
  9
$REQUIREDVERSIONS
160
                 0
  9
$INSBASE
 10
0.0
 20
0.0
 30
0.0
  9
$EXTMIN
 10
1.000000000000000E+20
 20
1.000000000000000E+20
 30
1.000000000000000E+20
  9
$EXTMAX
 10
-1.000000000000000E+20
 20
-1.000000000000000E+20
 30
-1.000000000000000E+20
  9
$LIMMIN
 10
0.0
 20
0.0
  9
$LIMMAX
 10
12.0
 20
9.0
  9
$ORTHOMODE
 70
     0
  9
$REGENMODE
 70
     1
  9
$FILLMODE
 70
     1
  9
$QTEXTMODE
 70
     0
  9
$MIRRTEXT
 70
     0
  9
$LTSCALE
 40
1.0
  9
$ATTMODE
 70
     1
  9
$TEXTSIZE
 40
0.2
  9
$TRACEWID
 40
0.05
  9
$TEXTSTYLE
  7
Standard
  9
$CLAYER
  8
0
  9
$CELTYPE
  6
ByLayer
  9
$CECOLOR
 62
   256
  9
$CELTSCALE
 40
1.0
  9
$DISPSILH
 70
     0
  9
$DIMSCALE
 40
1.0
  9
$DIMASZ
 40
0.18
  9
$DIMEXO
 40
0.0625
  9
$DIMDLI
 40
0.38
  9
$DIMRND
 40
0.0
  9
$DIMDLE
 40
0.0
  9
$DIMEXE
 40
0.18
  9
$DIMTP
 40
0.0
  9
$DIMTM
 40
0.0
  9
$DIMTXT
 40
0.18
  9
$DIMCEN
 40
0.09
  9
$DIMTSZ
 40
0.0
  9
$DIMTOL
 70
     0
  9
$DIMLIM
 70
     0
  9
$DIMTIH
 70
     1
  9
$DIMTOH
 70
     1
  9
$DIMSE1
 70
     0
  9
$DIMSE2
 70
     0
  9
$DIMTAD
 70
     0
  9
$DIMZIN
 70
     0
  9
$DIMBLK
  1

  9
$DIMASO
 70
     1
  9
$DIMSHO
 70
     1
  9
$DIMPOST
  1

  9
$DIMAPOST
  1

  9
$DIMALT
 70
     0
  9
$DIMALTD
 70
     2
  9
$DIMALTF
 40
25.4
  9
$DIMLFAC
 40
1.0
  9
$DIMTOFL
 70
     0
  9
$DIMTVP
 40
0.0
  9
$DIMTIX
 70
     0
  9
$DIMSOXD
 70
     0
  9
$DIMSAH
 70
     0
  9
$DIMBLK1
  1

  9
$DIMBLK2
  1

  9
$DIMSTYLE
  2
Standard
  9
$DIMCLRD
 70
     0
  9
$DIMCLRE
 70
     0
  9
$DIMCLRT
 70
     0
  9
$DIMTFAC
 40
1.0
  9
$DIMGAP
 40
0.09
  9
$DIMJUST
 70
     0
  9
$DIMSD1
 70
     0
  9
$DIMSD2
 70
     0
  9
$DIMTOLJ
 70
     1
  9
$DIMTZIN
 70
     0
  9
$DIMALTZ
 70
     0
  9
$DIMALTTZ
 70
     0
  9
$DIMUPT
 70
     0
  9
$DIMDEC
 70
     4
  9
$DIMTDEC
 70
     4
  9
$DIMALTU
 70
     2
  9
$DIMALTTD
 70
     2
  9
$DIMTXSTY
  7
Standard
  9
$DIMAUNIT
 70
     0
  9
$DIMADEC
 70
     0
  9
$DIMALTRND
 40
0.0
  9
$DIMAZIN
 70
     0
  9
$DIMDSEP
 70
    46
  9
$DIMATFIT
 70
     3
  9
$DIMFRAC
 70
     0
  9
$DIMLDRBLK
  1

  9
$DIMLUNIT
 70
     2
  9
$DIMLWD
 70
    -2
  9
$DIMLWE
 70
    -2
  9
$DIMTMOVE
 70
     0
  9
$DIMFXL
 40
1.0
  9
$DIMFXLON
 70
     0
  9
$DIMJOGANG
 40
0.7853981633974483
  9
$DIMTFILL
 70
     0
  9
$DIMTFILLCLR
 70
     0
  9
$DIMARCSYM
 70
     0
  9
$DIMLTYPE
  6

  9
$DIMLTEX1
  6

  9
$DIMLTEX2
  6

  9
$DIMTXTDIRECTION
 70
     0
  9
$LUNITS
 70
     2
  9
$LUPREC
 70
     4
  9
$SKETCHINC
 40
0.1
  9
$FILLETRAD
 40
0.0
  9
$AUNITS
 70
     0
  9
$AUPREC
 70
     0
  9
$MENU
  1
.
  9
$ELEVATION
 40
0.0
  9
$PELEVATION
 40
0.0
  9
$THICKNESS
 40
0.0
  9
$LIMCHECK
 70
     0
  9
$CHAMFERA
 40
0.0
  9
$CHAMFERB
 40
0.0
  9
$CHAMFERC
 40
0.0
  9
$CHAMFERD
 40
0.0
  9
$SKPOLY
 70
     0
  9
$TDCREATE
 40
2461287.310138889
  9
$TDUCREATE
 40
2461287.310138889
  9
$TDUPDATE
 40
2461287.310138889
  9
$TDUUPDATE
 40
2461287.310138889
  9
$TDINDWG
 40
0.0000000000
  9
$TDUSRTIMER
 40
0.0000000000
  9
$USRTIMER
 70
     1
  9
$ANGBASE
 50
0.0
  9
$ANGDIR
 70
     0
  9
$PDMODE
 70
     0
  9
$PDSIZE
 40
0.0
  9
$PLINEWID
 40
0.0
  9
$SPLFRAME
 70
     0
  9
$SPLINETYPE
 70
     6
  9
$SPLINESEGS
 70
     8
  9
$HANDSEED
  5
C1
  9
$SURFTAB1
 70
     6
  9
$SURFTAB2
 70
     6
  9
$SURFTYPE
 70
     6
  9
$SURFU
 70
     6
  9
$SURFV
 70
     6
  9
$UCSBASE
  2

  9
$UCSNAME
  2

  9
$UCSORG
 10
0.0
 20
0.0
 30
0.0
  9
$UCSXDIR
 10
1.0
 20
0.0
 30
0.0
  9
$UCSYDIR
 10
0.0
 20
1.0
 30
0.0
  9
$UCSORTHOREF
  2

  9
$UCSORTHOVIEW
 70
     0
  9
$UCSORGTOP
 10
0.0
 20
0.0
 30
0.0
  9
$UCSORGBOTTOM
 10
0.0
 20
0.0
 30
0.0
  9
$UCSORGLEFT
 10
0.0
 20
0.0
 30
0.0
  9
$UCSORGRIGHT
 10
0.0
 20
0.0
 30
0.0
  9
$UCSORGFRONT
 10
0.0
 20
0.0
 30
0.0
  9
$UCSORGBACK
 10
0.0
 20
0.0
 30
0.0
  9
$PUCSBASE
  2

  9
$PUCSNAME
  2

  9
$PUCSORG
 10
0.0
 20
0.0
 30
0.0
  9
$PUCSXDIR
 10
1.0
 20
0.0
 30
0.0
  9
$PUCSYDIR
 10
0.0
 20
1.0
 30
0.0
  9
$PUCSORTHOREF
  2

  9
$PUCSORTHOVIEW
 70
     0
  9
$PUCSORGTOP
 10
0.0
 20
0.0
 30
0.0
  9
$PUCSORGBOTTOM
 10
0.0
 20
0.0
 30
0.0
  9
$PUCSORGLEFT
 10
0.0
 20
0.0
 30
0.0
  9
$PUCSORGRIGHT
 10
0.0
 20
0.0
 30
0.0
  9
$PUCSORGFRONT
 10
0.0
 20
0.0
 30
0.0
  9
$PUCSORGBACK
 10
0.0
 20
0.0
 30
0.0
  9
$USERI1
 70
     0
  9
$USERI2
 70
     0
  9
$USERI3
 70
     0
  9
$USERI4
 70
     0
  9
$USERI5
 70
     0
  9
$USERR1
 40
0.0
  9
$USERR2
 40
0.0
  9
$USERR3
 40
0.0
  9
$USERR4
 40
0.0
  9
$USERR5
 40
0.0
  9
$WORLDVIEW
 70
     1
  9
$SHADEDGE
 70
     3
  9
$SHADEDIF
 70
    70
  9
$TILEMODE
 70
     1
  9
$MAXACTVP
 70
    64
  9
$PINSBASE
 10
0.0
 20
0.0
 30
0.0
  9
$PLIMCHECK
 70
     0
  9
$PEXTMIN
 10
1.000000000000000E+20
 20
1.000000000000000E+20
 30
1.000000000000000E+20
  9
$PEXTMAX
 10
-1.000000000000000E+20
 20
-1.000000000000000E+20
 30
-1.000000000000000E+20
  9
$PLIMMIN
 10
0.0
 20
0.0
  9
$PLIMMAX
 10
12.0
 20
9.0
  9
$UNITMODE
 70
     0
  9
$VISRETAIN
 70
     1
  9
$PLINEGEN
 70
     0
  9
$PSLTSCALE
 70
     1
  9
$TREEDEPTH
 70
  3020
  9
$CMLSTYLE
  2
Standard
  9
$CMLJUST
 70
     0
  9
$CMLSCALE
 40
1.0
  9
$PROXYGRAPHICS
 70
     1
  9
$MEASUREMENT
 70
     0
  9
$CELWEIGHT
370
    -1
  9
$ENDCAPS
280
     0
  9
$JOINSTYLE
280
     0
  9
$LWDISPLAY
290
     0
  9
$INSUNITS
 70
     4
  9
$HYPERLINKBASE
  1

  9
$STYLESHEET
  1

  9
$XEDIT
290
     1
  9
$CEPSNTYPE
380
     0
  9
$PSTYLEMODE
290
     1
  9
$FINGERPRINTGUID
  2
{2787172C-E688-794E-B02D-4FAFA15AFBEE}
  9
$VERSIONGUID
  2
{DC72B8F3-20FE-2F48-84C6-F11119FA95AA}
  9
$EXTNAMES
290
     1
  9
$PSVPSCALE
 40
0.0
  9
$OLESTARTUP
290
     0
  9
$SORTENTS
280
   127
  9
$INDEXCTL
280
     0
  9
$HIDETEXT
280
     1
  9
$XCLIPFRAME
280
     2
  9
$HALOGAP
280
     0
  9
$OBSCOLOR
 70
   257
  9
$OBSLTYPE
280
     0
  9
$INTERSECTIONDISPLAY
280
     0
  9
$INTERSECTIONCOLOR
 70
   257
  9
$DIMASSOC
280
     2
  9
$PROJECTNAME
  1

  9
$CAMERADISPLAY
290
     0
  9
$LENSLENGTH
 40
50.0
  9
$CAMERAHEIGHT
 40
0.0
  9
$STEPSPERSEC
 40
2.0
  9
$STEPSIZE
 40
6.0
  9
$3DDWFPREC
 40
2.0
  9
$PSOLWIDTH
 40
0.25
  9
$PSOLHEIGHT
 40
4.0
  9
$LOFTANG1
 40
1.570796326794896
  9
$LOFTANG2
 40
1.570796326794896
  9
$LOFTMAG1
 40
0.0
  9
$LOFTMAG2
 40
0.0
  9
$LOFTPARAM
 70
     7
  9
$LOFTNORMALS
280
     1
  9
$LATITUDE
 40
37.795
  9
$LONGITUDE
 40
-122.394
  9
$NORTHDIRECTION
 40
0.0
  9
$TIMEZONE
 70
 -8000
  9
$LIGHTGLYPHDISPLAY
280
     1
  9
$TILEMODELIGHTSYNCH
280
     1
  9
$CMATERIAL
347
11
  9
$SOLIDHIST
280
     0
  9
$SHOWHIST
280
     1
  9
$DWFFRAME
280
     2
  9
$DGNFRAME
280
     0
  9
$REALWORLDSCALE
290
     1
  9
$INTERFERECOLOR
 62
     1
  9
$INTERFEREOBJVS
345
33
  9
$INTERFEREVPVS
346
30
  9
$CSHADOW
280
     0
  9
$SHADOWPLANELOCATION
 40
0.0
  0
ENDSEC
  0
SECTION
  2
CLASSES
  0
CLASS
  1
ACDBDICTIONARYWDFLT
  2
AcDbDictionaryWithDefault
  3
ObjectDBX Classes
 90
        0
 91
        1
280
     0
281
     0
  0
CLASS
  1
MATERIAL
  2
AcDbMaterial
  3
ObjectDBX Classes
 90
     1153
 91
        4
280
     0
281
     0
  0
CLASS
  1
VISUALSTYLE
  2
AcDbVisualStyle
  3
ObjectDBX Classes
 90
     4095
 91
       24
280
     0
281
     0
  0
CLASS
  1
SCALE
  2
AcDbScale
  3
ObjectDBX Classes
 90
     1153
 91
       17
280
     0
281
     0
  0
CLASS
  1
TABLESTYLE
  2
AcDbTableStyle
  3
ObjectDBX Classes
 90
     4095
 91
        1
280
     0
281
     0
  0
CLASS
  1
MLEADERSTYLE
  2
AcDbMLeaderStyle
  3
ACDB_MLEADERSTYLE_CLASS
 90
     4095
 91
        1
280
     0
281
     0
  0
CLASS
  1
ACDBSECTIONVIEWSTYLE
  2
AcDbSectionViewStyle
  3
ObjectDBX Classes
 90
     1025
 91
        1
280
     0
281
     0
  0
CLASS
  1
ACDBDETAILVIEWSTYLE
  2
AcDbDetailViewStyle
  3
ObjectDBX Classes
 90
     1025
 91
        1
280
     0
281
     0
  0
CLASS
  1
DICTIONARYVAR
  2
AcDbDictionaryVar
  3
ObjectDBX Classes
 90
        0
 91
        5
280
     0
281
     0
  0
CLASS
  1
CELLSTYLEMAP
  2
AcDbCellStyleMap
  3
ObjectDBX Classes
 90
     1152
 91
        1
280
     0
281
     0
  0
ENDSEC
  0
SECTION
  2
TABLES
  0
TABLE
  2
VPORT
  5
8
330
0
100
AcDbSymbolTable
 70
     1
1001
ACAD
1000
DbSaveVer
1071
      471
  0
VPORT
  5
57
330
8
100
AcDbSymbolTableRecord
100
AcDbViewportTableRecord
  2
*Active
 70
     0
 10
0.0
 20
0.0
 11
1.0
 21
1.0
 12
500.0
 22
500.0
 13
0.0
 23
0.0
 14
1.0
 24
1.0
 15
0.0
 25
0.0
 16
0.0
 26
0.0
 36
1.0
 17
0.0
 27
0.0
 37
0.0
 40
12.0
 41
1.0
 42
50.0
 43
0.0
 44
0.0
 50
0.0
 51
0.0
 71
     0
 72
   100
 73
     1
 74
     1
 75
     0
 76
     0
 77
     0
 78
     0
281
     0
 65
     1
110
0.0
120
0.0
130
0.0
111
1.0
121
0.0
131
0.0
112
0.0
122
1.0
132
0.0
 79
     0
146
0.0
 60
     3
 61
     5
292
     1
282
     1
141
0.0
142
0.0
 63
   250
421
  3355443
  0
ENDTAB
  0
TABLE
  2
LTYPE
  5
5
330
0
100
AcDbSymbolTable
 70
     1
  0
LTYPE
  5
5B
330
5
100
AcDbSymbolTableRecord
100
AcDbLinetypeTableRecord
  2
ByBlock
 70
     0
  3

 72
    65
 73
     0
 40
0.0
  0
LTYPE
  5
5C
330
5
100
AcDbSymbolTableRecord
100
AcDbLinetypeTableRecord
  2
ByLayer
 70
     0
  3

 72
    65
 73
     0
 40
0.0
  0
LTYPE
  5
5D
330
5
100
AcDbSymbolTableRecord
100
AcDbLinetypeTableRecord
  2
Continuous
 70
     0
  3
Solid line
 72
    65
 73
     0
 40
0.0
  0
ENDTAB
  0
TABLE
  2
LAYER
  5
2
330
0
100
AcDbSymbolTable
 70
     2
  0
LAYER
  5
54
330
2
100
AcDbSymbolTableRecord
100
AcDbLayerTableRecord
  2
0
 70
     0
 62
     7
  6
Continuous
370
    -3
390
F
347
21
348
0
  0
LAYER
  5
85
330
2
100
AcDbSymbolTableRecord
100
AcDbLayerTableRecord
  2
Spin blade V1 Harvest v1_Sketch1
 70
     0
 62
     7
  6
Continuous
370
    -3
390
F
347
21
348
0
1001
NFusion_SketchTransform
1000
1.000000;0.000000;0.000000;0.000000;0.000000;1.000000;0.000000;0.000000;0.000000;0.000000;1.000000;0.000000;0.000000;0.000000;0.000000;1.000000
  0
ENDTAB
  0
TABLE
  2
STYLE
  5
3
330
0
100
AcDbSymbolTable
 70
     2
  0
STYLE
  5
55
330
3
100
AcDbSymbolTableRecord
100
AcDbTextStyleTableRecord
  2
Standard
 70
     0
 40
0.0
 41
1.0
 50
0.0
 71
     0
 42
0.2
  3
txt
  4

  0
STYLE
  5
5A
330
3
100
AcDbSymbolTableRecord
100
AcDbTextStyleTableRecord
  2
Annotative
 70
     0
 40
0.0
 41
1.0
 50
0.0
 71
     0
 42
0.2
  3
txt
  4

1001
AcadAnnotative
1000
AnnotativeData
1002
{
1070
     1
1070
     1
1002
}
  0
ENDTAB
  0
TABLE
  2
VIEW
  5
6
330
0
100
AcDbSymbolTable
 70
     0
  0
ENDTAB
  0
TABLE
  2
UCS
  5
7
330
0
100
AcDbSymbolTable
 70
     0
  0
ENDTAB
  0
TABLE
  2
APPID
  5
9
330
0
100
AcDbSymbolTable
 70
     4
  0
APPID
  5
56
330
9
100
AcDbSymbolTableRecord
100
AcDbRegAppTableRecord
  2
ACAD
 70
     0
  0
APPID
  5
5E
330
9
100
AcDbSymbolTableRecord
100
AcDbRegAppTableRecord
  2
AcadAnnotative
 70
     0
  0
APPID
  5
78
330
9
100
AcDbSymbolTableRecord
100
AcDbRegAppTableRecord
  2
EDIT_IN_FUSION_ACAD_ADDIN
 70
     0
  0
APPID
  5
79
330
9
100
AcDbSymbolTableRecord
100
AcDbRegAppTableRecord
  2
NFusion_SketchTransform
 70
     0
  0
ENDTAB
  0
TABLE
  2
DIMSTYLE
  5
A
330
0
100
AcDbSymbolTable
 70
     2
100
AcDbDimStyleTable
 71
     0
  0
DIMSTYLE
105
58
330
A
100
AcDbSymbolTableRecord
100
AcDbDimStyleTableRecord
  2
Standard
 70
     0
340
55
  0
DIMSTYLE
105
59
330
A
100
AcDbSymbolTableRecord
100
AcDbDimStyleTableRecord
  2
Annotative
 70
     0
340
55
1001
AcadAnnotative
1000
AnnotativeData
1002
{
1070
     1
1070
     1
1002
}
  0
ENDTAB
  0
TABLE
  2
BLOCK_RECORD
  5
1
330
0
100
AcDbSymbolTable
 70
     1
  0
BLOCK_RECORD
  5
70
330
1
100
AcDbSymbolTableRecord
100
AcDbBlockTableRecord
  2
*Model_Space
340
73
 70
     0
280
     1
281
     0
  0
BLOCK_RECORD
  5
6C
330
1
100
AcDbSymbolTableRecord
100
AcDbBlockTableRecord
  2
*Paper_Space
340
6F
 70
     0
280
     1
281
     0
  0
BLOCK_RECORD
  5
74
330
1
100
AcDbSymbolTableRecord
100
AcDbBlockTableRecord
  2
*Paper_Space0
340
77
 70
     0
280
     1
281
     0
  0
ENDTAB
  0
ENDSEC
  0
SECTION
  2
BLOCKS
  0
BLOCK
  5
71
330
70
100
AcDbEntity
  8
0
100
AcDbBlockBegin
  2
*Model_Space
 70
     0
 10
0.0
 20
0.0
 30
0.0
  3
*Model_Space
  1

  0
ENDBLK
  5
72
330
70
100
AcDbEntity
  8
0
100
AcDbBlockEnd
  0
BLOCK
  5
6D
330
6C
100
AcDbEntity
 67
     1
  8
0
100
AcDbBlockBegin
  2
*Paper_Space
 70
     0
 10
0.0
 20
0.0
 30
0.0
  3
*Paper_Space
  1

  0
ENDBLK
  5
6E
330
6C
100
AcDbEntity
 67
     1
  8
0
100
AcDbBlockEnd
  0
BLOCK
  5
75
330
74
100
AcDbEntity
 67
     1
  8
0
100
AcDbBlockBegin
  2
*Paper_Space0
 70
     0
 10
0.0
 20
0.0
 30
0.0
  3
*Paper_Space0
  1

  0
ENDBLK
  5
76
330
74
100
AcDbEntity
 67
     1
  8
0
100
AcDbBlockEnd
  0
ENDSEC
  0
SECTION
  2
ENTITIES
  0
3DSOLID
  5
84
330
70
100
AcDbEntity
  8
0
347
7A
100
AcDbModelerGeometry
290
     1
  2
{90a48140-9765-154b-99c9-e1296606dd2e}
100
AcDb3dSolid
350
0
  0
POINT
  5
86
330
70
100
AcDbEntity
  8
Spin blade V1 Harvest v1_Sketch1
100
AcDbPoint
 10
0.0
 20
0.0
 30
0.0
  0
SPLINE
  5
87
330
70
100
AcDbEntity
  8
Spin blade V1 Harvest v1_Sketch1
100
AcDbSpline
210
0.0
220
0.0
230
1.0
 70
    12
 71
     5
 72
    21
 73
    15
 74
     0
 42
0.000000001
 43
0.0000000001
 40
0.0
 40
0.0
 40
0.0
 40
0.0
 40
0.0
 40
0.0
 40
0.1
 40
0.2
 40
0.3
 40
0.4
 40
0.5
 40
0.6
 40
0.7
 40
0.8
 40
0.9
 40
1.0
 40
1.0
 40
1.0
 40
1.0
 40
1.0
 40
1.0
 10
-13.68080573302675
 20
-37.58770483143633
 30
0.0
 41
1.0
 10
-13.28710070209499
 20
-37.36669356508748
 30
0.0
 41
1.0
 10
-12.54259851255137
 20
-36.90957234295677
 30
0.0
 41
1.0
 10
-11.55457183650849
 20
-36.17859338885977
 30
0.0
 41
1.0
 10
-10.49886612904111
 20
-35.11187910852658
 30
0.0
 41
1.0
 10
-9.64156161973019
 20
-33.61579953306032
 30
0.0
 41
1.0
 10
-9.276783678177679
 20
-31.94640664043082
 30
0.0
 41
1.0
 10
-9.424601862941283
 20
-30.09663822933628
 30
0.0
 41
1.0
 10
-10.06624466483477
 20
-28.07309973537666
 30
0.0
 41
1.0
 10
-11.15878858863641
 20
-25.89089534546776
 30
0.0
 41
1.0
 10
-12.65581899974916
 20
-23.56635773039892
 30
0.0
 41
1.0
 10
-14.14535140913099
 20
-21.6040092043527
 30
0.0
 41
1.0
 10
-15.415310034421
 20
-20.07847631488709
 30
0.0
 41
1.0
 10
-16.32875130774563
 20
-19.03794761784332
 30
0.0
 41
1.0
 10
-16.80217330945103
 20
-18.51180628893818
 30
0.0
 41
1.0
  0
SPLINE
  5
88
330
70
100
AcDbEntity
  8
Spin blade V1 Harvest v1_Sketch1
100
AcDbSpline
210
0.0
220
0.0
230
1.0
 70
    12
 71
     5
 72
    21
 73
    15
 74
     0
 42
0.000000001
 43
0.0000000001
 40
0.0
 40
0.0
 40
0.0
 40
0.0
 40
0.0
 40
0.0
 40
0.1
 40
0.2
 40
0.3
 40
0.4
 40
0.5
 40
0.6
 40
0.7
 40
0.8
 40
0.9
 40
1.0
 40
1.0
 40
1.0
 40
1.0
 40
1.0
 40
1.0
 10
-0.0000000000000049
 20
-40.0
 30
0.0
 41
1.0
 10
0.2943714073396387
 20
-39.65766229279413
 30
0.0
 41
1.0
 10
0.8376299551023768
 20
-38.97347410797927
 30
0.0
 41
1.0
 10
1.516061805071196
 20
-37.94865355351475
 30
0.0
 41
1.0
 10
2.143262897052769
 20
-36.58519739842098
 30
0.0
 41
1.0
 10
2.437176267391149
 20
-34.88612705009856
 30
0.0
 41
1.0
 10
2.208989410889525
 20
-33.19264946385035
 30
0.0
 41
1.0
 10
1.437427696367348
 20
-31.50499253452092
 30
0.0
 41
1.0
 10
0.1423897645185664
 20
-29.82294310693832
 30
0.0
 41
1.0
 10
-1.630623556764863
 20
-28.14601377410254
 30
0.0
 41
1.0
 10
-3.832410675451363
 20
-26.47367748625474
 30
0.0
 41
1.0
 10
-5.903276013102169
 20
-25.13912314506402
 30
0.0
 41
1.0
 10
-7.618409739493663
 20
-24.13994257710634
 30
0.0
 41
1.0
 10
-8.832645537655475
 20
-23.4745807540004
 30
0.0
 41
1.0
 10
-9.457467631897422
 20
-23.14208949061455
 30
0.0
 41
1.0
  0
SPLINE
  5
89
330
70
100
AcDbEntity
  8
Spin blade V1 Harvest v1_Sketch1
100
AcDbSpline
210
0.0
220
0.0
230
1.0
 70
    12
 71
     5
 72
    21
 73
    15
 74
     0
 42
0.000000001
 43
0.0000000001
 40
0.0
 40
0.0
 40
0.0
 40
0.0
 40
0.0
 40
0.0
 40
0.1
 40
0.2
 40
0.3
 40
0.4
 40
0.5
 40
0.6
 40
0.7
 40
0.8
 40
0.9
 40
1.0
 40
1.0
 40
1.0
 40
1.0
 40
1.0
 40
1.0
 10
-39.39231012048832
 20
-6.945927106677212
 30
0.0
 41
1.0
 10
-39.00405623384178
 20
-7.176380031887433
 30
0.0
 41
1.0
 10
-38.23592654809578
 20
-7.592577230139986
 30
0.0
 41
1.0
 10
-37.10886686619455
 20
-8.082743954161315
 30
0.0
 41
1.0
 10
-35.65721234711269
 20
-8.463654775581701
 30
0.0
 41
1.0
 10
-33.93291717402041
 20
-8.45806247169078
 30
0.0
 41
1.0
 10
-32.30479154932982
 20
-7.939272989500702
 30
0.0
 41
1.0
 10
-30.77675420658577
 20
-6.886374480806846
 30
0.0
 41
1.0
 10
-29.34513986622777
 20
-5.31892626723185
 30
0.0
 41
1.0
 10
-28.00156739021757
 20
-3.281653279514847
 30
0.0
 41
1.0
 10
-26.73697396907184
 20
-0.8229181057189238
 30
0.0
 41
1.0
 10
-25.78229649912778
 20
1.448229063589095
 30
0.0
 41
1.0
 10
-25.0961255751869
 20
3.310811939578217
 30
0.0
 41
1.0
 10
-24.65172192684258
 20
4.622139635664427
 30
0.0
 41
1.0
 10
-24.43278117088252
 20
5.29520578030435
 30
0.0
 41
1.0
  0
SPLINE
  5
8A
330
70
100
AcDbEntity
  8
Spin blade V1 Harvest v1_Sketch1
100
AcDbSpline
210
0.0
220
0.0
230
1.0
 70
    12
 71
     5
 72
    21
 73
    15
 74
     0
 42
0.000000001
 43
0.0000000001
 40
0.0
 40
0.0
 40
0.0
 40
0.0
 40
0.0
 40
0.0
 40
0.1
 40
0.2
 40
0.3
 40
0.4
 40
0.5
 40
0.6
 40
0.7
 40
0.8
 40
0.9
 40
1.0
 40
1.0
 40
1.0
 40
1.0
 40
1.0
 40
1.0
 10
-34.64101615137756
 20
-19.99999999999999
 30
0.0
 41
1.0
 10
-34.15565030427006
 20
-20.29111674429873
 30
0.0
 41
1.0
 10
-33.20475739630882
 20
-20.83455217636438
 30
0.0
 41
1.0
 10
-31.83793330380013
 20
-21.53331328523041
 30
0.0
 41
1.0
 10
-30.13649940215932
 20
-22.22836255316317
 30
0.0
 41
1.0
 10
-28.22493411409668
 20
-22.67626165587248
 30
0.0
 41
1.0
 10
-26.54734634878103
 20
-22.66657867471853
 30
0.0
 41
1.0
 10
-25.12207821529251
 20
-22.16344255508124
 30
0.0
 41
1.0
 10
-23.95775153487598
 20
-21.14999188699204
 30
0.0
 41
1.0
 10
-23.04243810465726
 20
-19.64955426133404
 30
0.0
 41
1.0
 10
-22.3566744301952
 20
-17.70019378888284
 30
0.0
 41
1.0
 10
-21.97630016558437
 20
-15.81169052345481
 30
0.0
 41
1.0
 10
-21.77958771784688
 20
-14.22210308285612
 30
0.0
 41
1.0
 10
-21.6871657549217
 20
-13.08665534970787
 30
0.0
 41
1.0
 10
-21.65063509461097
 20
-12.5
 30
0.0
 41
1.0
  0
SPLINE
  5
8B
330
70
100
AcDbEntity
  8
Spin blade V1 Harvest v1_Sketch1
100
AcDbSpline
210
0.0
220
0.0
230
1.0
 70
    12
 71
     5
 72
    21
 73
    15
 74
     0
 42
0.000000001
 43
0.0000000001
 40
0.0
 40
0.0
 40
0.0
 40
0.0
 40
0.0
 40
0.0
 40
0.1
 40
0.2
 40
0.3
 40
0.4
 40
0.5
 40
0.6
 40
0.7
 40
0.8
 40
0.9
 40
1.0
 40
1.0
 40
1.0
 40
1.0
 40
1.0
 40
1.0
 10
-34.64101615137754
 20
20.0
 30
0.0
 41
1.0
 10
-34.65044772385353
 20
19.4341024741262
 30
0.0
 41
1.0
 10
-34.64563015935834
 20
18.33888734352048
 30
0.0
 41
1.0
 10
-34.56736298455856
 20
16.80580240247032
 30
0.0
 41
1.0
 10
-34.31857635664969
 20
14.98479278682292
 30
0.0
 41
1.0
 10
-33.75068571389689
 20
13.10537913501351
 30
0.0
 41
1.0
 10
-32.90350612357538
 20
11.65738700374916
 30
0.0
 41
1.0
 10
-31.75514339566369
 20
10.67463665276232
 30
0.0
 41
1.0
 10
-30.29530603140786
 20
10.17302550326219
 30
0.0
 41
1.0
 10
-28.53823221568468
 20
10.1305596330967
 30
0.0
 41
1.0
 10
-26.50715468817768
 20
10.5113511062456
 30
0.0
 41
1.0
 10
-24.68147575288173
 20
11.12618896286081
 30
0.0
 41
1.0
 10
-23.20649642391782
 20
11.75062470617888
 30
0.0
 41
1.0
 10
-22.1769588608794
 20
12.23830880499217
 30
0.0
 41
1.0
 10
-21.65063509461096
 20
12.5
 30
0.0
 41
1.0
  0
SPLINE
  5
8C
330
70
100
AcDbEntity
  8
Spin blade V1 Harvest v1_Sketch1
100
AcDbSpline
210
0.0
220
0.0
230
1.0
 70
    12
 71
     5
 72
    21
 73
    15
 74
     0
 42
0.000000001
 43
0.0000000001
 40
0.0
 40
0.0
 40
0.0
 40
0.0
 40
0.0
 40
0.0
 40
0.1
 40
0.2
 40
0.3
 40
0.4
 40
0.5
 40
0.6
 40
0.7
 40
0.8
 40
0.9
 40
1.0
 40
1.0
 40
1.0
 40
1.0
 40
1.0
 40
1.0
 10
25.71150438746157
 20
-30.64177772475912
 30
0.0
 41
1.0
 10
25.71695553174679
 20
-30.19031353320006
 30
0.0
 41
1.0
 10
25.6933280355444
 20
-29.31699511281679
 30
0.0
 41
1.0
 10
25.55429502968606
 20
-28.09584943469845
 30
0.0
 41
1.0
 10
25.15834621807158
 20
-26.64822433294489
 30
0.0
 41
1.0
 10
24.29135555429022
 20
-25.15773706136954
 30
0.0
 41
1.0
 10
23.02800787115215
 20
-24.00713365093013
 30
0.0
 41
1.0
 10
21.35215234364449
 20
-23.21026374852944
 30
0.0
 41
1.0
 10
19.27889520139301
 20
-22.75417346814482
 30
0.0
 41
1.0
 10
16.84277880158115
 20
-22.60924206595291
 30
0.0
 41
1.0
 10
14.08115496932267
 20
-22.74343962468
 30
0.0
 41
1.0
 10
11.63694508999678
 20
-23.0522382679418
 30
0.0
 41
1.0
 10
9.68081554076588
 20
-23.38928825446531
 30
0.0
 41
1.0
 10
8.322970619096945
 20
-23.66008725350776
 30
0.0
 41
1.0
 10
7.630607861431492
 20
-23.80701206924254
 30
0.0
 41
1.0
  0
SPLINE
  5
8D
330
70
100
AcDbEntity
  8
Spin blade V1 Harvest v1_Sketch1
100
AcDbSpline
210
0.0
220
0.0
230
1.0
 70
    12
 71
     5
 72
    21
 73
    15
 74
     0
 42
0.000000001
 43
0.0000000001
 40
0.0
 40
0.0
 40
0.0
 40
0.0
 40
0.0
 40
0.0
 40
0.1
 40
0.2
 40
0.3
 40
0.4
 40
0.5
 40
0.6
 40
0.7
 40
0.8
 40
0.9
 40
1.0
 40
1.0
 40
1.0
 40
1.0
 40
1.0
 40
1.0
 10
39.39231012048832
 20
-6.945927106677212
 30
0.0
 41
1.0
 10
39.20762454663941
 20
-6.410931589722573
 30
0.0
 41
1.0
 10
38.82851188089091
 20
-5.383413717418426
 30
0.0
 41
1.0
 10
38.2306188630134
 20
-3.969554061618316
 30
0.0
 41
1.0
 10
37.3740139348761
 20
-2.343454801549167
 30
0.0
 41
1.0
 10
36.19757396190784
 20
-0.771613700567182
 30
0.0
 41
1.0
 10
34.90624307613281
 20
0.2993013352336382
 30
0.0
 41
1.0
 10
33.49101467883075
 20
0.8300214033405229
 30
0.0
 41
1.0
 10
31.94765516284622
 20
0.802087914474786
 30
0.0
 41
1.0
 10
30.28202168103455
 20
0.2410381410171181
 30
0.0
 41
1.0
 10
28.50367147041571
 20
-0.8114582234225853
 30
0.0
 41
1.0
 10
26.99838137883541
 20
-2.013635791380295
 30
0.0
 41
1.0
 10
25.8259237900236
 20
-3.104886093025879
 30
0.0
 41
1.0
 10
25.02527272458825
 20
-3.915281826824919
 30
0.0
 41
1.0
 10
24.62019382530521
 20
-4.341204441673257
 30
0.0
 41
1.0
  0
SPLINE
  5
8E
330
70
100
AcDbEntity
  8
Spin blade V1 Harvest v1_Sketch1
100
AcDbSpline
210
0.0
220
0.0
230
1.0
 70
    12
 71
     5
 72
    21
 73
    15
 74
     0
 42
0.000000001
 43
0.0000000001
 40
0.0
 40
0.0
 40
0.0
 40
0.0
 40
0.0
 40
0.0
 40
0.1
 40
0.2
 40
0.3
 40
0.4
 40
0.5
 40
0.6
 40
0.7
 40
0.8
 40
0.9
 40
1.0
 40
1.0
 40
1.0
 40
1.0
 40
1.0
 40
1.0
 10
34.64101615137754
 20
20.0
 30
0.0
 41
1.0
 10
34.15565030427006
 20
20.29111674429874
 30
0.0
 41
1.0
 10
33.20475739630881
 20
20.8345521763644
 30
0.0
 41
1.0
 10
31.83793330380013
 20
21.53331328523043
 30
0.0
 41
1.0
 10
30.13649940215931
 20
22.22836255316319
 30
0.0
 41
1.0
 10
28.22493411409667
 20
22.67626165587249
 30
0.0
 41
1.0
 10
26.54734634878102
 20
22.66657867471855
 30
0.0
 41
1.0
 10
25.1220782152925
 20
22.16344255508125
 30
0.0
 41
1.0
 10
23.95775153487596
 20
21.14999188699205
 30
0.0
 41
1.0
 10
23.04243810465724
 20
19.64955426133404
 30
0.0
 41
1.0
 10
22.35667443019519
 20
17.70019378888285
 30
0.0
 41
1.0
 10
21.97630016558436
 20
15.81169052345482
 30
0.0
 41
1.0
 10
21.77958771784687
 20
14.22210308285613
 30
0.0
 41
1.0
 10
21.68716575492169
 20
13.08665534970788
 30
0.0
 41
1.0
 10
21.65063509461096
 20
12.5
 30
0.0
 41
1.0
  0
SPLINE
  5
8F
330
70
100
AcDbEntity
  8
Spin blade V1 Harvest v1_Sketch1
100
AcDbSpline
210
0.0
220
0.0
230
1.0
 70
    12
 71
     5
 72
    21
 73
    15
 74
     0
 42
0.000000001
 43
0.0000000001
 40
0.0
 40
0.0
 40
0.0
 40
0.0
 40
0.0
 40
0.0
 40
0.1
 40
0.2
 40
0.3
 40
0.4
 40
0.5
 40
0.6
 40
0.7
 40
0.8
 40
0.9
 40
1.0
 40
1.0
 40
1.0
 40
1.0
 40
1.0
 40
1.0
 10
0.0
 20
40.0
 30
0.0
 41
1.0
 10
-0.4947974195834669
 20
39.72521921842493
 30
0.0
 41
1.0
 10
-1.440872763049519
 20
39.17343951988487
 30
0.0
 41
1.0
 10
-2.729429680758428
 20
38.33911568770074
 30
0.0
 41
1.0
 10
-4.182076954490385
 20
37.2131553399861
 30
0.0
 41
1.0
 10
-5.525751599800219
 20
35.78164079088599
 30
0.0
 41
1.0
 10
-6.356159774794358
 20
34.3239656784677
 30
0.0
 41
1.0
 10
-6.633065180371192
 20
32.83807920784357
 30
0.0
 41
1.0
 10
-6.337554496531904
 20
31.32301739025424
 30
0.0
 41
1.0
 10
-5.495794111027429
 20
29.78011389443075
 30
0.0
 41
1.0
 10
-4.150480257982484
 20
28.21154489512845
 30
0.0
 41
1.0
 10
-2.705175587297365
 20
26.93787948631563
 30
0.0
 41
1.0
 10
-1.42690870607095
 20
25.97272778903501
 30
0.0
 41
1.0
 10
-0.4897931059577027
 20
25.32496415470005
 30
0.0
 41
1.0
 10
0.0
 20
25.0
 30
0.0
 41
1.0
  0
SPLINE
  5
90
330
70
100
AcDbEntity
  8
Spin blade V1 Harvest v1_Sketch1
100
AcDbSpline
210
0.0
220
0.0
230
1.0
 70
    12
 71
     5
 72
    21
 73
    15
 74
     0
 42
0.000000001
 43
0.0000000001
 40
0.0
 40
0.0
 40
0.0
 40
0.0
 40
0.0
 40
0.0
 40
0.1
 40
0.2
 40
0.3
 40
0.4
 40
0.5
 40
0.6
 40
0.7
 40
0.8
 40
0.9
 40
1.0
 40
1.0
 40
1.0
 40
1.0
 40
1.0
 40
1.0
 10
-25.71150438746158
 20
-30.64177772475911
 30
0.0
 41
1.0
 10
-25.2659523701355
 20
-30.56875011976787
 30
0.0
 41
1.0
 10
-24.41000449055206
 20
-30.39383142610098
 30
0.0
 41
1.0
 10
-23.23155358728662
 20
-30.04486092233599
 30
0.0
 41
1.0
 10
-21.87467695321087
 20
-29.40355000199767
 30
0.0
 41
1.0
 10
-20.55738488121733
 20
-28.29091047597178
 30
0.0
 41
1.0
 10
-19.64363974491097
 20
-26.84695569742723
 30
0.0
 41
1.0
 10
-19.14988534526944
 20
-25.05818517461983
 30
0.0
 41
1.0
 10
-19.06074142566007
 20
-22.93722622090224
 30
0.0
 41
1.0
 10
-19.34103903053841
 20
-20.51295282925
 30
0.0
 41
1.0
 10
-19.9527487726814
 20
-17.81658742985888
 30
0.0
 41
1.0
 10
-20.68128866206573
 20
-15.46313291237814
 30
0.0
 41
1.0
 10
-21.35289643345112
 20
-13.59524948234174
 30
0.0
 41
1.0
 10
-21.85536868341817
 20
-12.30505702879167
 30
0.0
 41
1.0
 10
-22.12028891221673
 20
-11.64872604365221
 30
0.0
 41
1.0
  0
SPLINE
  5
91
330
70
100
AcDbEntity
  8
Spin blade V1 Harvest v1_Sketch1
100
AcDbSpline
210
0.0
220
0.0
230
1.0
 70
    12
 71
     5
 72
    21
 73
    15
 74
     0
 42
0.000000001
 43
0.0000000001
 40
0.0
 40
0.0
 40
0.0
 40
0.0
 40
0.0
 40
0.0
 40
0.1
 40
0.2
 40
0.3
 40
0.4
 40
0.5
 40
0.6
 40
0.7
 40
0.8
 40
0.9
 40
1.0
 40
1.0
 40
1.0
 40
1.0
 40
1.0
 40
1.0
 10
-0.0000000000000049
 20
-40.0
 30
0.0
 41
1.0
 10
0.494797419583462
 20
-39.72521921842493
 30
0.0
 41
1.0
 10
1.440872763049514
 20
-39.17343951988487
 30
0.0
 41
1.0
 10
2.729429680758424
 20
-38.33911568770074
 30
0.0
 41
1.0
 10
4.182076954490381
 20
-37.2131553399861
 30
0.0
 41
1.0
 10
5.525751599800214
 20
-35.78164079088599
 30
0.0
 41
1.0
 10
6.356159774794354
 20
-34.3239656784677
 30
0.0
 41
1.0
 10
6.633065180371188
 20
-32.83807920784357
 30
0.0
 41
1.0
 10
6.3375544965319
 20
-31.32301739025424
 30
0.0
 41
1.0
 10
5.495794111027426
 20
-29.78011389443075
 30
0.0
 41
1.0
 10
4.150480257982481
 20
-28.21154489512845
 30
0.0
 41
1.0
 10
2.705175587297361
 20
-26.93787948631563
 30
0.0
 41
1.0
 10
1.426908706070947
 20
-25.97272778903501
 30
0.0
 41
1.0
 10
0.4897931059576996
 20
-25.32496415470005
 30
0.0
 41
1.0
 10
-0.0000000000000031
 20
-25.0
 30
0.0
 41
1.0
  0
CIRCLE
  5
92
330
70
100
AcDbEntity
  8
Spin blade V1 Harvest v1_Sketch1
100
AcDbCircle
 10
0.0
 20
0.0
 30
0.0
 40
25.0
  0
SPLINE
  5
93
330
70
100
AcDbEntity
  8
Spin blade V1 Harvest v1_Sketch1
100
AcDbSpline
210
0.0
220
0.0
230
1.0
 70
    12
 71
     5
 72
    21
 73
    15
 74
     0
 42
0.000000001
 43
0.0000000001
 40
0.0
 40
0.0
 40
0.0
 40
0.0
 40
0.0
 40
0.0
 40
0.1
 40
0.2
 40
0.3
 40
0.4
 40
0.5
 40
0.6
 40
0.7
 40
0.8
 40
0.9
 40
1.0
 40
1.0
 40
1.0
 40
1.0
 40
1.0
 40
1.0
 10
-13.68080573302674
 20
37.58770483143634
 30
0.0
 41
1.0
 10
-13.84033798058984
 20
37.16533166322893
 30
0.0
 41
1.0
 10
-14.11682788806924
 20
36.3365997083608
 30
0.0
 41
1.0
 10
-14.40383601827003
 20
35.14154603713772
 30
0.0
 41
1.0
 10
-14.52688278657054
 20
33.64580094205744
 30
0.0
 41
1.0
 10
-14.2219547277742
 20
31.94867278049424
 30
0.0
 41
1.0
 10
-13.42832577579187
 20
30.4353688905962
 30
0.0
 41
1.0
 10
-12.12608226132065
 20
29.11337977587259
 30
0.0
 41
1.0
 10
-10.33384988682185
 20
27.97569940003916
 30
0.0
 41
1.0
 10
-8.094218741493182
 20
27.00630755065762
 30
0.0
 41
1.0
 10
-5.453242936663594
 20
26.18788102740032
 30
0.0
 41
1.0
 10
-3.050821593181864
 20
25.64208782053708
 30
0.0
 41
1.0
 10
-1.097383205769632
 20
25.28977549691768
 30
0.0
 41
1.0
 10
0.2711923597592292
 20
25.07983300331084
 30
0.0
 41
1.0
 10
0.9720517805801453
 20
24.98109515885705
 30
0.0
 41
1.0
  0
SPLINE
  5
94
330
70
100
AcDbEntity
  8
Spin blade V1 Harvest v1_Sketch1
100
AcDbSpline
210
0.0
220
0.0
230
1.0
 70
    12
 71
     5
 72
    21
 73
    15
 74
     0
 42
0.000000001
 43
0.0000000001
 40
0.0
 40
0.0
 40
0.0
 40
0.0
 40
0.0
 40
0.0
 40
0.1
 40
0.2
 40
0.3
 40
0.4
 40
0.5
 40
0.6
 40
0.7
 40
0.8
 40
0.9
 40
1.0
 40
1.0
 40
1.0
 40
1.0
 40
1.0
 40
1.0
 10
-25.71150438746157
 20
30.64177772475912
 30
0.0
 41
1.0
 10
-25.91391551942666
 20
30.11323378334453
 30
0.0
 41
1.0
 10
-26.28397412556258
 20
29.08242050284213
 30
0.0
 41
1.0
 10
-26.73477297022186
 20
27.61502294635659
 30
0.0
 41
1.0
 10
-27.12381198156684
 20
25.81874361001764
 30
0.0
 41
1.0
 10
-27.23296666171874
 20
23.85844243098041
 30
0.0
 41
1.0
 10
-26.93212072848267
 20
22.20802242537091
 30
0.0
 41
1.0
 10
-26.18913316297634
 20
20.8917759876836
 30
0.0
 41
1.0
 10
-24.98889588148338
 20
19.92112190743945
 30
0.0
 41
1.0
 10
-23.35231076567261
 20
19.28026240432226
 30
0.0
 41
1.0
 10
-21.31348384660661
 20
18.94341991463498
 30
0.0
 41
1.0
 10
-19.38761989134316
 20
18.89675954035955
 30
0.0
 41
1.0
 10
-17.78802309767671
 20
18.97906455901587
 30
0.0
 41
1.0
 10
-16.65377646149382
 20
19.08521512307578
 30
0.0
 41
1.0
 10
-16.06969024216348
 20
19.15111107797445
 30
0.0
 41
1.0
  0
SPLINE
  5
95
330
70
100
AcDbEntity
  8
Spin blade V1 Harvest v1_Sketch1
100
AcDbSpline
210
0.0
220
0.0
230
1.0
 70
    12
 71
     5
 72
    21
 73
    15
 74
     0
 42
0.000000001
 43
0.0000000001
 40
0.0
 40
0.0
 40
0.0
 40
0.0
 40
0.0
 40
0.0
 40
0.1
 40
0.2
 40
0.3
 40
0.4
 40
0.5
 40
0.6
 40
0.7
 40
0.8
 40
0.9
 40
1.0
 40
1.0
 40
1.0
 40
1.0
 40
1.0
 40
1.0
 10
-25.71150438746157
 20
30.64177772475912
 30
0.0
 41
1.0
 10
-25.71695553174679
 20
30.19031353320006
 30
0.0
 41
1.0
 10
-25.6933280355444
 20
29.31699511281679
 30
0.0
 41
1.0
 10
-25.55429502968606
 20
28.09584943469845
 30
0.0
 41
1.0
 10
-25.15834621807158
 20
26.64822433294489
 30
0.0
 41
1.0
 10
-24.29135555429022
 20
25.15773706136954
 30
0.0
 41
1.0
 10
-23.02800787115215
 20
24.00713365093013
 30
0.0
 41
1.0
 10
-21.35215234364449
 20
23.21026374852944
 30
0.0
 41
1.0
 10
-19.27889520139301
 20
22.75417346814482
 30
0.0
 41
1.0
 10
-16.84277880158115
 20
22.60924206595291
 30
0.0
 41
1.0
 10
-14.08115496932267
 20
22.74343962468
 30
0.0
 41
1.0
 10
-11.63694508999678
 20
23.0522382679418
 30
0.0
 41
1.0
 10
-9.68081554076588
 20
23.38928825446531
 30
0.0
 41
1.0
 10
-8.322970619096945
 20
23.66008725350776
 30
0.0
 41
1.0
 10
-7.630607861431492
 20
23.80701206924254
 30
0.0
 41
1.0
  0
SPLINE
  5
96
330
70
100
AcDbEntity
  8
Spin blade V1 Harvest v1_Sketch1
100
AcDbSpline
210
0.0
220
0.0
230
1.0
 70
    12
 71
     5
 72
    21
 73
    15
 74
     0
 42
0.000000001
 43
0.0000000001
 40
0.0
 40
0.0
 40
0.0
 40
0.0
 40
0.0
 40
0.0
 40
0.1
 40
0.2
 40
0.3
 40
0.4
 40
0.5
 40
0.6
 40
0.7
 40
0.8
 40
0.9
 40
1.0
 40
1.0
 40
1.0
 40
1.0
 40
1.0
 40
1.0
 10
-34.64101615137754
 20
20.0
 30
0.0
 41
1.0
 10
-34.49172870393377
 20
19.57389802949316
 30
0.0
 41
1.0
 10
-34.1708336287963
 20
18.76132823390016
 30
0.0
 41
1.0
 10
-33.62252891929398
 20
17.66137873985842
 30
0.0
 41
1.0
 10
-32.75534179802732
 20
16.43647858337416
 30
0.0
 41
1.0
 10
-31.43086039873241
 20
15.33240696398801
 30
0.0
 41
1.0
 10
-29.85017236005109
 20
14.68328378540402
 30
0.0
 41
1.0
 10
-28.00283772911788
 20
14.50764736610299
 30
0.0
 41
1.0
 10
-25.89862122848588
 20
14.7881584001572
 30
0.0
 41
1.0
 10
-23.55985116525709
 20
15.48516831121897
 30
0.0
 41
1.0
 10
-21.01067189696709
 20
16.55580374580293
 30
0.0
 41
1.0
 10
-18.81948126593971
 20
17.6819485654298
 30
0.0
 41
1.0
 10
-17.09659864792484
 20
18.66770765939347
 30
0.0
 41
1.0
 10
-15.91326050732587
 20
19.3865857952331
 30
0.0
 41
1.0
 10
-15.31290357957637
 20
19.7614519699995
 30
0.0
 41
1.0
  0
SPLINE
  5
97
330
70
100
AcDbEntity
  8
Spin blade V1 Harvest v1_Sketch1
100
AcDbSpline
210
0.0
220
0.0
230
1.0
 70
    12
 71
     5
 72
    21
 73
    15
 74
     0
 42
0.000000001
 43
0.0000000001
 40
0.0
 40
0.0
 40
0.0
 40
0.0
 40
0.0
 40
0.0
 40
0.1
 40
0.2
 40
0.3
 40
0.4
 40
0.5
 40
0.6
 40
0.7
 40
0.8
 40
0.9
 40
1.0
 40
1.0
 40
1.0
 40
1.0
 40
1.0
 40
1.0
 10
-34.64101615137756
 20
-19.99999999999999
 30
0.0
 41
1.0
 10
-34.19735729659413
 20
-20.08376426330096
 30
0.0
 41
1.0
 10
-33.33320367369393
 20
-20.21214587407911
 30
0.0
 41
1.0
 10
-32.10646711422278
 20
-20.28727481365631
 30
0.0
 41
1.0
 10
-30.61207890097455
 20
-20.14871881504682
 30
0.0
 41
1.0
 10
-28.99368413134126
 20
-19.55372008611054
 30
0.0
 41
1.0
 10
-27.64118294916157
 20
-18.50936567844632
 30
0.0
 41
1.0
 10
-26.56541003275053
 20
-16.99734516841792
 30
0.0
 41
1.0
 10
-25.75623146396732
 20
-15.03478470678112
 30
0.0
 41
1.0
 10
-25.19047472202196
 20
-12.66084546288355
 30
0.0
 41
1.0
 10
-24.84308257241846
 20
-9.917873740451808
 30
0.0
 41
1.0
 10
-24.72275727904188
 20
-7.457174579634205
 30
0.0
 41
1.0
 10
-24.71500838741851
 20
-5.472234917712865
 30
0.0
 41
1.0
 10
-24.74590604498135
 20
-4.087994958767295
 30
0.0
 41
1.0
 10
-24.77037121147379
 20
-3.380637520615049
 30
0.0
 41
1.0
  0
SPLINE
  5
98
330
70
100
AcDbEntity
  8
Spin blade V1 Harvest v1_Sketch1
100
AcDbSpline
210
0.0
220
0.0
230
1.0
 70
    12
 71
     5
 72
    21
 73
    15
 74
     0
 42
0.000000001
 43
0.0000000001
 40
0.0
 40
0.0
 40
0.0
 40
0.0
 40
0.0
 40
0.0
 40
0.1
 40
0.2
 40
0.3
 40
0.4
 40
0.5
 40
0.6
 40
0.7
 40
0.8
 40
0.9
 40
1.0
 40
1.0
 40
1.0
 40
1.0
 40
1.0
 40
1.0
 10
-13.68080573302674
 20
37.58770483143634
 30
0.0
 41
1.0
 10
-14.05178265469579
 20
37.16026467429335
 30
0.0
 41
1.0
 10
-14.75208290207947
 20
36.31818453870664
 30
0.0
 41
1.0
 10
-15.67757477244953
 20
35.09346416857932
 30
0.0
 41
1.0
 10
-16.65751557667584
 20
33.53857290977089
 30
0.0
 41
1.0
 10
-17.43054991435461
 20
31.73382545666191
 30
0.0
 41
1.0
 10
-17.71232409776533
 20
30.08004258698887
 30
0.0
 41
1.0
 10
-17.46432696039307
 20
28.5890588087147
 30
0.0
 41
1.0
 10
-16.66845609142675
 20
27.26643700513251
 30
0.0
 41
1.0
 10
-15.34975599391907
 20
26.10448098321851
 30
0.0
 41
1.0
 10
-13.5490922996141
 20
25.09063270621704
 30
0.0
 41
1.0
 10
-11.75533094011278
 20
24.38810203082236
 30
0.0
 41
1.0
 10
-10.22405166259437
 20
23.91834912487427
 30
0.0
 41
1.0
 10
-9.121902837288196
 20
23.6301628295397
 30
0.0
 41
1.0
 10
-8.550503583141717
 20
23.49231551964771
 30
0.0
 41
1.0
  0
SPLINE
  5
99
330
70
100
AcDbEntity
  8
Spin blade V1 Harvest v1_Sketch1
100
AcDbSpline
210
0.0
220
0.0
230
1.0
 70
    12
 71
     5
 72
    21
 73
    15
 74
     0
 42
0.000000001
 43
0.0000000001
 40
0.0
 40
0.0
 40
0.0
 40
0.0
 40
0.0
 40
0.0
 40
0.1
 40
0.2
 40
0.3
 40
0.4
 40
0.5
 40
0.6
 40
0.7
 40
0.8
 40
0.9
 40
1.0
 40
1.0
 40
1.0
 40
1.0
 40
1.0
 40
1.0
 10
-13.68080573302675
 20
-37.58770483143633
 30
0.0
 41
1.0
 10
-13.12186768676281
 20
-37.49872604301955
 30
0.0
 41
1.0
 10
-12.0441278962214
 20
-37.30379955657113
 30
0.0
 41
1.0
 10
-10.54792491252407
 20
-36.96050402979997
 30
0.0
 41
1.0
 10
-8.797781869289005
 20
-36.39928202851844
 30
0.0
 41
1.0
 10
-7.045533909098232
 20
-35.51366216495333
 30
0.0
 41
1.0
 10
-5.766651223944379
 20
-34.4279119413409
 30
0.0
 41
1.0
 10
-4.99824215401956
 20
-33.12634261607282
 30
0.0
 41
1.0
 10
-4.757749702987586
 20
-31.60157959960866
 30
0.0
 41
1.0
 10
-5.02104165093682
 20
-29.86382556230244
 30
0.0
 41
1.0
 10
-5.748740957326639
 20
-27.92972841162809
 30
0.0
 41
1.0
 10
-6.671263865485748
 20
-26.23855111499944
 30
0.0
 41
1.0
 10
-7.542340499334293
 20
-24.89441216520032
 30
0.0
 41
1.0
 10
-8.201392902527672
 20
-23.96520104613885
 30
0.0
 41
1.0
 10
-8.55050358314172
 20
-23.4923155196477
 30
0.0
 41
1.0
  0
SPLINE
  5
9A
330
70
100
AcDbEntity
  8
Spin blade V1 Harvest v1_Sketch1
100
AcDbSpline
210
0.0
220
0.0
230
1.0
 70
    12
 71
     5
 72
    21
 73
    15
 74
     0
 42
0.000000001
 43
0.0000000001
 40
0.0
 40
0.0
 40
0.0
 40
0.0
 40
0.0
 40
0.0
 40
0.1
 40
0.2
 40
0.3
 40
0.4
 40
0.5
 40
0.6
 40
0.7
 40
0.8
 40
0.9
 40
1.0
 40
1.0
 40
1.0
 40
1.0
 40
1.0
 40
1.0
 10
13.68080573302674
 20
-37.58770483143633
 30
0.0
 41
1.0
 10
14.05178265469579
 20
-37.16026467429335
 30
0.0
 41
1.0
 10
14.75208290207947
 20
-36.31818453870663
 30
0.0
 41
1.0
 10
15.67757477244953
 20
-35.09346416857931
 30
0.0
 41
1.0
 10
16.65751557667584
 20
-33.53857290977088
 30
0.0
 41
1.0
 10
17.43054991435461
 20
-31.7338254566619
 30
0.0
 41
1.0
 10
17.71232409776533
 20
-30.08004258698886
 30
0.0
 41
1.0
 10
17.46432696039307
 20
-28.5890588087147
 30
0.0
 41
1.0
 10
16.66845609142675
 20
-27.2664370051325
 30
0.0
 41
1.0
 10
15.34975599391907
 20
-26.1044809832185
 30
0.0
 41
1.0
 10
13.5490922996141
 20
-25.09063270621704
 30
0.0
 41
1.0
 10
11.75533094011278
 20
-24.38810203082236
 30
0.0
 41
1.0
 10
10.22405166259437
 20
-23.91834912487426
 30
0.0
 41
1.0
 10
9.121902837288196
 20
-23.6301628295397
 30
0.0
 41
1.0
 10
8.550503583141717
 20
-23.4923155196477
 30
0.0
 41
1.0
  0
SPLINE
  5
9B
330
70
100
AcDbEntity
  8
Spin blade V1 Harvest v1_Sketch1
100
AcDbSpline
210
0.0
220
0.0
230
1.0
 70
    12
 71
     5
 72
    21
 73
    15
 74
     0
 42
0.000000001
 43
0.0000000001
 40
0.0
 40
0.0
 40
0.0
 40
0.0
 40
0.0
 40
0.0
 40
0.1
 40
0.2
 40
0.3
 40
0.4
 40
0.5
 40
0.6
 40
0.7
 40
0.8
 40
0.9
 40
1.0
 40
1.0
 40
1.0
 40
1.0
 40
1.0
 40
1.0
 10
25.71150438746157
 20
-30.64177772475912
 30
0.0
 41
1.0
 10
25.91391551942666
 20
-30.11323378334453
 30
0.0
 41
1.0
 10
26.28397412556258
 20
-29.08242050284213
 30
0.0
 41
1.0
 10
26.73477297022186
 20
-27.61502294635659
 30
0.0
 41
1.0
 10
27.12381198156684
 20
-25.81874361001764
 30
0.0
 41
1.0
 10
27.23296666171874
 20
-23.85844243098041
 30
0.0
 41
1.0
 10
26.93212072848267
 20
-22.20802242537091
 30
0.0
 41
1.0
 10
26.18913316297634
 20
-20.8917759876836
 30
0.0
 41
1.0
 10
24.98889588148338
 20
-19.92112190743945
 30
0.0
 41
1.0
 10
23.35231076567261
 20
-19.28026240432226
 30
0.0
 41
1.0
 10
21.31348384660661
 20
-18.94341991463498
 30
0.0
 41
1.0
 10
19.38761989134316
 20
-18.89675954035955
 30
0.0
 41
1.0
 10
17.78802309767671
 20
-18.97906455901587
 30
0.0
 41
1.0
 10
16.65377646149382
 20
-19.08521512307578
 30
0.0
 41
1.0
 10
16.06969024216348
 20
-19.15111107797445
 30
0.0
 41
1.0
  0
SPLINE
  5
9C
330
70
100
AcDbEntity
  8
Spin blade V1 Harvest v1_Sketch1
100
AcDbSpline
210
0.0
220
0.0
230
1.0
 70
    12
 71
     5
 72
    21
 73
    15
 74
     0
 42
0.000000001
 43
0.0000000001
 40
0.0
 40
0.0
 40
0.0
 40
0.0
 40
0.0
 40
0.0
 40
0.1
 40
0.2
 40
0.3
 40
0.4
 40
0.5
 40
0.6
 40
0.7
 40
0.8
 40
0.9
 40
1.0
 40
1.0
 40
1.0
 40
1.0
 40
1.0
 40
1.0
 10
34.64101615137753
 20
-20.00000000000001
 30
0.0
 41
1.0
 10
34.49172870393375
 20
-19.57389802949316
 30
0.0
 41
1.0
 10
34.1708336287963
 20
-18.76132823390016
 30
0.0
 41
1.0
 10
33.62252891929397
 20
-17.66137873985843
 30
0.0
 41
1.0
 10
32.7553417980273
 20
-16.43647858337416
 30
0.0
 41
1.0
 10
31.4308603987324
 20
-15.33240696398801
 30
0.0
 41
1.0
 10
29.85017236005109
 20
-14.68328378540402
 30
0.0
 41
1.0
 10
28.00283772911787
 20
-14.50764736610299
 30
0.0
 41
1.0
 10
25.89862122848587
 20
-14.7881584001572
 30
0.0
 41
1.0
 10
23.55985116525708
 20
-15.48516831121898
 30
0.0
 41
1.0
 10
21.01067189696708
 20
-16.55580374580293
 30
0.0
 41
1.0
 10
18.8194812659397
 20
-17.6819485654298
 30
0.0
 41
1.0
 10
17.09659864792484
 20
-18.66770765939347
 30
0.0
 41
1.0
 10
15.91326050732586
 20
-19.3865857952331
 30
0.0
 41
1.0
 10
15.31290357957637
 20
-19.7614519699995
 30
0.0
 41
1.0
  0
SPLINE
  5
9D
330
70
100
AcDbEntity
  8
Spin blade V1 Harvest v1_Sketch1
100
AcDbSpline
210
0.0
220
0.0
230
1.0
 70
    12
 71
     5
 72
    21
 73
    15
 74
     0
 42
0.000000001
 43
0.0000000001
 40
0.0
 40
0.0
 40
0.0
 40
0.0
 40
0.0
 40
0.0
 40
0.1
 40
0.2
 40
0.3
 40
0.4
 40
0.5
 40
0.6
 40
0.7
 40
0.8
 40
0.9
 40
1.0
 40
1.0
 40
1.0
 40
1.0
 40
1.0
 40
1.0
 10
39.39231012048832
 20
-6.945927106677212
 30
0.0
 41
1.0
 10
39.10629035072534
 20
-6.596581543461041
 30
0.0
 41
1.0
 10
38.5268323786213
 20
-5.942768282259799
 30
0.0
 41
1.0
 10
37.63538960555665
 20
-5.096685114801711
 30
0.0
 41
1.0
 10
36.40155973978141
 20
-4.242250940059744
 30
0.0
 41
1.0
 10
34.77933960899154
 20
-3.657762304522455
 30
0.0
 41
1.0
 10
33.07196552070286
 20
-3.588413193168944
 30
0.0
 41
1.0
 10
31.2759676065901
 20
-4.055194601252754
 30
0.0
 41
1.0
 10
29.39459131248192
 20
-5.038473179136909
 30
0.0
 41
1.0
 10
27.43525777203159
 20
-6.4933547214076
 30
0.0
 41
1.0
 10
25.40599170934501
 20
-8.371293597541429
 30
0.0
 41
1.0
 10
23.7321102552476
 20
-10.17895490815893
 30
0.0
 41
1.0
 10
22.45027963922075
 20
-11.69452601457593
 30
0.0
 41
1.0
 10
21.58417632365895
 20
-12.77477597451915
 30
0.0
 41
1.0
 10
21.14823713163659
 20
-13.33236911520482
 30
0.0
 41
1.0
  0
SPLINE
  5
9E
330
70
100
AcDbEntity
  8
Spin blade V1 Harvest v1_Sketch1
100
AcDbSpline
210
0.0
220
0.0
230
1.0
 70
    12
 71
     5
 72
    21
 73
    15
 74
     0
 42
0.000000001
 43
0.0000000001
 40
0.0
 40
0.0
 40
0.0
 40
0.0
 40
0.0
 40
0.0
 40
0.1
 40
0.2
 40
0.3
 40
0.4
 40
0.5
 40
0.6
 40
0.7
 40
0.8
 40
0.9
 40
1.0
 40
1.0
 40
1.0
 40
1.0
 40
1.0
 40
1.0
 10
0.0
 20
40.0
 30
0.0
 41
1.0
 10
-0.2943714073396435
 20
39.65766229279413
 30
0.0
 41
1.0
 10
-0.8376299551023814
 20
38.97347410797927
 30
0.0
 41
1.0
 10
-1.516061805071201
 20
37.94865355351475
 30
0.0
 41
1.0
 10
-2.143262897052774
 20
36.58519739842098
 30
0.0
 41
1.0
 10
-2.437176267391153
 20
34.88612705009856
 30
0.0
 41
1.0
 10
-2.208989410889529
 20
33.19264946385035
 30
0.0
 41
1.0
 10
-1.437427696367351
 20
31.50499253452092
 30
0.0
 41
1.0
 10
-0.1423897645185701
 20
29.82294310693832
 30
0.0
 41
1.0
 10
1.63062355676486
 20
28.14601377410254
 30
0.0
 41
1.0
 10
3.83241067545136
 20
26.47367748625474
 30
0.0
 41
1.0
 10
5.903276013102166
 20
25.13912314506402
 30
0.0
 41
1.0
 10
7.618409739493659
 20
24.13994257710634
 30
0.0
 41
1.0
 10
8.832645537655471
 20
23.4745807540004
 30
0.0
 41
1.0
 10
9.457467631897419
 20
23.14208949061455
 30
0.0
 41
1.0
  0
SPLINE
  5
9F
330
70
100
AcDbEntity
  8
Spin blade V1 Harvest v1_Sketch1
100
AcDbSpline
210
0.0
220
0.0
230
1.0
 70
    12
 71
     5
 72
    21
 73
    15
 74
     0
 42
0.000000001
 43
0.0000000001
 40
0.0
 40
0.0
 40
0.0
 40
0.0
 40
0.0
 40
0.0
 40
0.1
 40
0.2
 40
0.3
 40
0.4
 40
0.5
 40
0.6
 40
0.7
 40
0.8
 40
0.9
 40
1.0
 40
1.0
 40
1.0
 40
1.0
 40
1.0
 40
1.0
 10
-39.39231012048832
 20
6.945927106677221
 30
0.0
 41
1.0
 10
-39.10629035072533
 20
6.59658154346105
 30
0.0
 41
1.0
 10
-38.52683237862129
 20
5.942768282259809
 30
0.0
 41
1.0
 10
-37.63538960555664
 20
5.09668511480172
 30
0.0
 41
1.0
 10
-36.40155973978141
 20
4.242250940059753
 30
0.0
 41
1.0
 10
-34.77933960899153
 20
3.657762304522464
 30
0.0
 41
1.0
 10
-33.07196552070285
 20
3.588413193168953
 30
0.0
 41
1.0
 10
-31.2759676065901
 20
4.055194601252762
 30
0.0
 41
1.0
 10
-29.39459131248192
 20
5.038473179136916
 30
0.0
 41
1.0
 10
-27.43525777203159
 20
6.493354721407607
 30
0.0
 41
1.0
 10
-25.40599170934499
 20
8.371293597541434
 30
0.0
 41
1.0
 10
-23.73211025524759
 20
10.17895490815893
 30
0.0
 41
1.0
 10
-22.45027963922075
 20
11.69452601457593
 30
0.0
 41
1.0
 10
-21.58417632365893
 20
12.77477597451916
 30
0.0
 41
1.0
 10
-21.14823713163659
 20
13.33236911520482
 30
0.0
 41
1.0
  0
SPLINE
  5
A0
330
70
100
AcDbEntity
  8
Spin blade V1 Harvest v1_Sketch1
100
AcDbSpline
210
0.0
220
0.0
230
1.0
 70
    12
 71
     5
 72
    21
 73
    15
 74
     0
 42
0.000000001
 43
0.0000000001
 40
0.0
 40
0.0
 40
0.0
 40
0.0
 40
0.0
 40
0.0
 40
0.1
 40
0.2
 40
0.3
 40
0.4
 40
0.5
 40
0.6
 40
0.7
 40
0.8
 40
0.9
 40
1.0
 40
1.0
 40
1.0
 40
1.0
 40
1.0
 40
1.0
 10
13.68080573302674
 20
-37.58770483143633
 30
0.0
 41
1.0
 10
13.84033798058984
 20
-37.16533166322892
 30
0.0
 41
1.0
 10
14.11682788806924
 20
-36.33659970836079
 30
0.0
 41
1.0
 10
14.40383601827003
 20
-35.14154603713772
 30
0.0
 41
1.0
 10
14.52688278657054
 20
-33.64580094205743
 30
0.0
 41
1.0
 10
14.2219547277742
 20
-31.94867278049424
 30
0.0
 41
1.0
 10
13.42832577579187
 20
-30.43536889059618
 30
0.0
 41
1.0
 10
12.12608226132065
 20
-29.11337977587259
 30
0.0
 41
1.0
 10
10.33384988682185
 20
-27.97569940003916
 30
0.0
 41
1.0
 10
8.094218741493182
 20
-27.00630755065761
 30
0.0
 41
1.0
 10
5.453242936663595
 20
-26.18788102740032
 30
0.0
 41
1.0
 10
3.050821593181866
 20
-25.64208782053708
 30
0.0
 41
1.0
 10
1.097383205769634
 20
-25.28977549691767
 30
0.0
 41
1.0
 10
-0.2711923597592281
 20
-25.07983300331083
 30
0.0
 41
1.0
 10
-0.9720517805801431
 20
-24.98109515885704
 30
0.0
 41
1.0
  0
SPLINE
  5
A1
330
70
100
AcDbEntity
  8
Spin blade V1 Harvest v1_Sketch1
100
AcDbSpline
210
0.0
220
0.0
230
1.0
 70
    12
 71
     5
 72
    21
 73
    15
 74
     0
 42
0.000000001
 43
0.0000000001
 40
0.0
 40
0.0
 40
0.0
 40
0.0
 40
0.0
 40
0.0
 40
0.1
 40
0.2
 40
0.3
 40
0.4
 40
0.5
 40
0.6
 40
0.7
 40
0.8
 40
0.9
 40
1.0
 40
1.0
 40
1.0
 40
1.0
 40
1.0
 40
1.0
 10
39.39231012048832
 20
6.945927106677198
 30
0.0
 41
1.0
 10
39.03578320618947
 20
7.385492259675024
 30
0.0
 41
1.0
 10
38.32810202178399
 20
8.221379053728991
 30
0.0
 41
1.0
 10
37.28269788274594
 20
9.345481083443376
 30
0.0
 41
1.0
 10
35.92159385085586
 20
10.58053841850078
 30
0.0
 41
1.0
 10
34.27850057081697
 20
11.65521973397291
 30
0.0
 41
1.0
 10
32.69877195242704
 20
12.21988951596998
 30
0.0
 41
1.0
 10
31.1873753169959
 20
12.23456662838921
 30
0.0
 41
1.0
 10
29.74664558447097
 20
11.6804576921692
 30
0.0
 41
1.0
 10
28.37335241660943
 20
10.58356315798017
 30
0.0
 41
1.0
 10
27.06222480393325
 20
8.986308496993096
 30
0.0
 41
1.0
 10
26.0588837568289
 20
7.341791574639884
 30
0.0
 41
1.0
 10
25.330363597011
 20
5.915347606184449
 30
0.0
 41
1.0
 10
24.85516936402149
 20
4.879985923063062
 30
0.0
 41
1.0
 10
24.62019382530521
 20
4.341204441673249
 30
0.0
 41
1.0
  0
SPLINE
  5
A2
330
70
100
AcDbEntity
  8
Spin blade V1 Harvest v1_Sketch1
100
AcDbSpline
210
0.0
220
0.0
230
1.0
 70
    12
 71
     5
 72
    21
 73
    15
 74
     0
 42
0.000000001
 43
0.0000000001
 40
0.0
 40
0.0
 40
0.0
 40
0.0
 40
0.0
 40
0.0
 40
0.1
 40
0.2
 40
0.3
 40
0.4
 40
0.5
 40
0.6
 40
0.7
 40
0.8
 40
0.9
 40
1.0
 40
1.0
 40
1.0
 40
1.0
 40
1.0
 40
1.0
 10
39.39231012048832
 20
6.945927106677198
 30
0.0
 41
1.0
 10
39.00405623384178
 20
7.176380031887418
 30
0.0
 41
1.0
 10
38.23592654809578
 20
7.592577230139973
 30
0.0
 41
1.0
 10
37.10886686619455
 20
8.082743954161303
 30
0.0
 41
1.0
 10
35.65721234711269
 20
8.463654775581689
 30
0.0
 41
1.0
 10
33.93291717402041
 20
8.458062471690768
 30
0.0
 41
1.0
 10
32.30479154932983
 20
7.939272989500691
 30
0.0
 41
1.0
 10
30.77675420658577
 20
6.886374480806837
 30
0.0
 41
1.0
 10
29.34513986622777
 20
5.31892626723184
 30
0.0
 41
1.0
 10
28.00156739021757
 20
3.281653279514838
 30
0.0
 41
1.0
 10
26.73697396907184
 20
0.8229181057189155
 30
0.0
 41
1.0
 10
25.78229649912778
 20
-1.448229063589103
 30
0.0
 41
1.0
 10
25.09612557518689
 20
-3.310811939578225
 30
0.0
 41
1.0
 10
24.65172192684258
 20
-4.622139635664435
 30
0.0
 41
1.0
 10
24.43278117088252
 20
-5.295205780304357
 30
0.0
 41
1.0
  0
SPLINE
  5
A3
330
70
100
AcDbEntity
  8
Spin blade V1 Harvest v1_Sketch1
100
AcDbSpline
210
0.0
220
0.0
230
1.0
 70
    12
 71
     5
 72
    21
 73
    15
 74
     0
 42
0.000000001
 43
0.0000000001
 40
0.0
 40
0.0
 40
0.0
 40
0.0
 40
0.0
 40
0.0
 40
0.1
 40
0.2
 40
0.3
 40
0.4
 40
0.5
 40
0.6
 40
0.7
 40
0.8
 40
0.9
 40
1.0
 40
1.0
 40
1.0
 40
1.0
 40
1.0
 40
1.0
 10
34.64101615137754
 20
20.0
 30
0.0
 41
1.0
 10
34.19735729659412
 20
20.08376426330098
 30
0.0
 41
1.0
 10
33.33320367369392
 20
20.21214587407912
 30
0.0
 41
1.0
 10
32.10646711422278
 20
20.28727481365633
 30
0.0
 41
1.0
 10
30.61207890097454
 20
20.14871881504683
 30
0.0
 41
1.0
 10
28.99368413134125
 20
19.55372008611056
 30
0.0
 41
1.0
 10
27.64118294916156
 20
18.50936567844633
 30
0.0
 41
1.0
 10
26.56541003275052
 20
16.99734516841793
 30
0.0
 41
1.0
 10
25.75623146396731
 20
15.03478470678112
 30
0.0
 41
1.0
 10
25.19047472202195
 20
12.66084546288356
 30
0.0
 41
1.0
 10
24.84308257241846
 20
9.917873740451817
 30
0.0
 41
1.0
 10
24.72275727904188
 20
7.457174579634216
 30
0.0
 41
1.0
 10
24.7150083874185
 20
5.472234917712873
 30
0.0
 41
1.0
 10
24.74590604498135
 20
4.087994958767302
 30
0.0
 41
1.0
 10
24.77037121147379
 20
3.380637520615058
 30
0.0
 41
1.0
  0
SPLINE
  5
A4
330
70
100
AcDbEntity
  8
Spin blade V1 Harvest v1_Sketch1
100
AcDbSpline
210
0.0
220
0.0
230
1.0
 70
    12
 71
     5
 72
    21
 73
    15
 74
     0
 42
0.000000001
 43
0.0000000001
 40
0.0
 40
0.0
 40
0.0
 40
0.0
 40
0.0
 40
0.0
 40
0.1
 40
0.2
 40
0.3
 40
0.4
 40
0.5
 40
0.6
 40
0.7
 40
0.8
 40
0.9
 40
1.0
 40
1.0
 40
1.0
 40
1.0
 40
1.0
 40
1.0
 10
-39.39231012048832
 20
6.945927106677221
 30
0.0
 41
1.0
 10
-39.20762454663941
 20
6.410931589722582
 30
0.0
 41
1.0
 10
-38.8285118808909
 20
5.383413717418435
 30
0.0
 41
1.0
 10
-38.23061886301339
 20
3.969554061618325
 30
0.0
 41
1.0
 10
-37.37401393487608
 20
2.343454801549176
 30
0.0
 41
1.0
 10
-36.19757396190783
 20
0.7716137005671908
 30
0.0
 41
1.0
 10
-34.90624307613281
 20
-0.2993013352336293
 30
0.0
 41
1.0
 10
-33.49101467883075
 20
-0.830021403340514
 30
0.0
 41
1.0
 10
-31.94765516284621
 20
-0.8020879144747771
 30
0.0
 41
1.0
 10
-30.28202168103455
 20
-0.2410381410171103
 30
0.0
 41
1.0
 10
-28.5036714704157
 20
0.811458223422592
 30
0.0
 41
1.0
 10
-26.99838137883541
 20
2.013635791380302
 30
0.0
 41
1.0
 10
-25.8259237900236
 20
3.104886093025885
 30
0.0
 41
1.0
 10
-25.02527272458825
 20
3.915281826824925
 30
0.0
 41
1.0
 10
-24.6201938253052
 20
4.341204441673262
 30
0.0
 41
1.0
  0
SPLINE
  5
A5
330
70
100
AcDbEntity
  8
Spin blade V1 Harvest v1_Sketch1
100
AcDbSpline
210
0.0
220
0.0
230
1.0
 70
    12
 71
     5
 72
    21
 73
    15
 74
     0
 42
0.000000001
 43
0.0000000001
 40
0.0
 40
0.0
 40
0.0
 40
0.0
 40
0.0
 40
0.0
 40
0.1
 40
0.2
 40
0.3
 40
0.4
 40
0.5
 40
0.6
 40
0.7
 40
0.8
 40
0.9
 40
1.0
 40
1.0
 40
1.0
 40
1.0
 40
1.0
 40
1.0
 10
-39.39231012048832
 20
-6.945927106677212
 30
0.0
 41
1.0
 10
-39.03578320618947
 20
-7.385492259675038
 30
0.0
 41
1.0
 10
-38.32810202178399
 20
-8.221379053729004
 30
0.0
 41
1.0
 10
-37.28269788274594
 20
-9.34548108344339
 30
0.0
 41
1.0
 10
-35.92159385085585
 20
-10.5805384185008
 30
0.0
 41
1.0
 10
-34.27850057081697
 20
-11.65521973397292
 30
0.0
 41
1.0
 10
-32.69877195242704
 20
-12.21988951596999
 30
0.0
 41
1.0
 10
-31.1873753169959
 20
-12.23456662838922
 30
0.0
 41
1.0
 10
-29.74664558447097
 20
-11.68045769216921
 30
0.0
 41
1.0
 10
-28.37335241660943
 20
-10.58356315798018
 30
0.0
 41
1.0
 10
-27.06222480393325
 20
-8.986308496993105
 30
0.0
 41
1.0
 10
-26.0588837568289
 20
-7.341791574639893
 30
0.0
 41
1.0
 10
-25.330363597011
 20
-5.915347606184457
 30
0.0
 41
1.0
 10
-24.85516936402149
 20
-4.879985923063071
 30
0.0
 41
1.0
 10
-24.62019382530521
 20
-4.341204441673257
 30
0.0
 41
1.0
  0
SPLINE
  5
A6
330
70
100
AcDbEntity
  8
Spin blade V1 Harvest v1_Sketch1
100
AcDbSpline
210
0.0
220
0.0
230
1.0
 70
    12
 71
     5
 72
    21
 73
    15
 74
     0
 42
0.000000001
 43
0.0000000001
 40
0.0
 40
0.0
 40
0.0
 40
0.0
 40
0.0
 40
0.0
 40
0.1
 40
0.2
 40
0.3
 40
0.4
 40
0.5
 40
0.6
 40
0.7
 40
0.8
 40
0.9
 40
1.0
 40
1.0
 40
1.0
 40
1.0
 40
1.0
 40
1.0
 10
34.64101615137753
 20
-20.00000000000001
 30
0.0
 41
1.0
 10
34.65044772385352
 20
-19.4341024741262
 30
0.0
 41
1.0
 10
34.64563015935833
 20
-18.33888734352048
 30
0.0
 41
1.0
 10
34.56736298455854
 20
-16.80580240247033
 30
0.0
 41
1.0
 10
34.31857635664969
 20
-14.98479278682293
 30
0.0
 41
1.0
 10
33.75068571389689
 20
-13.10537913501351
 30
0.0
 41
1.0
 10
32.90350612357538
 20
-11.65738700374916
 30
0.0
 41
1.0
 10
31.75514339566369
 20
-10.67463665276233
 30
0.0
 41
1.0
 10
30.29530603140786
 20
-10.1730255032622
 30
0.0
 41
1.0
 10
28.53823221568467
 20
-10.13055963309671
 30
0.0
 41
1.0
 10
26.50715468817767
 20
-10.51135110624561
 30
0.0
 41
1.0
 10
24.68147575288173
 20
-11.12618896286081
 30
0.0
 41
1.0
 10
23.20649642391782
 20
-11.75062470617888
 30
0.0
 41
1.0
 10
22.17695886087939
 20
-12.23830880499218
 30
0.0
 41
1.0
 10
21.65063509461096
 20
-12.5
 30
0.0
 41
1.0
  0
SPLINE
  5
A7
330
70
100
AcDbEntity
  8
Spin blade V1 Harvest v1_Sketch1
100
AcDbSpline
210
0.0
220
0.0
230
1.0
 70
    12
 71
     5
 72
    21
 73
    15
 74
     0
 42
0.000000001
 43
0.0000000001
 40
0.0
 40
0.0
 40
0.0
 40
0.0
 40
0.0
 40
0.0
 40
0.1
 40
0.2
 40
0.3
 40
0.4
 40
0.5
 40
0.6
 40
0.7
 40
0.8
 40
0.9
 40
1.0
 40
1.0
 40
1.0
 40
1.0
 40
1.0
 40
1.0
 10
-25.71150438746158
 20
-30.64177772475911
 30
0.0
 41
1.0
 10
-25.15584189194362
 20
-30.74933308457076
 30
0.0
 41
1.0
 10
-24.07642897881145
 20
-30.93477082128819
 30
0.0
 41
1.0
 10
-22.55304409056387
 20
-31.12391010696098
 30
0.0
 41
1.0
 10
-20.71649835820025
 20
-31.19511810822171
 30
0.0
 41
1.0
 10
-18.76702404755322
 20
-30.96221175609471
 30
0.0
 41
1.0
 10
-17.19391897836748
 20
-30.37934392222249
 30
0.0
 41
1.0
 10
-16.02668771843768
 20
-29.41908021205522
 30
0.0
 41
1.0
 10
-15.27919907141947
 20
-28.06852491960729
 30
0.0
 41
1.0
 10
-14.93226568711548
 20
-26.34551912423562
 30
0.0
 41
1.0
 10
-14.95457917080161
 20
-24.27917448279445
 30
0.0
 41
1.0
 10
-15.24305043872263
 20
-22.37446623944205
 30
0.0
 41
1.0
 10
-15.60187212742923
 20
-20.81346303184838
 30
0.0
 41
1.0
 10
-15.90336988730005
 20
-19.71488100271477
 30
0.0
 41
1.0
 10
-16.06969024216349
 20
-19.15111107797444
 30
0.0
 41
1.0
  0
LINE
  5
A8
330
70
100
AcDbEntity
  8
Spin blade V1 Harvest v1_Sketch1
100
AcDbLine
 10
-1.75
 20
0.0
 30
0.0
 11
-1.75
 21
-2.000000029802322
 31
0.0
  0
ARC
  5
A9
330
70
100
AcDbEntity
  8
Spin blade V1 Harvest v1_Sketch1
100
AcDbCircle
 10
0.0
 20
0.0
 30
0.0
 40
2.649999999999999
100
AcDbArc
 50
228.6713413536566
 51
311.3286586463434
  0
SPLINE
  5
AA
330
70
100
AcDbEntity
  8
Spin blade V1 Harvest v1_Sketch1
100
AcDbSpline
210
0.0
220
0.0
230
1.0
 70
    12
 71
     5
 72
    21
 73
    15
 74
     0
 42
0.000000001
 43
0.0000000001
 40
0.0
 40
0.0
 40
0.0
 40
0.0
 40
0.0
 40
0.0
 40
0.1
 40
0.2
 40
0.3
 40
0.4
 40
0.5
 40
0.6
 40
0.7
 40
0.8
 40
0.9
 40
1.0
 40
1.0
 40
1.0
 40
1.0
 40
1.0
 40
1.0
 10
25.71150438746159
 20
30.64177772475912
 30
0.0
 41
1.0
 10
25.15584189194362
 20
30.74933308457077
 30
0.0
 41
1.0
 10
24.07642897881145
 20
30.93477082128821
 30
0.0
 41
1.0
 10
22.55304409056387
 20
31.12391010696099
 30
0.0
 41
1.0
 10
20.71649835820025
 20
31.19511810822171
 30
0.0
 41
1.0
 10
18.76702404755322
 20
30.96221175609472
 30
0.0
 41
1.0
 10
17.19391897836748
 20
30.37934392222251
 30
0.0
 41
1.0
 10
16.02668771843769
 20
29.41908021205522
 30
0.0
 41
1.0
 10
15.27919907141947
 20
28.06852491960729
 30
0.0
 41
1.0
 10
14.93226568711548
 20
26.34551912423563
 30
0.0
 41
1.0
 10
14.95457917080161
 20
24.27917448279445
 30
0.0
 41
1.0
 10
15.24305043872263
 20
22.37446623944205
 30
0.0
 41
1.0
 10
15.60187212742923
 20
20.81346303184838
 30
0.0
 41
1.0
 10
15.90336988730006
 20
19.71488100271477
 30
0.0
 41
1.0
 10
16.06969024216349
 20
19.15111107797445
 30
0.0
 41
1.0
  0
SPLINE
  5
AB
330
70
100
AcDbEntity
  8
Spin blade V1 Harvest v1_Sketch1
100
AcDbSpline
210
0.0
220
0.0
230
1.0
 70
    12
 71
     5
 72
    21
 73
    15
 74
     0
 42
0.000000001
 43
0.0000000001
 40
0.0
 40
0.0
 40
0.0
 40
0.0
 40
0.0
 40
0.0
 40
0.1
 40
0.2
 40
0.3
 40
0.4
 40
0.5
 40
0.6
 40
0.7
 40
0.8
 40
0.9
 40
1.0
 40
1.0
 40
1.0
 40
1.0
 40
1.0
 40
1.0
 10
13.68080573302677
 20
37.58770483143633
 30
0.0
 41
1.0
 10
13.28710070209502
 20
37.36669356508748
 30
0.0
 41
1.0
 10
12.5425985125514
 20
36.90957234295677
 30
0.0
 41
1.0
 10
11.55457183650851
 20
36.17859338885976
 30
0.0
 41
1.0
 10
10.49886612904113
 20
35.11187910852658
 30
0.0
 41
1.0
 10
9.641561619730211
 20
33.61579953306031
 30
0.0
 41
1.0
 10
9.276783678177698
 20
31.94640664043082
 30
0.0
 41
1.0
 10
9.424601862941303
 20
30.09663822933628
 30
0.0
 41
1.0
 10
10.06624466483478
 20
28.07309973537665
 30
0.0
 41
1.0
 10
11.15878858863642
 20
25.89089534546775
 30
0.0
 41
1.0
 10
12.65581899974917
 20
23.56635773039891
 30
0.0
 41
1.0
 10
14.14535140913101
 20
21.6040092043527
 30
0.0
 41
1.0
 10
15.41531003442102
 20
20.07847631488708
 30
0.0
 41
1.0
 10
16.32875130774564
 20
19.03794761784331
 30
0.0
 41
1.0
 10
16.80217330945104
 20
18.51180628893818
 30
0.0
 41
1.0
  0
LINE
  5
AC
330
70
100
AcDbEntity
  8
Spin blade V1 Harvest v1_Sketch1
100
AcDbLine
 10
1.75
 20
0.0
 30
0.0
 11
1.75
 21
-1.989974874213238
 31
0.0
  0
SPLINE
  5
AD
330
70
100
AcDbEntity
  8
Spin blade V1 Harvest v1_Sketch1
100
AcDbSpline
210
0.0
220
0.0
230
1.0
 70
    12
 71
     5
 72
    21
 73
    15
 74
     0
 42
0.000000001
 43
0.0000000001
 40
0.0
 40
0.0
 40
0.0
 40
0.0
 40
0.0
 40
0.0
 40
0.1
 40
0.2
 40
0.3
 40
0.4
 40
0.5
 40
0.6
 40
0.7
 40
0.8
 40
0.9
 40
1.0
 40
1.0
 40
1.0
 40
1.0
 40
1.0
 40
1.0
 10
13.68080573302677
 20
37.58770483143633
 30
0.0
 41
1.0
 10
13.12186768676284
 20
37.49872604301955
 30
0.0
 41
1.0
 10
12.04412789622143
 20
37.30379955657112
 30
0.0
 41
1.0
 10
10.54792491252409
 20
36.96050402979997
 30
0.0
 41
1.0
 10
8.797781869289027
 20
36.39928202851843
 30
0.0
 41
1.0
 10
7.045533909098252
 20
35.51366216495333
 30
0.0
 41
1.0
 10
5.766651223944403
 20
34.42791194134089
 30
0.0
 41
1.0
 10
4.998242154019582
 20
33.12634261607282
 30
0.0
 41
1.0
 10
4.757749702987608
 20
31.60157959960866
 30
0.0
 41
1.0
 10
5.021041650936838
 20
29.86382556230244
 30
0.0
 41
1.0
 10
5.748740957326656
 20
27.92972841162809
 30
0.0
 41
1.0
 10
6.671263865485764
 20
26.23855111499944
 30
0.0
 41
1.0
 10
7.54234049933431
 20
24.89441216520032
 30
0.0
 41
1.0
 10
8.201392902527688
 20
23.96520104613885
 30
0.0
 41
1.0
 10
8.550503583141734
 20
23.4923155196477
 30
0.0
 41
1.0
  0
LINE
  5
AE
330
70
100
AcDbEntity
  8
Spin blade V1 Harvest v1_Sketch1
100
AcDbLine
 10
0.0
 20
0.0
 30
0.0
 11
-1.75
 21
0.0
 31
0.0
  0
LINE
  5
AF
330
70
100
AcDbEntity
  8
Spin blade V1 Harvest v1_Sketch1
100
AcDbLine
 10
0.0
 20
0.0
 30
0.0
 11
1.75
 21
0.0
 31
0.0
  0
LINE
  5
B0
330
70
100
AcDbEntity
  8
Spin blade V1 Harvest v1_Sketch1
100
AcDbLine
 10
1.75
 20
0.0
 30
0.0
 11
1.75
 21
1.989974874213239
 31
0.0
  0
LINE
  5
B1
330
70
100
AcDbEntity
  8
Spin blade V1 Harvest v1_Sketch1
100
AcDbLine
 10
-1.75
 20
0.0
 30
0.0
 11
-1.75
 21
1.989974874213239
 31
0.0
  0
ARC
  5
B2
330
70
100
AcDbEntity
  8
Spin blade V1 Harvest v1_Sketch1
100
AcDbCircle
 10
0.0
 20
0.0
 30
0.0
 40
2.65
100
AcDbArc
 50
48.6713413536566
 51
131.3286586463434
  0
SPLINE
  5
B3
330
70
100
AcDbEntity
  8
Spin blade V1 Harvest v1_Sketch1
100
AcDbSpline
210
0.0
220
0.0
230
1.0
 70
    12
 71
     5
 72
    21
 73
    15
 74
     0
 42
0.000000001
 43
0.0000000001
 40
0.0
 40
0.0
 40
0.0
 40
0.0
 40
0.0
 40
0.0
 40
0.1
 40
0.2
 40
0.3
 40
0.4
 40
0.5
 40
0.6
 40
0.7
 40
0.8
 40
0.9
 40
1.0
 40
1.0
 40
1.0
 40
1.0
 40
1.0
 40
1.0
 10
25.71150438746159
 20
30.64177772475912
 30
0.0
 41
1.0
 10
25.2659523701355
 20
30.56875011976788
 30
0.0
 41
1.0
 10
24.41000449055206
 20
30.39383142610099
 30
0.0
 41
1.0
 10
23.23155358728663
 20
30.044860922336
 30
0.0
 41
1.0
 10
21.87467695321087
 20
29.40355000199768
 30
0.0
 41
1.0
 10
20.55738488121733
 20
28.29091047597178
 30
0.0
 41
1.0
 10
19.64363974491098
 20
26.84695569742724
 30
0.0
 41
1.0
 10
19.14988534526945
 20
25.05818517461983
 30
0.0
 41
1.0
 10
19.06074142566007
 20
22.93722622090225
 30
0.0
 41
1.0
 10
19.34103903053841
 20
20.51295282925001
 30
0.0
 41
1.0
 10
19.95274877268141
 20
17.81658742985888
 30
0.0
 41
1.0
 10
20.68128866206573
 20
15.46313291237814
 30
0.0
 41
1.0
 10
21.35289643345112
 20
13.59524948234174
 30
0.0
 41
1.0
 10
21.85536868341817
 20
12.30505702879167
 30
0.0
 41
1.0
 10
22.12028891221674
 20
11.64872604365221
 30
0.0
 41
1.0
  0
ENDSEC
  0
SECTION
  2
OBJECTS
  0
DICTIONARY
  5
C
330
0
100
AcDbDictionary
281
     1
  3
ACAD_COLOR
350
63
  3
ACAD_DETAILVIEWSTYLE
350
6A
  3
ACAD_GROUP
350
D
  3
ACAD_LAYOUT
350
62
  3
ACAD_MATERIAL
350
10
  3
ACAD_MLEADERSTYLE
350
66
  3
ACAD_MLINESTYLE
350
5F
  3
ACAD_PLOTSETTINGS
350
61
  3
ACAD_PLOTSTYLENAME
350
E
  3
ACAD_SCALELIST
350
42
  3
ACAD_SECTIONVIEWSTYLE
350
68
  3
ACAD_TABLESTYLE
350
64
  3
ACAD_VISUALSTYLE
350
29
  3
ACDB_RECOMPOSE_DATA
350
BC
  3
AcDbVariableDictionary
350
B4
  0
DICTIONARY
  5
63
102
{ACAD_REACTORS
330
C
102
}
330
C
100
AcDbDictionary
281
     1
  0
DICTIONARY
  5
6A
102
{ACAD_REACTORS
330
C
102
}
330
C
100
AcDbDictionary
281
     1
  3
Imperial24
350
6B
  0
DICTIONARY
  5
D
102
{ACAD_REACTORS
330
C
102
}
330
C
100
AcDbDictionary
281
     1
  0
DICTIONARY
  5
62
102
{ACAD_REACTORS
330
C
102
}
330
C
100
AcDbDictionary
281
     1
  3
Layout1
350
6F
  3
Layout2
350
77
  3
Model
350
73
  0
DICTIONARY
  5
10
102
{ACAD_REACTORS
330
C
102
}
330
C
100
AcDbDictionary
281
     1
  3
ByBlock
350
19
  3
ByLayer
350
11
  3
Global
350
21
  3
Steel - Satin
350
7A
  0
DICTIONARY
  5
66
102
{ACAD_REACTORS
330
C
102
}
330
C
100
AcDbDictionary
281
     1
  3
Standard
350
67
  0
DICTIONARY
  5
5F
102
{ACAD_REACTORS
330
C
102
}
330
C
100
AcDbDictionary
281
     1
  3
Standard
350
60
  0
DICTIONARY
  5
61
102
{ACAD_REACTORS
330
C
102
}
330
C
100
AcDbDictionary
281
     1
  0
ACDBDICTIONARYWDFLT
  5
E
102
{ACAD_REACTORS
330
C
102
}
330
C
100
AcDbDictionary
281
     1
  3
Normal
350
F
100
AcDbDictionaryWithDefault
340
F
  0
DICTIONARY
  5
42
102
{ACAD_REACTORS
330
C
102
}
330
C
100
AcDbDictionary
281
     1
  3
A0
350
43
  3
A1
350
44
  3
A2
350
45
  3
A3
350
46
  3
A4
350
47
  3
A5
350
48
  3
A6
350
49
  3
A7
350
4A
  3
A8
350
4B
  3
A9
350
4C
  3
B0
350
4D
  3
B1
350
4E
  3
B2
350
4F
  3
B3
350
50
  3
B4
350
51
  3
B5
350
52
  3
B6
350
53
  0
DICTIONARY
  5
68
102
{ACAD_REACTORS
330
C
102
}
330
C
100
AcDbDictionary
281
     1
  3
Imperial24
350
69
  0
DICTIONARY
  5
64
102
{ACAD_REACTORS
330
C
102
}
330
C
100
AcDbDictionary
281
     1
  3
Standard
350
65
  0
DICTIONARY
  5
29
102
{ACAD_REACTORS
330
C
102
}
330
C
100
AcDbDictionary
281
     1
  3
2dWireframe
350
2F
  3
Basic
350
2E
  3
Brighten
350
35
  3
ColorChange
350
39
  3
Conceptual
350
32
  3
Dim
350
34
  3
EdgeColorOff
350
41
  3
Facepattern
350
38
  3
Flat
350
2A
  3
FlatWithEdges
350
2B
  3
Gouraud
350
2C
  3
GouraudWithEdges
350
2D
  3
Hidden
350
31
  3
JitterOff
350
3F
  3
Linepattern
350
37
  3
OverhangOff
350
40
  3
Realistic
350
33
  3
Shaded
350
3E
  3
Shaded with edges
350
3D
  3
Shades of Gray
350
3A
  3
Sketchy
350
3B
  3
Thicken
350
36
  3
Wireframe
350
30
  3
X-Ray
350
3C
  0
XRECORD
  5
BC
102
{ACAD_REACTORS
330
C
102
}
330
C
100
AcDbXrecord
280
     1
 90
        1
330
65
  0
DICTIONARY
  5
B4
102
{ACAD_REACTORS
330
C
102
}
330
C
100
AcDbDictionary
281
     1
  3
CANNOSCALE
350
B9
  3
CMLEADERSTYLE
350
B6
  3
CTABLESTYLE
350
B5
  3
CVIEWDETAILSTYLE
350
B7
  3
CVIEWSECTIONSTYLE
350
B8
  0
ACDBDETAILVIEWSTYLE
  5
6B
102
{ACAD_XDICTIONARY
360
BF
102
}
102
{ACAD_REACTORS
330
6A
102
}
330
6A
100
AcDbModelDocViewStyle
 70
     0
  3
Imperial24
290
     0
100
AcDbDetailViewStyle
 70
     0
 71
     0
 90
        3
 71
     1
340
55
 62
   256
 40
0.24
340
0
 62
   256
 40
0.24
300

 40
0.36
280
     3
 71
     2
340
5D
 90
       25
 62
   256
 71
     3
340
55
 62
   256
 40
0.24
 90
        1
 40
0.75
 90
        1
300
%<\AcVar ViewType \f "%tc1">% %<\AcVar ViewDetailId>%\PSCALE %<\AcVar ViewScale \f "%sn">%
 71
     4
340
5D
 90
       25
 62
   256
340
5D
 90
       25
 62
   256
280
     0
  0
LAYOUT
  5
6F
102
{ACAD_REACTORS
330
62
102
}
330
62
100
AcDbPlotSettings
  1

  2

  4

  6

 40
0.0
 41
0.0
 42
0.0
 43
0.0
 44
0.0
 45
0.0
 46
0.0
 47
0.0
 48
0.0
 49
0.0
140
0.0
141
0.0
142
1.0
143
1.0
 70
   688
 72
     0
 73
     0
 74
     5
  7

 75
    16
147
1.0
 76
     0
 77
     2
 78
   300
148
0.0
149
0.0
100
AcDbLayout
  1
Layout1
 70
     1
 71
     1
 10
0.0
 20
0.0
 11
12.0
 21
9.0
 12
0.0
 22
0.0
 32
0.0
 14
0.0
 24
0.0
 34
0.0
 15
0.0
 25
0.0
 35
0.0
146
0.0
 13
0.0
 23
0.0
 33
0.0
 16
1.0
 26
0.0
 36
0.0
 17
0.0
 27
1.0
 37
0.0
 76
     0
330
6C
  0
LAYOUT
  5
77
102
{ACAD_REACTORS
330
62
102
}
330
62
100
AcDbPlotSettings
  1

  2

  4

  6

 40
0.0
 41
0.0
 42
0.0
 43
0.0
 44
0.0
 45
0.0
 46
0.0
 47
0.0
 48
0.0
 49
0.0
140
0.0
141
0.0
142
1.0
143
1.0
 70
   688
 72
     0
 73
     0
 74
     5
  7

 75
    16
147
1.0
 76
     0
 77
     2
 78
   300
148
0.0
149
0.0
100
AcDbLayout
  1
Layout2
 70
     1
 71
     2
 10
0.0
 20
0.0
 11
12.0
 21
9.0
 12
0.0
 22
0.0
 32
0.0
 14
0.0
 24
0.0
 34
0.0
 15
0.0
 25
0.0
 35
0.0
146
0.0
 13
0.0
 23
0.0
 33
0.0
 16
1.0
 26
0.0
 36
0.0
 17
0.0
 27
1.0
 37
0.0
 76
     0
330
74
  0
LAYOUT
  5
73
102
{ACAD_REACTORS
330
62
102
}
330
62
100
AcDbPlotSettings
  1

  2

  4

  6

 40
0.0
 41
0.0
 42
0.0
 43
0.0
 44
0.0
 45
0.0
 46
0.0
 47
0.0
 48
0.0
 49
0.0
140
0.0
141
0.0
142
1.0
143
1.0
 70
  1712
 72
     0
 73
     0
 74
     0
  7

 75
     0
147
1.0
 76
     0
 77
     2
 78
   300
148
0.0
149
0.0
100
AcDbLayout
  1
Model
 70
     1
 71
     0
 10
0.0
 20
0.0
 11
12.0
 21
9.0
 12
0.0
 22
0.0
 32
0.0
 14
0.0
 24
0.0
 34
0.0
 15
0.0
 25
0.0
 35
0.0
146
0.0
 13
0.0
 23
0.0
 33
0.0
 16
1.0
 26
0.0
 36
0.0
 17
0.0
 27
1.0
 37
0.0
 76
     0
330
70
  0
MATERIAL
  5
19
102
{ACAD_XDICTIONARY
360
1A
102
}
102
{ACAD_REACTORS
330
10
102
}
330
10
100
AcDbMaterial
  1
ByBlock
 72
     0
 43
0.0208333333333333
 43
0.0
 43
0.0
 43
0.0
 43
0.0
 43
0.0208333333333333
 43
0.0
 43
0.0
 43
0.0
 43
0.0
 43
1.0
 43
0.0
 43
0.0
 43
0.0
 43
0.0
 43
1.0
 77
     0
 47
0.0208333333333333
 47
0.0
 47
0.0
 47
0.0
 47
0.0
 47
0.0208333333333333
 47
0.0
 47
0.0
 47
0.0
 47
0.0
 47
1.0
 47
0.0
 47
0.0
 47
0.0
 47
0.0
 47
1.0
171
     0
 49
0.0208333333333333
 49
0.0
 49
0.0
 49
0.0
 49
0.0
 49
0.0208333333333333
 49
0.0
 49
0.0
 49
0.0
 49
0.0
 49
1.0
 49
0.0
 49
0.0
 49
0.0
 49
0.0
 49
1.0
175
     0
142
0.0208333333333333
142
0.0
142
0.0
142
0.0
142
0.0
142
0.0208333333333333
142
0.0
142
0.0
142
0.0
142
0.0
142
1.0
142
0.0
142
0.0
142
0.0
142
0.0
142
1.0
179
     0
144
0.0208333333333333
144
0.0
144
0.0
144
0.0
144
0.0
144
0.0208333333333333
144
0.0
144
0.0
144
0.0
144
0.0
144
1.0
144
0.0
144
0.0
144
0.0
144
0.0
144
1.0
147
0.0208333333333333
147
0.0
147
0.0
147
0.0
147
0.0
147
0.0208333333333333
147
0.0
147
0.0
147
0.0
147
0.0
147
1.0
147
0.0
147
0.0
147
0.0
147
0.0
147
1.0
  0
MATERIAL
  5
11
102
{ACAD_XDICTIONARY
360
12
102
}
102
{ACAD_REACTORS
330
10
102
}
330
10
100
AcDbMaterial
  1
ByLayer
 72
     0
 43
0.0208333333333333
 43
0.0
 43
0.0
 43
0.0
 43
0.0
 43
0.0208333333333333
 43
0.0
 43
0.0
 43
0.0
 43
0.0
 43
1.0
 43
0.0
 43
0.0
 43
0.0
 43
0.0
 43
1.0
 77
     0
 47
0.0208333333333333
 47
0.0
 47
0.0
 47
0.0
 47
0.0
 47
0.0208333333333333
 47
0.0
 47
0.0
 47
0.0
 47
0.0
 47
1.0
 47
0.0
 47
0.0
 47
0.0
 47
0.0
 47
1.0
171
     0
 49
0.0208333333333333
 49
0.0
 49
0.0
 49
0.0
 49
0.0
 49
0.0208333333333333
 49
0.0
 49
0.0
 49
0.0
 49
0.0
 49
1.0
 49
0.0
 49
0.0
 49
0.0
 49
0.0
 49
1.0
175
     0
142
0.0208333333333333
142
0.0
142
0.0
142
0.0
142
0.0
142
0.0208333333333333
142
0.0
142
0.0
142
0.0
142
0.0
142
1.0
142
0.0
142
0.0
142
0.0
142
0.0
142
1.0
179
     0
144
0.0208333333333333
144
0.0
144
0.0
144
0.0
144
0.0
144
0.0208333333333333
144
0.0
144
0.0
144
0.0
144
0.0
144
1.0
144
0.0
144
0.0
144
0.0
144
0.0
144
1.0
147
0.0208333333333333
147
0.0
147
0.0
147
0.0
147
0.0
147
0.0208333333333333
147
0.0
147
0.0
147
0.0
147
0.0
147
1.0
147
0.0
147
0.0
147
0.0
147
0.0
147
1.0
  0
MATERIAL
  5
21
102
{ACAD_XDICTIONARY
360
22
102
}
102
{ACAD_REACTORS
330
10
102
}
330
10
100
AcDbMaterial
  1
Global
 72
     0
 43
0.0208333333333333
 43
0.0
 43
0.0
 43
0.0
 43
0.0
 43
0.0208333333333333
 43
0.0
 43
0.0
 43
0.0
 43
0.0
 43
1.0
 43
0.0
 43
0.0
 43
0.0
 43
0.0
 43
1.0
 77
     0
 47
0.0208333333333333
 47
0.0
 47
0.0
 47
0.0
 47
0.0
 47
0.0208333333333333
 47
0.0
 47
0.0
 47
0.0
 47
0.0
 47
1.0
 47
0.0
 47
0.0
 47
0.0
 47
0.0
 47
1.0
171
     0
 49
0.0208333333333333
 49
0.0
 49
0.0
 49
0.0
 49
0.0
 49
0.0208333333333333
 49
0.0
 49
0.0
 49
0.0
 49
0.0
 49
1.0
 49
0.0
 49
0.0
 49
0.0
 49
0.0
 49
1.0
175
     0
142
0.0208333333333333
142
0.0
142
0.0
142
0.0
142
0.0
142
0.0208333333333333
142
0.0
142
0.0
142
0.0
142
0.0
142
1.0
142
0.0
142
0.0
142
0.0
142
0.0
142
1.0
179
     0
144
0.0208333333333333
144
0.0
144
0.0
144
0.0
144
0.0
144
0.0208333333333333
144
0.0
144
0.0
144
0.0
144
0.0
144
1.0
144
0.0
144
0.0
144
0.0
144
0.0
144
1.0
147
0.0208333333333333
147
0.0
147
0.0
147
0.0
147
0.0
147
0.0208333333333333
147
0.0
147
0.0
147
0.0
147
0.0
147
1.0
147
0.0
147
0.0
147
0.0
147
0.0
147
1.0
  0
MATERIAL
  5
7A
102
{ACAD_XDICTIONARY
360
7B
102
}
102
{ACAD_REACTORS
330
10
102
}
330
10
100
AcDbMaterial
  1
Steel - Satin
 70
     1
 90
-1029726305
 71
     1
 91
-1029726305
 42
0.0
 72
     0
 44
0.7015873193740845
 76
     1
 92
-1029726305
 77
     0
171
     0
175
     0
143
0.5149999856948853
179
     0
145
1.399999976158142
148
0.5
468
0.6262096762657166
 93
        1
 94
        0
1001
ACAD
1070
    -1
1070
     3
1070
     0
1000

1071
        0
1070
     0
  0
MLEADERSTYLE
  5
67
102
{ACAD_REACTORS
330
66
102
}
330
66
100
AcDbMLeaderStyle
179
     2
170
     2
171
     1
172
     0
 90
        2
 40
0.0
 41
0.0
173
     1
 91
-1056964608
340
5B
 92
       -2
290
     1
 42
0.09
291
     1
 43
0.36
  3
Standard
 44
0.18
300

342
55
174
     1
178
     6
175
     1
176
     0
 93
-1056964608
 45
0.18
292
     0
297
     0
 46
0.18
 94
-1056964608
 47
1.0
 49
1.0
140
1.0
293
     1
141
0.0
294
     1
177
     0
142
1.0
295
     0
296
     0
143
0.125
271
     0
272
     9
273
     9
298
     1
  0
MLINESTYLE
  5
60
102
{ACAD_REACTORS
330
5F
102
}
330
5F
100
AcDbMlineStyle
  2
STANDARD
 70
     0
  3

 62
   256
 51
90.0
 52
90.0
 71
     2
 49
0.5
 62
   256
  6
BYLAYER
 49
-0.5
 62
   256
  6
BYLAYER
  0
ACDBPLACEHOLDER
  5
F
102
{ACAD_REACTORS
330
E
102
}
330
E
  0
SCALE
  5
43
102
{ACAD_REACTORS
330
42
102
}
330
42
100
AcDbScale
 70
     0
300
1:1
140
1.0
141
1.0
290
     1
  0
SCALE
  5
44
102
{ACAD_REACTORS
330
42
102
}
330
42
100
AcDbScale
 70
     0
300
1/128" = 1'-0"
140
0.0078125
141
12.0
290
     0
  0
SCALE
  5
45
102
{ACAD_REACTORS
330
42
102
}
330
42
100
AcDbScale
 70
     0
300
1/64" = 1'-0"
140
0.015625
141
12.0
290
     0
  0
SCALE
  5
46
102
{ACAD_REACTORS
330
42
102
}
330
42
100
AcDbScale
 70
     0
300
1/32" = 1'-0"
140
0.03125
141
12.0
290
     0
  0
SCALE
  5
47
102
{ACAD_REACTORS
330
42
102
}
330
42
100
AcDbScale
 70
     0
300
1/16" = 1'-0"
140
0.0625
141
12.0
290
     0
  0
SCALE
  5
48
102
{ACAD_REACTORS
330
42
102
}
330
42
100
AcDbScale
 70
     0
300
3/32" = 1'-0"
140
0.09375
141
12.0
290
     0
  0
SCALE
  5
49
102
{ACAD_REACTORS
330
42
102
}
330
42
100
AcDbScale
 70
     0
300
1/8" = 1'-0"
140
0.125
141
12.0
290
     0
  0
SCALE
  5
4A
102
{ACAD_REACTORS
330
42
102
}
330
42
100
AcDbScale
 70
     0
300
3/16" = 1'-0"
140
0.1875
141
12.0
290
     0
  0
SCALE
  5
4B
102
{ACAD_REACTORS
330
42
102
}
330
42
100
AcDbScale
 70
     0
300
1/4" = 1'-0"
140
0.25
141
12.0
290
     0
  0
SCALE
  5
4C
102
{ACAD_REACTORS
330
42
102
}
330
42
100
AcDbScale
 70
     0
300
3/8" = 1'-0"
140
0.375
141
12.0
290
     0
  0
SCALE
  5
4D
102
{ACAD_REACTORS
330
42
102
}
330
42
100
AcDbScale
 70
     0
300
1/2" = 1'-0"
140
0.5
141
12.0
290
     0
  0
SCALE
  5
4E
102
{ACAD_REACTORS
330
42
102
}
330
42
100
AcDbScale
 70
     0
300
3/4" = 1'-0"
140
0.75
141
12.0
290
     0
  0
SCALE
  5
4F
102
{ACAD_REACTORS
330
42
102
}
330
42
100
AcDbScale
 70
     0
300
1" = 1'-0"
140
1.0
141
12.0
290
     0
  0
SCALE
  5
50
102
{ACAD_REACTORS
330
42
102
}
330
42
100
AcDbScale
 70
     0
300
1-1/2" = 1'-0"
140
1.5
141
12.0
290
     0
  0
SCALE
  5
51
102
{ACAD_REACTORS
330
42
102
}
330
42
100
AcDbScale
 70
     0
300
3" = 1'-0"
140
3.0
141
12.0
290
     0
  0
SCALE
  5
52
102
{ACAD_REACTORS
330
42
102
}
330
42
100
AcDbScale
 70
     0
300
6" = 1'-0"
140
6.0
141
12.0
290
     0
  0
SCALE
  5
53
102
{ACAD_REACTORS
330
42
102
}
330
42
100
AcDbScale
 70
     0
300
1'-0" = 1'-0"
140
12.0
141
12.0
290
     0
  0
ACDBSECTIONVIEWSTYLE
  5
69
102
{ACAD_XDICTIONARY
360
BD
102
}
102
{ACAD_REACTORS
330
68
102
}
330
68
100
AcDbModelDocViewStyle
 70
     0
  3
Imperial24
290
     0
100
AcDbSectionViewStyle
 70
     0
 71
     0
 90
       78
 71
     1
340
55
 62
   256
 40
0.24
340
0
340
0
 62
   256
 40
0.24
300
I, O, Q, S, X, Z
 40
0.48
 90
        3
 40
0.18
 90
        1
 71
     2
340
5D
 90
       25
 62
   256
340
5D
 90
       50
 62
   256
 40
0.24
 40
0.0
 40
0.24
 71
     3
340
55
 62
   256
 40
0.24
 90
        1
 40
0.75
 90
        1
300
%<\AcVar ViewType \f "%tc1">% %<\AcVar ViewSectionStartId>%-%<\AcVar ViewSectionEndId>%\PSCALE %<\AcVar ViewScale \f "%sn">%
 71
     4
 62
   256
 62
   257
300
ANSI31
 40
1.0
 90
        0
290
     0
290
     0
 90
        6
 40
0.0
 40
1.570796326794896
 40
0.2617993877991494
 40
1.308996938995747
 40
-0.2617993877991494
 40
1.832595714594046
  0
TABLESTYLE
  5
65
102
{ACAD_XDICTIONARY
360
BA
102
}
102
{ACAD_REACTORS
330
64
102
}
330
64
100
AcDbTableStyle
280
     0
  3
Standard
 70
     0
 71
     0
 40
0.06
 41
0.06
280
     0
281
     0
  7
Standard
140
0.18
170
     2
 62
     0
 63
     7
283
     0
 90
      512
 91
        0
  1

274
    -2
284
     1
 64
     0
275
    -2
285
     1
 65
     0
276
    -2
286
     1
 66
     0
277
    -2
287
     1
 67
     0
278
    -2
288
     1
 68
     0
279
    -2
289
     1
 69
     0
  7
Standard
140
0.25
170
     5
 62
     0
 63
     7
283
     0
 90
      512
 91
        0
  1

274
    -2
284
     1
 64
     0
275
    -2
285
     1
 65
     0
276
    -2
286
     1
 66
     0
277
    -2
287
     1
 67
     0
278
    -2
288
     1
 68
     0
279
    -2
289
     1
 69
     0
  7
Standard
140
0.18
170
     5
 62
     0
 63
     7
283
     0
 90
      512
 91
        0
  1

274
    -2
284
     1
 64
     0
275
    -2
285
     1
 65
     0
276
    -2
286
     1
 66
     0
277
    -2
287
     1
 67
     0
278
    -2
288
     1
 68
     0
279
    -2
289
     1
 69
     0
  0
VISUALSTYLE
  5
2F
102
{ACAD_REACTORS
330
29
102
}
330
29
100
AcDbVisualStyle
  2
2dWireframe
 70
     4
177
     3
291
     0
 70
    58
 90
        0
176
     1
 90
        2
176
     1
 90
        0
176
     1
 90
        0
176
     1
 40
0.6
176
     1
 40
30.0
176
     1
 62
     7
420
 16777215
176
     1
 90
        1
176
     1
 90
        4
176
     1
 62
     7
176
     1
 62
   257
176
     1
 90
        1
176
     1
 90
        1
176
     1
 40
1.0
176
     1
 90
        0
176
     1
 62
   257
176
     1
 40
1.0
176
     1
 90
        1
176
     1
 90
        6
176
     1
 90
        2
176
     1
 62
     7
176
     1
 90
        5
176
     1
 90
        0
176
     1
 90
        0
176
     1
290
     0
176
     1
 90
        1
176
     1
 40
0.0
176
     1
 90
        0
176
     1
290
     1
176
     1
290
     1
176
     1
290
     0
176
     1
290
     0
176
     1
290
     0
176
     1
290
     0
176
     1
290
     0
176
     1
290
     0
176
     1
290
     0
176
     1
 90
       50
176
     1
 40
0.0
176
     1
 40
1.0
176
     1
 90
        0
176
     1
 62
    18
420
        0
176
     1
 90
       50
176
     1
 90
        3
176
     1
 62
     5
420
      255
176
     1
290
     0
176
     1
 90
       50
176
     1
 90
       50
176
     1
 90
       50
176
     1
290
     0
176
     1
 90
       50
176
     1
 62
   256
176
     0
 40
1.0
176
     0
 90
        2
176
     1
  1
strokes_ogs.tif
176
     1
290
     0
176
     1
 40
1.0
176
     1
 40
1.0
176
     1
1001
ACAD
1000
AcDbSavedByObjectVersion
1070
     0
  0
VISUALSTYLE
  5
2E
102
{ACAD_REACTORS
330
29
102
}
330
29
100
AcDbVisualStyle
  2
Basic
 70
     7
177
     3
291
     1
 70
    58
 90
        1
176
     1
 90
        0
176
     1
 90
        1
176
     1
 90
        0
176
     1
 40
0.6
176
     1
 40
30.0
176
     1
 62
     7
420
 16777215
176
     1
 90
        0
176
     1
 90
        4
176
     1
 62
     7
176
     1
 62
   257
176
     1
 90
        1
176
     1
 90
        1
176
     1
 40
1.0
176
     1
 90
        8
176
     1
 62
     7
176
     1
 40
1.0
176
     1
 90
        1
176
     1
 90
        6
176
     1
 90
        2
176
     1
 62
     7
176
     1
 90
        5
176
     1
 90
        0
176
     1
 90
        0
176
     1
290
     0
176
     1
 90
        1
176
     1
 40
0.0
176
     1
 90
        0
176
     1
290
     0
176
     1
290
     1
176
     1
290
     1
176
     1
290
     0
176
     1
290
     0
176
     1
290
     0
176
     1
290
     0
176
     1
290
     0
176
     1
290
     0
176
     1
 90
       50
176
     1
 40
0.0
176
     1
 40
1.0
176
     1
 90
        0
176
     1
 62
    18
420
        0
176
     1
 90
       50
176
     1
 90
        3
176
     1
 62
     5
420
      255
176
     1
290
     0
176
     1
 90
       50
176
     1
 90
       50
176
     1
 90
       50
176
     1
290
     0
176
     1
 90
       50
176
     1
 62
   256
176
     0
 40
1.0
176
     0
 90
        2
176
     1
  1
strokes_ogs.tif
176
     1
290
     0
176
     1
 40
1.0
176
     1
 40
1.0
176
     1
1001
ACAD
1000
AcDbSavedByObjectVersion
1070
     0
  0
VISUALSTYLE
  5
35
102
{ACAD_REACTORS
330
29
102
}
330
29
100
AcDbVisualStyle
  2
Brighten
 70
    12
177
     3
291
     1
 70
    58
 90
        2
176
     1
 90
        2
176
     1
 90
        0
176
     1
 90
        0
176
     1
 40
0.6
176
     1
 40
30.0
176
     1
 62
     7
420
 16777215
176
     1
 90
        1
176
     1
 90
        4
176
     1
 62
     7
176
     1
 62
   257
176
     1
 90
        1
176
     1
 90
        1
176
     1
 40
1.0
176
     1
 90
        8
176
     1
 62
     7
176
     1
 40
1.0
176
     1
 90
        1
176
     1
 90
        6
176
     1
 90
        2
176
     1
 62
     7
176
     1
 90
        5
176
     1
 90
        0
176
     1
 90
        0
176
     1
290
     0
176
     1
 90
        1
176
     1
 40
50.0
176
     1
 90
        0
176
     1
290
     0
176
     1
290
     1
176
     1
290
     1
176
     1
290
     0
176
     1
290
     0
176
     1
290
     0
176
     1
290
     0
176
     1
290
     0
176
     1
290
     0
176
     1
 90
       50
176
     1
 40
0.0
176
     1
 40
1.0
176
     1
 90
        0
176
     1
 62
    18
420
        0
176
     1
 90
       50
176
     1
 90
        3
176
     1
 62
     5
420
      255
176
     1
290
     0
176
     1
 90
       50
176
     1
 90
       50
176
     1
 90
       50
176
     1
290
     0
176
     1
 90
       50
176
     1
 62
   256
176
     0
 40
1.0
176
     0
 90
        2
176
     1
  1
strokes_ogs.tif
176
     1
290
     0
176
     1
 40
1.0
176
     1
 40
1.0
176
     1
1001
ACAD
1000
AcDbSavedByObjectVersion
1070
     0
  0
VISUALSTYLE
  5
39
102
{ACAD_REACTORS
330
29
102
}
330
29
100
AcDbVisualStyle
  2
ColorChange
 70
    16
177
     3
291
     1
 70
    58
 90
        2
176
     1
 90
        2
176
     1
 90
        3
176
     1
 90
        0
176
     1
 40
0.6
176
     1
 40
30.0
176
     1
 62
     8
420
  8421504
176
     1
 90
        1
176
     1
 90
        4
176
     1
 62
     7
176
     1
 62
   257
176
     1
 90
        1
176
     1
 90
        1
176
     1
 40
1.0
176
     1
 90
        8
176
     1
 62
     8
420
  8421504
176
     1
 40
1.0
176
     1
 90
        1
176
     1
 90
        6
176
     1
 90
        2
176
     1
 62
     7
176
     1
 90
        5
176
     1
 90
        0
176
     1
 90
        0
176
     1
290
     0
176
     1
 90
        1
176
     1
 40
0.0
176
     1
 90
        0
176
     1
290
     0
176
     1
290
     1
176
     1
290
     1
176
     1
290
     0
176
     1
290
     0
176
     1
290
     0
176
     1
290
     0
176
     1
290
     0
176
     1
290
     0
176
     1
 90
       50
176
     1
 40
0.0
176
     1
 40
1.0
176
     1
 90
        0
176
     1
 62
    18
420
        0
176
     1
 90
       50
176
     1
 90
        3
176
     1
 62
     5
420
      255
176
     1
290
     0
176
     1
 90
       50
176
     1
 90
       50
176
     1
 90
       50
176
     1
290
     0
176
     1
 90
       50
176
     1
 62
   256
176
     0
 40
1.0
176
     0
 90
        2
176
     1
  1
strokes_ogs.tif
176
     1
290
     0
176
     1
 40
1.0
176
     1
 40
1.0
176
     1
1001
ACAD
1000
AcDbSavedByObjectVersion
1070
     0
  0
VISUALSTYLE
  5
32
102
{ACAD_REACTORS
330
29
102
}
330
29
100
AcDbVisualStyle
  2
Conceptual
 70
     9
177
     3
291
     0
 70
    58
 90
        3
176
     1
 90
        2
176
     1
 90
        0
176
     1
 90
        0
176
     1
 40
0.6
176
     1
 40
30.0
176
     1
 62
     7
420
 16777215
176
     1
 90
        2
176
     1
 90
        2
176
     1
 62
     7
176
     1
 62
   257
176
     1
 90
        1
176
     1
 90
        1
176
     1
 40
179.0
176
     1
 90
        8
176
     1
 62
     7
176
     1
 40
1.0
176
     1
 90
        1
176
     1
 90
        6
176
     1
 90
        2
176
     1
 62
     7
176
     1
 90
        3
176
     1
 90
        0
176
     1
 90
        0
176
     1
290
     0
176
     1
 90
        1
176
     1
 40
0.0
176
     1
 90
        0
176
     1
290
     0
176
     1
290
     1
176
     1
290
     1
176
     1
290
     0
176
     1
290
     0
176
     1
290
     0
176
     1
290
     0
176
     1
290
     0
176
     1
290
     0
176
     1
 90
       50
176
     1
 40
0.0
176
     1
 40
1.0
176
     1
 90
        0
176
     1
 62
    18
420
        0
176
     1
 90
       50
176
     1
 90
        3
176
     1
 62
     5
420
      255
176
     1
290
     0
176
     1
 90
       50
176
     1
 90
       50
176
     1
 90
       50
176
     1
290
     0
176
     1
 90
       50
176
     1
 62
   256
176
     0
 40
1.0
176
     0
 90
        2
176
     1
  1
strokes_ogs.tif
176
     1
290
     0
176
     1
 40
1.0
176
     1
 40
1.0
176
     1
1001
ACAD
1000
AcDbSavedByObjectVersion
1070
     0
  0
VISUALSTYLE
  5
34
102
{ACAD_REACTORS
330
29
102
}
330
29
100
AcDbVisualStyle
  2
Dim
 70
    11
177
     3
291
     1
 70
    58
 90
        2
176
     1
 90
        2
176
     1
 90
        0
176
     1
 90
        0
176
     1
 40
0.6
176
     1
 40
30.0
176
     1
 62
     7
420
 16777215
176
     1
 90
        1
176
     1
 90
        4
176
     1
 62
     7
176
     1
 62
   257
176
     1
 90
        1
176
     1
 90
        1
176
     1
 40
1.0
176
     1
 90
        8
176
     1
 62
     7
176
     1
 40
1.0
176
     1
 90
        1
176
     1
 90
        6
176
     1
 90
        2
176
     1
 62
     7
176
     1
 90
        5
176
     1
 90
        0
176
     1
 90
        0
176
     1
290
     0
176
     1
 90
        1
176
     1
 40
-50.0
176
     1
 90
        0
176
     1
290
     0
176
     1
290
     1
176
     1
290
     1
176
     1
290
     0
176
     1
290
     0
176
     1
290
     0
176
     1
290
     0
176
     1
290
     0
176
     1
290
     0
176
     1
 90
       50
176
     1
 40
0.0
176
     1
 40
1.0
176
     1
 90
        0
176
     1
 62
    18
420
        0
176
     1
 90
       50
176
     1
 90
        3
176
     1
 62
     5
420
      255
176
     1
290
     0
176
     1
 90
       50
176
     1
 90
       50
176
     1
 90
       50
176
     1
290
     0
176
     1
 90
       50
176
     1
 62
   256
176
     0
 40
1.0
176
     0
 90
        2
176
     1
  1
strokes_ogs.tif
176
     1
290
     0
176
     1
 40
1.0
176
     1
 40
1.0
176
     1
1001
ACAD
1000
AcDbSavedByObjectVersion
1070
     0
  0
VISUALSTYLE
  5
41
102
{ACAD_REACTORS
330
29
102
}
330
29
100
AcDbVisualStyle
  2
EdgeColorOff
 70
    22
177
     3
291
     1
 70
    58
 90
        2
176
     0
 90
        2
176
     0
 90
        0
176
     0
 90
        0
176
     0
 40
0.6
176
     0
 40
30.0
176
     0
 62
     7
420
 16777215
176
     0
 90
        1
176
     0
 90
        4
176
     0
 62
     7
176
     0
 62
   257
176
     0
 90
        1
176
     0
 90
        1
176
     0
 40
1.0
176
     0
 90
        8
176
     2
 62
     7
176
     0
 40
1.0
176
     0
 90
        1
176
     0
 90
        6
176
     0
 90
        2
176
     0
 62
     7
176
     0
 90
        5
176
     0
 90
        0
176
     0
 90
        0
176
     0
290
     0
176
     0
 90
        1
176
     0
 40
0.0
176
     0
 90
        0
176
     0
290
     0
176
     0
290
     1
176
     0
290
     1
176
     0
290
     0
176
     0
290
     0
176
     0
290
     0
176
     0
290
     0
176
     0
290
     0
176
     0
290
     0
176
     0
 90
       50
176
     0
 40
0.0
176
     0
 40
1.0
176
     0
 90
        0
176
     0
 62
    18
420
        0
176
     0
 90
       50
176
     0
 90
        3
176
     0
 62
     5
420
      255
176
     0
290
     0
176
     0
 90
       50
176
     0
 90
       50
176
     0
 90
       50
176
     0
290
     0
176
     0
 90
       50
176
     0
 62
   256
176
     0
 40
1.0
176
     0
 90
        2
176
     0
  1
strokes_ogs.tif
176
     0
290
     0
176
     0
 40
1.0
176
     0
 40
1.0
176
     0
1001
ACAD
1000
AcDbSavedByObjectVersion
1070
     0
  0
VISUALSTYLE
  5
38
102
{ACAD_REACTORS
330
29
102
}
330
29
100
AcDbVisualStyle
  2
Facepattern
 70
    15
177
     3
291
     1
 70
    58
 90
        2
176
     1
 90
        2
176
     1
 90
        0
176
     1
 90
        0
176
     1
 40
0.6
176
     1
 40
30.0
176
     1
 62
     7
420
 16777215
176
     1
 90
        1
176
     1
 90
        4
176
     1
 62
     7
176
     1
 62
   257
176
     1
 90
        1
176
     1
 90
        1
176
     1
 40
1.0
176
     1
 90
        8
176
     1
 62
     7
176
     1
 40
1.0
176
     1
 90
        1
176
     1
 90
        6
176
     1
 90
        2
176
     1
 62
     7
176
     1
 90
        5
176
     1
 90
        0
176
     1
 90
        0
176
     1
290
     0
176
     1
 90
        1
176
     1
 40
0.0
176
     1
 90
        0
176
     1
290
     0
176
     1
290
     1
176
     1
290
     1
176
     1
290
     0
176
     1
290
     0
176
     1
290
     0
176
     1
290
     0
176
     1
290
     0
176
     1
290
     0
176
     1
 90
       50
176
     1
 40
0.0
176
     1
 40
1.0
176
     1
 90
        0
176
     1
 62
    18
420
        0
176
     1
 90
       50
176
     1
 90
        3
176
     1
 62
     5
420
      255
176
     1
290
     0
176
     1
 90
       50
176
     1
 90
       50
176
     1
 90
       50
176
     1
290
     0
176
     1
 90
       50
176
     1
 62
   256
176
     0
 40
1.0
176
     0
 90
        2
176
     1
  1
strokes_ogs.tif
176
     1
290
     0
176
     1
 40
1.0
176
     1
 40
1.0
176
     1
1001
ACAD
1000
AcDbSavedByObjectVersion
1070
     0
  0
VISUALSTYLE
  5
2A
102
{ACAD_REACTORS
330
29
102
}
330
29
100
AcDbVisualStyle
  2
Flat
 70
     0
177
     3
291
     1
 70
    58
 90
        2
176
     1
 90
        1
176
     1
 90
        1
176
     1
 90
        2
176
     1
 40
0.6
176
     1
 40
30.0
176
     1
 62
     7
420
 16777215
176
     1
 90
        0
176
     1
 90
        0
176
     1
 62
     7
176
     1
 62
   257
176
     1
 90
        1
176
     1
 90
        1
176
     1
 40
1.0
176
     1
 90
        8
176
     1
 62
     7
176
     1
 40
1.0
176
     1
 90
        1
176
     1
 90
        6
176
     1
 90
        2
176
     1
 62
     7
176
     1
 90
        5
176
     1
 90
        0
176
     1
 90
        0
176
     1
290
     0
176
     1
 90
       13
176
     1
 40
0.0
176
     1
 90
        0
176
     1
290
     0
176
     1
290
     1
176
     1
290
     1
176
     1
290
     0
176
     1
290
     0
176
     1
290
     0
176
     1
290
     0
176
     1
290
     0
176
     1
290
     0
176
     1
 90
       50
176
     1
 40
0.0
176
     1
 40
1.0
176
     1
 90
        0
176
     1
 62
    18
420
        0
176
     1
 90
       50
176
     1
 90
        3
176
     1
 62
     5
420
      255
176
     1
290
     0
176
     1
 90
       50
176
     1
 90
       50
176
     1
 90
       50
176
     1
290
     0
176
     1
 90
       50
176
     1
 62
   256
176
     0
 40
1.0
176
     0
 90
        2
176
     1
  1
strokes_ogs.tif
176
     1
290
     0
176
     1
 40
1.0
176
     1
 40
1.0
176
     1
1001
ACAD
1000
AcDbSavedByObjectVersion
1070
     0
  0
VISUALSTYLE
  5
2B
102
{ACAD_REACTORS
330
29
102
}
330
29
100
AcDbVisualStyle
  2
FlatWithEdges
 70
     1
177
     3
291
     1
 70
    58
 90
        2
176
     1
 90
        1
176
     1
 90
        1
176
     1
 90
        2
176
     1
 40
0.6
176
     1
 40
30.0
176
     1
 62
     7
420
 16777215
176
     1
 90
        1
176
     1
 90
        0
176
     1
 62
     7
176
     1
 62
   257
176
     1
 90
        1
176
     1
 90
        1
176
     1
 40
1.0
176
     1
 90
        0
176
     1
 62
   257
176
     1
 40
1.0
176
     1
 90
        1
176
     1
 90
        6
176
     1
 90
        2
176
     1
 62
     7
176
     1
 90
        5
176
     1
 90
        0
176
     1
 90
        0
176
     1
290
     0
176
     1
 90
       13
176
     1
 40
0.0
176
     1
 90
        0
176
     1
290
     0
176
     1
290
     1
176
     1
290
     1
176
     1
290
     0
176
     1
290
     0
176
     1
290
     0
176
     1
290
     0
176
     1
290
     0
176
     1
290
     0
176
     1
 90
       50
176
     1
 40
0.0
176
     1
 40
1.0
176
     1
 90
        0
176
     1
 62
    18
420
        0
176
     1
 90
       50
176
     1
 90
        3
176
     1
 62
     5
420
      255
176
     1
290
     0
176
     1
 90
       50
176
     1
 90
       50
176
     1
 90
       50
176
     1
290
     0
176
     1
 90
       50
176
     1
 62
   256
176
     0
 40
1.0
176
     0
 90
        2
176
     1
  1
strokes_ogs.tif
176
     1
290
     0
176
     1
 40
1.0
176
     1
 40
1.0
176
     1
1001
ACAD
1000
AcDbSavedByObjectVersion
1070
     0
  0
VISUALSTYLE
  5
2C
102
{ACAD_REACTORS
330
29
102
}
330
29
100
AcDbVisualStyle
  2
Gouraud
 70
     2
177
     3
291
     1
 70
    58
 90
        2
176
     1
 90
        2
176
     1
 90
        1
176
     1
 90
        2
176
     1
 40
0.6
176
     1
 40
30.0
176
     1
 62
     7
420
 16777215
176
     1
 90
        0
176
     1
 90
        0
176
     1
 62
     7
176
     1
 62
   257
176
     1
 90
        1
176
     1
 90
        1
176
     1
 40
1.0
176
     1
 90
        0
176
     1
 62
     7
176
     1
 40
1.0
176
     1
 90
        1
176
     1
 90
        6
176
     1
 90
        2
176
     1
 62
     7
176
     1
 90
        5
176
     1
 90
        0
176
     1
 90
        0
176
     1
290
     0
176
     1
 90
       13
176
     1
 40
0.0
176
     1
 90
        0
176
     1
290
     0
176
     1
290
     1
176
     1
290
     1
176
     1
290
     0
176
     1
290
     0
176
     1
290
     0
176
     1
290
     0
176
     1
290
     0
176
     1
290
     0
176
     1
 90
       50
176
     1
 40
0.0
176
     1
 40
1.0
176
     1
 90
        0
176
     1
 62
    18
420
        0
176
     1
 90
       50
176
     1
 90
        3
176
     1
 62
     5
420
      255
176
     1
290
     0
176
     1
 90
       50
176
     1
 90
       50
176
     1
 90
       50
176
     1
290
     0
176
     1
 90
       50
176
     1
 62
   256
176
     0
 40
1.0
176
     0
 90
        2
176
     1
  1
strokes_ogs.tif
176
     1
290
     0
176
     1
 40
1.0
176
     1
 40
1.0
176
     1
1001
ACAD
1000
AcDbSavedByObjectVersion
1070
     0
  0
VISUALSTYLE
  5
2D
102
{ACAD_REACTORS
330
29
102
}
330
29
100
AcDbVisualStyle
  2
GouraudWithEdges
 70
     3
177
     3
291
     1
 70
    58
 90
        2
176
     1
 90
        2
176
     1
 90
        1
176
     1
 90
        2
176
     1
 40
0.6
176
     1
 40
30.0
176
     1
 62
     7
420
 16777215
176
     1
 90
        1
176
     1
 90
        0
176
     1
 62
     7
176
     1
 62
   257
176
     1
 90
        1
176
     1
 90
        1
176
     1
 40
1.0
176
     1
 90
        0
176
     1
 62
   257
176
     1
 40
1.0
176
     1
 90
        1
176
     1
 90
        6
176
     1
 90
        2
176
     1
 62
     7
176
     1
 90
        5
176
     1
 90
        0
176
     1
 90
        0
176
     1
290
     0
176
     1
 90
       13
176
     1
 40
0.0
176
     1
 90
        0
176
     1
290
     0
176
     1
290
     1
176
     1
290
     1
176
     1
290
     0
176
     1
290
     0
176
     1
290
     0
176
     1
290
     0
176
     1
290
     0
176
     1
290
     0
176
     1
 90
       50
176
     1
 40
0.0
176
     1
 40
1.0
176
     1
 90
        0
176
     1
 62
    18
420
        0
176
     1
 90
       50
176
     1
 90
        3
176
     1
 62
     5
420
      255
176
     1
290
     0
176
     1
 90
       50
176
     1
 90
       50
176
     1
 90
       50
176
     1
290
     0
176
     1
 90
       50
176
     1
 62
   256
176
     0
 40
1.0
176
     0
 90
        2
176
     1
  1
strokes_ogs.tif
176
     1
290
     0
176
     1
 40
1.0
176
     1
 40
1.0
176
     1
1001
ACAD
1000
AcDbSavedByObjectVersion
1070
     0
  0
VISUALSTYLE
  5
31
102
{ACAD_REACTORS
330
29
102
}
330
29
100
AcDbVisualStyle
  2
Hidden
 70
     6
177
     3
291
     0
 70
    58
 90
        1
176
     1
 90
        2
176
     1
 90
        2
176
     1
 90
        0
176
     1
 40
0.6
176
     1
 40
30.0
176
     1
 62
     7
420
 16777215
176
     1
 90
        2
176
     1
 90
        2
176
     1
 62
     7
176
     1
 62
   257
176
     1
 90
        2
176
     1
 90
        1
176
     1
 40
40.0
176
     1
 90
        0
176
     1
 62
   257
176
     1
 40
1.0
176
     1
 90
        1
176
     1
 90
        6
176
     1
 90
        2
176
     1
 62
     7
176
     1
 90
        3
176
     1
 90
        0
176
     1
 90
        0
176
     1
290
     0
176
     1
 90
        1
176
     1
 40
0.0
176
     1
 90
        0
176
     1
290
     0
176
     1
290
     1
176
     1
290
     1
176
     1
290
     0
176
     1
290
     0
176
     1
290
     0
176
     1
290
     0
176
     1
290
     0
176
     1
290
     0
176
     1
 90
       50
176
     1
 40
0.0
176
     1
 40
1.0
176
     1
 90
        0
176
     1
 62
    18
420
        0
176
     1
 90
       50
176
     1
 90
        3
176
     1
 62
     5
420
      255
176
     1
290
     0
176
     1
 90
       50
176
     1
 90
       50
176
     1
 90
       50
176
     1
290
     0
176
     1
 90
       50
176
     1
 62
   256
176
     0
 40
1.0
176
     0
 90
        2
176
     1
  1
strokes_ogs.tif
176
     1
290
     0
176
     1
 40
1.0
176
     1
 40
1.0
176
     1
1001
ACAD
1000
AcDbSavedByObjectVersion
1070
     0
  0
VISUALSTYLE
  5
3F
102
{ACAD_REACTORS
330
29
102
}
330
29
100
AcDbVisualStyle
  2
JitterOff
 70
    20
177
     3
291
     1
 70
    58
 90
        2
176
     0
 90
        2
176
     0
 90
        0
176
     0
 90
        0
176
     0
 40
0.6
176
     0
 40
30.0
176
     0
 62
     7
420
 16777215
176
     0
 90
        1
176
     0
 90
        4
176
     0
 62
     7
176
     0
 62
   257
176
     0
 90
        1
176
     0
 90
        1
176
     0
 40
1.0
176
     0
 90
       10
176
     2
 62
     7
176
     0
 40
1.0
176
     0
 90
        1
176
     0
 90
        6
176
     0
 90
        2
176
     0
 62
     7
176
     0
 90
        5
176
     0
 90
        0
176
     0
 90
        0
176
     0
290
     0
176
     0
 90
        1
176
     0
 40
0.0
176
     0
 90
        0
176
     0
290
     0
176
     0
290
     1
176
     0
290
     1
176
     0
290
     0
176
     0
290
     0
176
     0
290
     0
176
     0
290
     0
176
     0
290
     0
176
     0
290
     0
176
     0
 90
       50
176
     0
 40
0.0
176
     0
 40
1.0
176
     0
 90
        0
176
     0
 62
    18
420
        0
176
     0
 90
       50
176
     0
 90
        3
176
     0
 62
     5
420
      255
176
     0
290
     0
176
     0
 90
       50
176
     0
 90
       50
176
     0
 90
       50
176
     0
290
     0
176
     0
 90
       50
176
     0
 62
   256
176
     0
 40
1.0
176
     0
 90
        2
176
     0
  1
strokes_ogs.tif
176
     0
290
     0
176
     0
 40
1.0
176
     0
 40
1.0
176
     0
1001
ACAD
1000
AcDbSavedByObjectVersion
1070
     0
  0
VISUALSTYLE
  5
37
102
{ACAD_REACTORS
330
29
102
}
330
29
100
AcDbVisualStyle
  2
Linepattern
 70
    14
177
     3
291
     1
 70
    58
 90
        2
176
     1
 90
        2
176
     1
 90
        0
176
     1
 90
        0
176
     1
 40
0.6
176
     1
 40
30.0
176
     1
 62
     7
420
 16777215
176
     1
 90
        1
176
     1
 90
        4
176
     1
 62
     7
176
     1
 62
   257
176
     1
 90
        7
176
     1
 90
        7
176
     1
 40
1.0
176
     1
 90
        8
176
     1
 62
     7
176
     1
 40
1.0
176
     1
 90
        1
176
     1
 90
        6
176
     1
 90
        2
176
     1
 62
     7
176
     1
 90
        5
176
     1
 90
        0
176
     1
 90
        0
176
     1
290
     0
176
     1
 90
        1
176
     1
 40
0.0
176
     1
 90
        0
176
     1
290
     0
176
     1
290
     1
176
     1
290
     1
176
     1
290
     0
176
     1
290
     0
176
     1
290
     0
176
     1
290
     0
176
     1
290
     0
176
     1
290
     0
176
     1
 90
       50
176
     1
 40
0.0
176
     1
 40
1.0
176
     1
 90
        0
176
     1
 62
    18
420
        0
176
     1
 90
       50
176
     1
 90
        3
176
     1
 62
     5
420
      255
176
     1
290
     0
176
     1
 90
       50
176
     1
 90
       50
176
     1
 90
       50
176
     1
290
     0
176
     1
 90
       50
176
     1
 62
   256
176
     0
 40
1.0
176
     0
 90
        2
176
     1
  1
strokes_ogs.tif
176
     1
290
     0
176
     1
 40
1.0
176
     1
 40
1.0
176
     1
1001
ACAD
1000
AcDbSavedByObjectVersion
1070
     0
  0
VISUALSTYLE
  5
40
102
{ACAD_REACTORS
330
29
102
}
330
29
100
AcDbVisualStyle
  2
OverhangOff
 70
    21
177
     3
291
     1
 70
    58
 90
        2
176
     0
 90
        2
176
     0
 90
        0
176
     0
 90
        0
176
     0
 40
0.6
176
     0
 40
30.0
176
     0
 62
     7
420
 16777215
176
     0
 90
        1
176
     0
 90
        4
176
     0
 62
     7
176
     0
 62
   257
176
     0
 90
        1
176
     0
 90
        1
176
     0
 40
1.0
176
     0
 90
        9
176
     2
 62
     7
176
     0
 40
1.0
176
     0
 90
        1
176
     0
 90
        6
176
     0
 90
        2
176
     0
 62
     7
176
     0
 90
        5
176
     0
 90
        0
176
     0
 90
        0
176
     0
290
     0
176
     0
 90
        1
176
     0
 40
0.0
176
     0
 90
        0
176
     0
290
     0
176
     0
290
     1
176
     0
290
     1
176
     0
290
     0
176
     0
290
     0
176
     0
290
     0
176
     0
290
     0
176
     0
290
     0
176
     0
290
     0
176
     0
 90
       50
176
     0
 40
0.0
176
     0
 40
1.0
176
     0
 90
        0
176
     0
 62
    18
420
        0
176
     0
 90
       50
176
     0
 90
        3
176
     0
 62
     5
420
      255
176
     0
290
     0
176
     0
 90
       50
176
     0
 90
       50
176
     0
 90
       50
176
     0
290
     0
176
     0
 90
       50
176
     0
 62
   256
176
     0
 40
1.0
176
     0
 90
        2
176
     0
  1
strokes_ogs.tif
176
     0
290
     0
176
     0
 40
1.0
176
     0
 40
1.0
176
     0
1001
ACAD
1000
AcDbSavedByObjectVersion
1070
     0
  0
VISUALSTYLE
  5
33
102
{ACAD_REACTORS
330
29
102
}
330
29
100
AcDbVisualStyle
  2
Realistic
 70
     8
177
     3
291
     0
 70
    58
 90
        2
176
     1
 90
        3
176
     1
 90
        0
176
     1
 90
        2
176
     1
 40
0.6
176
     1
 40
30.0
176
     1
 62
     7
420
 16777215
176
     1
 90
        0
176
     1
 90
        0
176
     1
 62
     7
176
     1
 62
   257
176
     1
 90
        1
176
     1
 90
        1
176
     1
 40
1.0
176
     1
 90
        8
176
     1
 62
   257
176
     1
 40
1.0
176
     1
 90
        1
176
     1
 90
        6
176
     1
 90
        2
176
     1
 62
     7
176
     1
 90
        3
176
     1
 90
        0
176
     1
 90
        0
176
     1
290
     0
176
     1
 90
       13
176
     1
 40
0.0
176
     1
 90
        0
176
     1
290
     0
176
     1
290
     1
176
     1
290
     1
176
     1
290
     0
176
     1
290
     0
176
     1
290
     0
176
     1
290
     0
176
     1
290
     0
176
     1
290
     0
176
     1
 90
       50
176
     1
 40
0.0
176
     1
 40
1.0
176
     1
 90
        0
176
     1
 62
    18
420
        0
176
     1
 90
       50
176
     1
 90
        3
176
     1
 62
     5
420
      255
176
     1
290
     0
176
     1
 90
       50
176
     1
 90
       50
176
     1
 90
       50
176
     1
290
     0
176
     1
 90
       50
176
     1
 62
   256
176
     0
 40
1.0
176
     0
 90
        2
176
     1
  1
strokes_ogs.tif
176
     1
290
     0
176
     1
 40
1.0
176
     1
 40
1.0
176
     1
1001
ACAD
1000
AcDbSavedByObjectVersion
1070
     0
  0
VISUALSTYLE
  5
3E
102
{ACAD_REACTORS
330
29
102
}
330
29
100
AcDbVisualStyle
  2
Shaded
 70
    27
177
     3
291
     0
 70
    58
 90
        2
176
     1
 90
        2
176
     1
 90
        1
176
     1
 90
        2
176
     1
 40
0.6
176
     1
 40
30.0
176
     1
 62
     7
420
 16777215
176
     1
 90
        0
176
     1
 90
        4
176
     1
 62
     7
176
     1
 62
   257
176
     1
 90
        1
176
     1
 90
        1
176
     1
 40
1.0
176
     1
 90
        8
176
     1
 62
   257
176
     1
 40
1.0
176
     1
 90
        1
176
     1
 90
        6
176
     1
 90
        2
176
     1
 62
     8
420
  7895160
176
     1
 90
        3
176
     1
 90
        0
176
     1
 90
        0
176
     1
290
     0
176
     1
 90
        5
176
     1
 40
0.0
176
     1
 90
        0
176
     1
290
     0
176
     1
290
     1
176
     1
290
     1
176
     1
290
     0
176
     1
290
     0
176
     1
290
     0
176
     1
290
     0
176
     1
290
     0
176
     1
290
     0
176
     1
 90
       50
176
     1
 40
0.0
176
     1
 40
1.0
176
     1
 90
        0
176
     1
 62
    18
420
        0
176
     1
 90
       50
176
     1
 90
        3
176
     1
 62
     5
420
      255
176
     1
290
     0
176
     1
 90
       50
176
     1
 90
       50
176
     1
 90
       50
176
     1
290
     0
176
     1
 90
       50
176
     1
 62
   256
176
     0
 40
1.0
176
     0
 90
        2
176
     1
  1
strokes_ogs.tif
176
     1
290
     0
176
     1
 40
1.0
176
     1
 40
1.0
176
     1
1001
ACAD
1000
AcDbSavedByObjectVersion
1070
     0
  0
VISUALSTYLE
  5
3D
102
{ACAD_REACTORS
330
29
102
}
330
29
100
AcDbVisualStyle
  2
Shaded with edges
 70
    26
177
     3
291
     0
 70
    58
 90
        2
176
     1
 90
        2
176
     1
 90
        1
176
     1
 90
        2
176
     1
 40
0.6
176
     1
 40
30.0
176
     1
 62
     7
420
 16777215
176
     1
 90
        1
176
     1
 90
        2
176
     1
 62
     7
176
     1
 62
   257
176
     1
 90
        2
176
     1
 90
        1
176
     1
 40
1.0
176
     1
 90
        8
176
     1
 62
   257
176
     1
 40
1.0
176
     1
 90
        1
176
     1
 90
        6
176
     1
 90
        2
176
     1
 62
     7
176
     1
 90
        3
176
     1
 90
        0
176
     1
 90
        0
176
     1
290
     0
176
     1
 90
        5
176
     1
 40
0.0
176
     1
 90
        0
176
     1
290
     0
176
     1
290
     1
176
     1
290
     1
176
     1
290
     0
176
     1
290
     0
176
     1
290
     0
176
     1
290
     0
176
     1
290
     0
176
     1
290
     0
176
     1
 90
       50
176
     1
 40
0.0
176
     1
 40
1.0
176
     1
 90
        0
176
     1
 62
    18
420
        0
176
     1
 90
       50
176
     1
 90
        3
176
     1
 62
     5
420
      255
176
     1
290
     0
176
     1
 90
       50
176
     1
 90
       50
176
     1
 90
       50
176
     1
290
     0
176
     1
 90
       50
176
     1
 62
   256
176
     0
 40
1.0
176
     0
 90
        2
176
     1
  1
strokes_ogs.tif
176
     1
290
     0
176
     1
 40
1.0
176
     1
 40
1.0
176
     1
1001
ACAD
1000
AcDbSavedByObjectVersion
1070
     0
  0
VISUALSTYLE
  5
3A
102
{ACAD_REACTORS
330
29
102
}
330
29
100
AcDbVisualStyle
  2
Shades of Gray
 70
    23
177
     3
291
     0
 70
    58
 90
        2
176
     1
 90
        2
176
     1
 90
        3
176
     1
 90
        0
176
     1
 40
0.6
176
     1
 40
30.0
176
     1
 62
     7
420
 16777215
176
     1
 90
        2
176
     1
 90
        2
176
     1
 62
     7
176
     1
 62
     7
176
     1
 90
        1
176
     1
 90
        1
176
     1
 40
40.0
176
     1
 90
        8
176
     1
 62
     7
176
     1
 40
1.0
176
     1
 90
        1
176
     1
 90
        6
176
     1
 90
        2
176
     1
 62
     7
176
     1
 90
        3
176
     1
 90
        0
176
     1
 90
        0
176
     1
290
     0
176
     1
 90
        1
176
     1
 40
0.0
176
     1
 90
        0
176
     1
290
     0
176
     1
290
     1
176
     1
290
     1
176
     1
290
     0
176
     1
290
     0
176
     1
290
     0
176
     1
290
     0
176
     1
290
     0
176
     1
290
     0
176
     1
 90
       50
176
     1
 40
0.0
176
     1
 40
1.0
176
     1
 90
        0
176
     1
 62
    18
420
        0
176
     1
 90
       50
176
     1
 90
        3
176
     1
 62
     5
420
      255
176
     1
290
     0
176
     1
 90
       50
176
     1
 90
       50
176
     1
 90
       50
176
     1
290
     0
176
     1
 90
       50
176
     1
 62
   256
176
     0
 40
1.0
176
     0
 90
        2
176
     1
  1
strokes_ogs.tif
176
     1
290
     0
176
     1
 40
1.0
176
     1
 40
1.0
176
     1
1001
ACAD
1000
AcDbSavedByObjectVersion
1070
     0
  0
VISUALSTYLE
  5
3B
102
{ACAD_REACTORS
330
29
102
}
330
29
100
AcDbVisualStyle
  2
Sketchy
 70
    24
177
     3
291
     0
 70
    58
 90
        1
176
     1
 90
        2
176
     1
 90
        2
176
     1
 90
        0
176
     1
 40
0.6
176
     1
 40
30.0
176
     1
 62
     7
420
 16777215
176
     1
 90
        2
176
     1
 90
        2
176
     1
 62
     7
176
     1
 62
     7
176
     1
 90
        1
176
     1
 90
        1
176
     1
 40
40.0
176
     1
 90
       11
176
     1
 62
     7
176
     1
 40
1.0
176
     1
 90
        1
176
     1
 90
        6
176
     1
 90
        2
176
     1
 62
     7
176
     1
 90
        6
176
     1
 90
        0
176
     1
 90
        0
176
     1
290
     0
176
     1
 90
        1
176
     1
 40
0.0
176
     1
 90
        0
176
     1
290
     0
176
     1
290
     1
176
     1
290
     1
176
     1
290
     0
176
     1
290
     0
176
     1
290
     0
176
     1
290
     0
176
     1
290
     0
176
     1
290
     0
176
     1
 90
       50
176
     1
 40
0.0
176
     1
 40
1.0
176
     1
 90
        0
176
     1
 62
    18
420
        0
176
     1
 90
       50
176
     1
 90
        3
176
     1
 62
     5
420
      255
176
     1
290
     0
176
     1
 90
       50
176
     1
 90
       50
176
     1
 90
       50
176
     1
290
     0
176
     1
 90
       50
176
     1
 62
   256
176
     0
 40
1.0
176
     0
 90
        2
176
     1
  1
strokes_ogs.tif
176
     1
290
     0
176
     1
 40
1.0
176
     1
 40
1.0
176
     1
1001
ACAD
1000
AcDbSavedByObjectVersion
1070
     0
  0
VISUALSTYLE
  5
36
102
{ACAD_REACTORS
330
29
102
}
330
29
100
AcDbVisualStyle
  2
Thicken
 70
    13
177
     3
291
     1
 70
    58
 90
        2
176
     1
 90
        2
176
     1
 90
        0
176
     1
 90
        0
176
     1
 40
0.6
176
     1
 40
30.0
176
     1
 62
     7
420
 16777215
176
     1
 90
        1
176
     1
 90
        4
176
     1
 62
     7
176
     1
 62
   257
176
     1
 90
        1
176
     1
 90
        1
176
     1
 40
1.0
176
     1
 90
       12
176
     1
 62
     7
176
     1
 40
1.0
176
     1
 90
        1
176
     1
 90
        6
176
     1
 90
        2
176
     1
 62
     7
176
     1
 90
        5
176
     1
 90
        0
176
     1
 90
        0
176
     1
290
     0
176
     1
 90
        1
176
     1
 40
0.0
176
     1
 90
        0
176
     1
290
     0
176
     1
290
     1
176
     1
290
     1
176
     1
290
     0
176
     1
290
     0
176
     1
290
     0
176
     1
290
     0
176
     1
290
     0
176
     1
290
     0
176
     1
 90
       50
176
     1
 40
0.0
176
     1
 40
1.0
176
     1
 90
        0
176
     1
 62
    18
420
        0
176
     1
 90
       50
176
     1
 90
        3
176
     1
 62
     5
420
      255
176
     1
290
     0
176
     1
 90
       50
176
     1
 90
       50
176
     1
 90
       50
176
     1
290
     0
176
     1
 90
       50
176
     1
 62
   256
176
     0
 40
1.0
176
     0
 90
        2
176
     1
  1
strokes_ogs.tif
176
     1
290
     0
176
     1
 40
1.0
176
     1
 40
1.0
176
     1
1001
ACAD
1000
AcDbSavedByObjectVersion
1070
     0
  0
VISUALSTYLE
  5
30
102
{ACAD_REACTORS
330
29
102
}
330
29
100
AcDbVisualStyle
  2
Wireframe
 70
     5
177
     3
291
     0
 70
    58
 90
        0
176
     1
 90
        2
176
     1
 90
        0
176
     1
 90
        0
176
     1
 40
0.6
176
     1
 40
30.0
176
     1
 62
     7
420
 16777215
176
     1
 90
        1
176
     1
 90
        4
176
     1
 62
     7
176
     1
 62
   257
176
     1
 90
        1
176
     1
 90
        1
176
     1
 40
1.0
176
     1
 90
        0
176
     1
 62
   257
176
     1
 40
1.0
176
     1
 90
        1
176
     1
 90
        6
176
     1
 90
        2
176
     1
 62
     7
176
     1
 90
        3
176
     1
 90
        0
176
     1
 90
        0
176
     1
290
     0
176
     1
 90
        1
176
     1
 40
0.0
176
     1
 90
        0
176
     1
290
     0
176
     1
290
     1
176
     1
290
     1
176
     1
290
     0
176
     1
290
     0
176
     1
290
     0
176
     1
290
     0
176
     1
290
     0
176
     1
290
     0
176
     1
 90
       50
176
     1
 40
0.0
176
     1
 40
1.0
176
     1
 90
        0
176
     1
 62
    18
420
        0
176
     1
 90
       50
176
     1
 90
        3
176
     1
 62
     5
420
      255
176
     1
290
     0
176
     1
 90
       50
176
     1
 90
       50
176
     1
 90
       50
176
     1
290
     0
176
     1
 90
       50
176
     1
 62
   256
176
     0
 40
1.0
176
     0
 90
        2
176
     1
  1
strokes_ogs.tif
176
     1
290
     0
176
     1
 40
1.0
176
     1
 40
1.0
176
     1
1001
ACAD
1000
AcDbSavedByObjectVersion
1070
     0
  0
VISUALSTYLE
  5
3C
102
{ACAD_REACTORS
330
29
102
}
330
29
100
AcDbVisualStyle
  2
X-Ray
 70
    25
177
     3
291
     0
 70
    58
 90
        2
176
     1
 90
        2
176
     1
 90
        1
176
     1
 90
        1
176
     1
 40
0.5
176
     1
 40
30.0
176
     1
 62
     7
420
 16777215
176
     1
 90
        1
176
     1
 90
        0
176
     1
 62
     7
176
     1
 62
   257
176
     1
 90
        1
176
     1
 90
        1
176
     1
 40
1.0
176
     1
 90
        8
176
     1
 62
     7
176
     1
 40
1.0
176
     1
 90
        1
176
     1
 90
        6
176
     1
 90
        2
176
     1
 62
     7
176
     1
 90
        3
176
     1
 90
        0
176
     1
 90
        0
176
     1
290
     0
176
     1
 90
       13
176
     1
 40
0.0
176
     1
 90
        0
176
     1
290
     0
176
     1
290
     1
176
     1
290
     1
176
     1
290
     0
176
     1
290
     0
176
     1
290
     0
176
     1
290
     0
176
     1
290
     0
176
     1
290
     0
176
     1
 90
       50
176
     1
 40
0.0
176
     1
 40
1.0
176
     1
 90
        0
176
     1
 62
    18
420
        0
176
     1
 90
       50
176
     1
 90
        3
176
     1
 62
     5
420
      255
176
     1
290
     0
176
     1
 90
       50
176
     1
 90
       50
176
     1
 90
       50
176
     1
290
     0
176
     1
 90
       50
176
     1
 62
   256
176
     0
 40
1.0
176
     0
 90
        2
176
     1
  1
strokes_ogs.tif
176
     1
290
     0
176
     1
 40
1.0
176
     1
 40
1.0
176
     1
1001
ACAD
1000
AcDbSavedByObjectVersion
1070
     0
  0
DICTIONARYVAR
  5
B9
102
{ACAD_REACTORS
330
B4
102
}
330
B4
100
DictionaryVariables
280
     0
  1
1:1
  0
DICTIONARYVAR
  5
B6
102
{ACAD_REACTORS
330
B4
102
}
330
B4
100
DictionaryVariables
280
     0
  1
STANDARD
  0
DICTIONARYVAR
  5
B5
102
{ACAD_REACTORS
330
B4
102
}
330
B4
100
DictionaryVariables
280
     0
  1
STANDARD
  0
DICTIONARYVAR
  5
B7
102
{ACAD_REACTORS
330
B4
102
}
330
B4
100
DictionaryVariables
280
     0
  1
Imperial24
  0
DICTIONARYVAR
  5
B8
102
{ACAD_REACTORS
330
B4
102
}
330
B4
100
DictionaryVariables
280
     0
  1
Imperial24
  0
DICTIONARY
  5
BF
330
6B
100
AcDbDictionary
280
     1
281
     1
  3
ACAD_XREC_ROUNDTRIP
360
C0
  0
DICTIONARY
  5
1A
330
19
100
AcDbDictionary
280
     1
281
     1
  3
BUMPTILE
360
1C
  3
DIFFUSETILE
360
1B
  3
OPACITYTILE
360
1F
  3
REFLECTIONTILE
360
1E
  3
REFRACTIONTILE
360
20
  3
SPECULARTILE
360
1D
  0
DICTIONARY
  5
12
330
11
100
AcDbDictionary
280
     1
281
     1
  3
BUMPTILE
360
14
  3
DIFFUSETILE
360
13
  3
OPACITYTILE
360
17
  3
REFLECTIONTILE
360
16
  3
REFRACTIONTILE
360
18
  3
SPECULARTILE
360
15
  0
DICTIONARY
  5
22
330
21
100
AcDbDictionary
280
     1
281
     1
  3
BUMPTILE
360
24
  3
DIFFUSETILE
360
23
  3
OPACITYTILE
360
27
  3
REFLECTIONTILE
360
26
  3
REFRACTIONTILE
360
28
  3
SPECULARTILE
360
25
  0
DICTIONARY
  5
7B
330
7A
100
AcDbDictionary
280
     1
281
     1
  3
ADVMATERIAL
360
83
  3
BUMPTILE
360
7E
  3
DIFFUSETILE
360
7D
  3
FBXASSET
360
7C
  3
OPACITYTILE
360
7F
  3
REFLECTIONTILE
360
81
  3
REFRACTIONTILE
360
82
  3
SPECULARTILE
360
80
  0
DICTIONARY
  5
BD
330
69
100
AcDbDictionary
280
     1
281
     1
  3
ACAD_XREC_ROUNDTRIP
360
BE
  0
DICTIONARY
  5
BA
330
65
100
AcDbDictionary
280
     1
281
     1
  3
ACAD_ROUNDTRIP_2008_TABLESTYLE_CELLSTYLEMAP
360
BB
  0
XRECORD
  5
C0
102
{ACAD_REACTORS
330
BF
102
}
330
BF
100
AcDbXrecord
280
     1
102
DISPLAYNAME
  1
Imperial24
102
FLAGS
 90
        0
  0
XRECORD
  5
1C
102
{ACAD_REACTORS
330
1A
102
}
330
1A
100
AcDbXrecord
280
     1
270
     1
271
     1
  0
XRECORD
  5
1B
102
{ACAD_REACTORS
330
1A
102
}
330
1A
100
AcDbXrecord
280
     1
270
     1
271
     1
  0
XRECORD
  5
1F
102
{ACAD_REACTORS
330
1A
102
}
330
1A
100
AcDbXrecord
280
     1
270
     1
271
     1
  0
XRECORD
  5
1E
102
{ACAD_REACTORS
330
1A
102
}
330
1A
100
AcDbXrecord
280
     1
270
     1
271
     1
  0
XRECORD
  5
20
102
{ACAD_REACTORS
330
1A
102
}
330
1A
100
AcDbXrecord
280
     1
270
     1
271
     1
  0
XRECORD
  5
1D
102
{ACAD_REACTORS
330
1A
102
}
330
1A
100
AcDbXrecord
280
     1
270
     1
271
     1
  0
XRECORD
  5
14
102
{ACAD_REACTORS
330
12
102
}
330
12
100
AcDbXrecord
280
     1
270
     1
271
     1
  0
XRECORD
  5
13
102
{ACAD_REACTORS
330
12
102
}
330
12
100
AcDbXrecord
280
     1
270
     1
271
     1
  0
XRECORD
  5
17
102
{ACAD_REACTORS
330
12
102
}
330
12
100
AcDbXrecord
280
     1
270
     1
271
     1
  0
XRECORD
  5
16
102
{ACAD_REACTORS
330
12
102
}
330
12
100
AcDbXrecord
280
     1
270
     1
271
     1
  0
XRECORD
  5
18
102
{ACAD_REACTORS
330
12
102
}
330
12
100
AcDbXrecord
280
     1
270
     1
271
     1
  0
XRECORD
  5
15
102
{ACAD_REACTORS
330
12
102
}
330
12
100
AcDbXrecord
280
     1
270
     1
271
     1
  0
XRECORD
  5
24
102
{ACAD_REACTORS
330
22
102
}
330
22
100
AcDbXrecord
280
     1
270
     1
271
     1
  0
XRECORD
  5
23
102
{ACAD_REACTORS
330
22
102
}
330
22
100
AcDbXrecord
280
     1
270
     1
271
     1
  0
XRECORD
  5
27
102
{ACAD_REACTORS
330
22
102
}
330
22
100
AcDbXrecord
280
     1
270
     1
271
     1
  0
XRECORD
  5
26
102
{ACAD_REACTORS
330
22
102
}
330
22
100
AcDbXrecord
280
     1
270
     1
271
     1
  0
XRECORD
  5
28
102
{ACAD_REACTORS
330
22
102
}
330
22
100
AcDbXrecord
280
     1
270
     1
271
     1
  0
XRECORD
  5
25
102
{ACAD_REACTORS
330
22
102
}
330
22
100
AcDbXrecord
280
     1
270
     1
271
     1
  0
XRECORD
  5
83
102
{ACAD_REACTORS
330
7B
102
}
330
7B
100
AcDbXrecord
280
     1
460
100.0
461
100.0
462
100.0
463
100.0
290
     0
270
     1
464
0.0
293
     0
272
     3
273
     3
  0
XRECORD
  5
7E
102
{ACAD_REACTORS
330
7B
102
}
330
7B
100
AcDbXrecord
280
     1
270
     1
271
     1
  0
XRECORD
  5
7D
102
{ACAD_REACTORS
330
7B
102
}
330
7B
100
AcDbXrecord
280
     1
270
     1
271
     1
  0
XRECORD
  5
7C
102
{ACAD_REACTORS
330
7B
102
}
330
7B
100
AcDbXrecord
280
     1
 70
     0
 90
-737002382
 71
     1
  1
5FDED30F-BAF5-471A-ABAB-E5B0D32B768A
311
504B0304140006080800523B235D6B4450BC6C010000B80200004F00000034374545393533352D413334452D343142352D394345342D4239363735364637433534412F4173736574446174612F446566696E6974696F6E4974657261746F7250726F706572746965732E62696EB552CB4AC340148D2F4444D08DEBFEC09834
311
C924B620926912578562BB2F631CDB40924A67822EBB70E1CE1788880FF087DCF427FC8A3A3799D8EADE813BE7BEE7DEC35C6B9A365347AADA929489BCB7241EB18C8DE3A81B0D594AB5F5B967415D965E307D7646F34440593BE6114B129AB151CE77E655B5940AD98F267B50B421A57270E830285F83012ECA992EA5AAD1
311
D3F3E621E59C8903DD7683A0812D8C3CCB0E905D2718355A818D48C371B113BA2D6C7BFA31E3A37C1C31AEE3D00F7CCB0811F1428C6CB7EE218F7804059818BE6512D7D9F77431CCD3938CC6896EE86A84FE7936E8196ED3749AD68A1C01F8D896D819C73C6D3341134509EC503891899D5F066CB829A5C8D6BB82B1E40F4B
311
85AF866A9C8A385B95A96B553A2845749122C89848E1104D610620EA4ACA3F13D4EF8CB8308D3A2E9982AFB22B5F558C89FECFFEC0DAE7ECF66BFA74F351E07D89BD3785EF0AABF8A3B29F153E9438BD537685AACFF455C55F00BF01504B0304140006080800523B235D1AE2BF05B4010000C8030000450000003437454539
311
3533352D413334452D343142352D394345342D4239363735364637433534412F4173736574446174612F496E7374616E636550726F706572746965732E62696EEB606060F80F0540260323103700495E20ED9E9A975A94991C9C9C919A9BA802143075737175313670D375727433D535313774D475747274D2753575327031
311
36723237B370644768046931363471713532B5D435353131D635313332D475727372D13534373670367376B67474B5042A8300CD98FE435F35AED8036926A0480310C3F8601AA2EA833D4812EC522025E0C02000E21A83C1657B101B0FF800530064B8CD5CF9E805E7137B741AA21DA800680F3390D380669E437AF1337B88
311
FD3C10A907206310AA40E109924903836F509907482A106AC12C98ABB0D060BF42E2C8084D1782CB026482620E64697079624972866E487E516931487CD974F1972C8BBFBEB78DE57823EFEBD7CA91ADDCF3FFA0D4CE75D375B69726E6E4CA3EF0BDCF6EEDFBB8A4C6F1F7BA84A209326B99CC05D80A8E2EE0D1B179909CC8
311
7743A529473E2DA080AFE30077921B2BD04450FA1000D2014599C5B9BEA92589399024A20B14232689C407E417971819189A72C20CD13532352325B53032B001B536003103E15804050C08C06806062CC10C5601144728028B2011D8654051AD0854C57EEB76FB99771720518C1E0DD8B522994D391300504B030414000608
311
0800523B235DB5A795FFE3790000DE7900006B00000034374545393533352D413334452D343142352D394345342D4239363735364637433534412F5265736F75726365732F35464445443330462D424146352D343731412D414241422D4535423044333242373638412F7468756D626E61696C2F302F67656E657269635F70
311
6E6701DE79218689504E470D0A1A0A0000000D49484452000001000000010008030000006BAC58540000000467414D410000B18F0BFC6105000000017352474200AECE1CE900000192504C5445818181B3B3B35A5A5A4848486060605C5C5C6464648383835E5E5E6262624E4E4EAFAFAF4A4A4AB5B5B54C4C4CB1B1B18585
311
85B7B7B7585858ADADAD7C7C7C464646787878ABABAB747474A7A7A7686868707070B9B9B96E6E6E6A6A6A8B8B8B666666545454565656A5A5A5505050A1A1A1BBBBBB8F8F8F9F9F9F4242425252527676764040403E3E3E9B9B9B7A7A7A8989897E7E7E9393939797974444448787873C3C3C727272BDBDBD3A3A3A6C6C6C
311
A9A9A9A3A3A32020209D9D9DBFBFBF8D8D8D9595959191912626269999992222222424241E1E1EC1C1C1282828C3C3C32C2C2C2A2A2A2E2E2E303030C5C5C53232321C1C1C363636383838343434C7C7C71A1A1A0E0E0E121212484A484C4E4C1616160A0A0A4A4C4A787A781414147C7E7C9193915E605E46484683858387
311
8987B1B3B18587856668665A5C5A626462818381A7A7A5A3A3A1B1B1AFADAFAD7072705C5E5C9D9D9BABADAB7E817EB7B9B7585A58BBBDBB4C4C4A8D8F8D747674B5B5B3B7B7B59FA19F606260ABABA9A5A5A39B9B99A9A9A78F8F8D6C6C6AC7C7C5451AD12700002000494441547801DCBD89771BD7B5A70B8EE04C702641
311
712605CE034890E220088028C93245451215B713AF388E7DFD9EEDB8DDCE6ABFF4B57D97137BE50FEFEFDBA74049B6AEED74869B7E87404D2814EBB7F76F0F67A8835CEEBFA0E42B854AA5B2BB5B6BCC951A8D52A93657A914FE0BEEE39FFE2FF395B9B9C6CAD2D4C4606F4B7FFF8D1B37EEDCB97587F7CD9B4343BD134BAB
311
E7DB48E3FFA7A228ECD6F6574E4786C0FC8B5FFCE2CD5FFCE297BF7CF3CD5FFC92B52FFE58BFF9E69B776E0EF5F79E55CBBBF9FC3F5D3DFFB07F5898ABAF7CDA3B74E74EC0CE20230561BF096E97E05712BFFCC59BC80539DCE83DDD6E54FE61B7747DE17FB8980BBBFB2BBD4337DF487881AAE6C5ACC6AF25207877B2B527
311
BFF1CB3B77FA47561ABBD7F7FA7FE146A5B6BD74E3164C7F51449AE95DB412200EC539418717E7F2F11B376FF62E95FEAF1442BED0581DBCA1BD2780D23F506AFA16E1A7AD974EF17876F00DD7BCB187A1A97AE51FCED5BF2BC1F2BBE5B3C19BE27B43CF26DE00933658FE129B109C2FFF922CC22C4260FA01BEFB462A77DE
311
BC35F42F600C3F5B0795D2E9E02DAD5E650B4438A92801B65C35CBAB7B1EE5041CE69D3B6F1822DFB873EBD6AD3B6FBC71EBC6C86AE967DFC2DFA4CEBFF1BF54F6276EBC114E2F43FEC60B01A0D440A868B2920E5C4BC10D60931ADCB871F3268B21D3851B08E1D6AD9BFD4BF57F7577909FAB86F29B982571136AF01DF5FE
311
32AC3BD9406CAAF2440A54CF176EDD01FBADA1FEFEFE21FE4C9858DFF4183458A9FD2B6708A5A5A137E0EE1D11A9EC0C7C58B2C73C0AD6B479BD76B7790CF899E287FA5B06FB7B07C9195B7851FA8794031EF1FC5F9406BBFB23375420286399B631E93B08022A785C4DBF9996EC3551874094D71B6F487E80F6837E50F483
311
BDBDBD83232323AC420A18C68DA196EDDADF68A77F938F78FD972BABBDB7B87FB164AC6FC2CB760365821ACB74AED44FFAD7E7431ECD7E08AC421F391D199998989A383D9D98E8E56F84A318C58D9BFD2DAB73FF5222C8EFAEF4DE7AF30D756E5108683DA471E70D0502099A7240F19E4089D3FD203E620F1B47BF43501E85
311
031AE44B4B9F2E4D2D9D4D51D8970983FA861B3706FF950CA170DE82F6B312CC4F42C8966295F7D725ED29882415DC055F36DEA1FE96FEC141493F05FAA9A9A5A595B333DED5B3D5A533F62183323032F46EFF13EA0AAFA5FBF7C8976F8C10F7280A014832593B90004D52341980D907EAEB73411EB2F1EBC9F507F92746C4
311
0E7AE0AFAE54292BAB2BAB67CAE0746264A277B06508168C94BF772BE9765F7BF0B548FE1E07F3B5A521340A5CB5297C4B12811B89E82191ECF3E41B3259C529F135E23CF4C7F961FB13537F5A02ECCAEA76B5BA5D3D3FDF3F2FEFEFB3AA22053E5008833428DC6C59FA2F770595F311F235D427F379BB8A121BD901B96076
311
A388DC4C3C61C7933CCCD770FF375A6E0CE9F535FE2534BF5ADD3E3FAFD71BF57AA951B6D4CFEBFB8864758A26154430080B06ABFF557610ECC93726224F155D1471041E0D42F82F4891C926C1355B0831649FF365F46FF05300A7A790BD8ADEEB0D4AA9569A9BDBADCCD56AA55AE377F5F3F3EA2A34983A1DE91D81054313
311
8D7F28E57FF4E2B5335A3928B76EA1CB9B00BF158C8F63A2E788826896D0B5E7C461949ECE089144F8EBEFC7FB4D8C9C4E9DAD60F7FBE572B416C2F2423ECF8B86C439E450DA970634ACFDA977629098D0B2FAF313A36B3869E37AF7853378CDA1171FBEBA95DF1E44FD5144A420588641B0055A79ED91CC0DC41E27064512
311
FB33F1F04D09D0D2DF0203A646A6CECE80DF28356A348CED8C4F1EF137B9319E1BCD29867CA556AA97F7B757567006A447FD375A26CAAFDED9CFDCFB2BB0BEEE8AA5911BC2C7F85DF88A3775389990AA72219D582409210F85A4E66F2987D875C30848023088FDF77E87F96FD7CBA5B9DCCEF4F4C9FC7C676777577B7B7B67
311
E7ECCCE4E8DEE85E81A6D55AA3BC7FBEB242589CE8ED4770E785D7DDE23FF2587EBF57F50B9E820527316488E5C32D50F979BCA58207297E2B6D658702FFCD211840FE43FC9F3A5BAD9E97E6F21B9FCF16BBBB3A3A5A175B5B1787875B5B3B86DFEFFC687A72674F19D46A8DFDF3EACA59E405375ACE76FFA922C817CE86A8
311
9BDD92F400F2C55B7462F610459837D3A61ACF50C7471C8F2F2A9D38C3DA2F068007F80EFCDBFBE5DCC674B1D83EBCBEB8BCBCBC3ED0D3D333D0B3DE33BCBEB0D8DA35FBF9F8CECE68AE020BCE61C112A4C1138CD47F9AD13F7DC6AB9CF9CFCFAF9D0E01FFE6CD503F5B91C5218E2899CA15098714848B04FCE5654884ABF0
311
E554F11F6C21D73D5D5AADD64B7B9327DDAD8B0B7D7D6D6D07070763BC0F3E38E8EB4310EBEB8BC3DDB347E3E37B5842B97C4E44A0C630427E5CFDFB71E03F471E12CA9FF70E055AE141042DD81234B879EB4606361D9328149037D7D76A571A7E974FA20AD0323832713AB5BA7ABE3B3E3D3FBC30307070B0B9B645D93C3C
311
DC3CDCA41CFC6AAC2D64D0D579B4B1B397A7C1BDBEBD7D36657A3CD4B2F44F4909F2B9CA597F4245C59DEC354316F0587020D0C661742BC02869435FD12CF195C422DB3C5A3E2305C000CE6B7B27ED8B7D63079B5B5B878787C787C7C7C757C76C51B60ED60EDAFA06D67B965B3B672677080BB5329E60E9B477847AE2E9EB
311
53E35779FD37EFCD2D0DDD68AA355B6B0D81860502B8B68C801F5C697E9AD62F4B406244CB975560BAC756AAA577675B07C6D03778C17E7C95CAF1B3ABABE3E3ADADE3CDB1B1B6B681014470343EBA979F8B90383545727C63E43549D14FD0F927E5F1FDEFD7263058FE02EBCD1BDCBCA053496BD58E69BC44F9F854D4D979
311
AE9ADB908824382AC1D4014E9756EAF9CE85B6B54DB01F02F8EA5908E0D9D5F1B3E72188C3C3AB67879B07C8A0A767B8B831FE5E7EB754DEAE5261460243FFF07858D8EF0D658BDC563A2C5EF5833C13C90B69248C4DD97842B61DFA7F210A2F6108A0F96B62E2D3B3F3DD939EA47E30ABF5AB2B903F4BE5F9B36757CF6502
311
1E616DAC6F60A1FB647274B4B05B2E5341B082D43278F67D8DFDA48AFF9A13F22B34C7586C9992BA6E66CABC190E313E7C811AA57304B421A75B289B9D174CC868C24548823E230B9A5A2DCD2CAFE1F98E61C015CA7E96B083FC59F3ED06EE60F360B3AD6F79787ED278D0A86FAFE00BA9220EAEFE1D5DE1F7855939C3FCC1
311
332426B377F692406E022C010DB437EF009803F0DCFD3B7C94440571D8F2C328F115F47FD324802070BAB43FBA80EFDB92FCA1F7E7CF9FA875CBB327CF9EB08C4DE4815BC4210E2CB7CF1CEDECEDCED5B757490968286899FAF95583BF46F9393CEE6A86D6F618CAAD9BFF0BE22B042412C5CFB50556815CC5BBE33E9F61EC
311
EC26A9BCB8145FD10590078F9C9E953B513FAE1FE387FAC246E14F9E3CE7F5F8194BD6594140876B6B84C5D6799C61A16434201E5237582AFD75C07EEED9863F463284E2E13425A036BD41061259289B6BDC1ED656FC8B8592C9D00701E27CEA749F0D8EF44EAD8C1F80FFF8F8F9D513191F6803384C800097F24069C407CF
311
AE88136B7DCB3D5D4A60B711F19070D83235F77331FD35E715966889038E2E0B346EAB7936C4162043E1A1F144093695443A570144898BC4079CEF1912809A3035A1D3F361235F90FFF1E3E0FB93C7E2750719F88E7D8E68123883ADB5B18185AE99F1D11C1238A792DC4BEDE8EC6FF503DF377E0445F68FAF4E08D43082D0
311
2170F30131A154206CC559A8D9CFDD762B31273E4947A581E0D9BB71E33FFA07CD02CE2A6BE1EC80167497F2A81CFA3F7EFE58D0CF5D5D170DE4F89070B0BC4040CC17BEAC6B0586C3D3FF0309BC06F44B04A1E13729929B4DF73C44070692C810B08AC3012E8EE9EAE22067796288C193B2139B970B86F47FAD0F98382B1E
311
035D9C32FD318A4FAFCB274F2E1FA772F94411B0CD42493C23393A685B5FEF3E1ACF554AF5F3552A478383374E6B2FDDFC4F6DFE38F4F4ED7A7FE838F488EA852482F412D3CB07E293D02C9F074F12E84C5AAC423271450572A385449844706475FD38DC3C22486A0639E5F1E38B0CFE93CB4B25910EF309A2224BD8DAD40C
311
682C28341AD69047E8539A6AFC14EC573F7FAD10AE0FE6EB13E87B28E093B513B5803514DE408809BC12A14876DE0A25F643009E9176D9F0C330164285A7444DC8CAF0E9FE41429EE0A2F6A6DE91C0856C501272404A8468822E24C807030B1D33D40D4AFBDBABB411D093D88C86D7205E05FC57EDD1F805FA4CED5920F0CE
311
D39157E007CE21757C5DE440ECBCB46CD283E378029B43FB077B4F47E60E9F61E8D01BE017D7E843EB49F50A2028F1E442FCC90C9EE308E4C0C2C94EAE30B75FAD3A0EAFA57FE9EF960F14BE15638840EAF3BA490BB6850EDB38EECAFD21A0C746D0C4234DBD035EFC7EDD121FA585FAB73DB89FE6A03CF833AB0730E5E2F1
311
A36CE3F202A128934B44E396961121E1F2C9F32BFCC0C140CFE22C1CA8E109B182919696BFB98120234F61B59F7BF46EC30CF067B21A33B0FB3E402448EE266CCD93135A8E823DB31F85E677434E608F53F8100BC0098EA2FD6BC01770E0F2F2D1E5452A711C4BB8486248FAD756D852026B6DC90A2AA5C6B69E9068B8F27A
311
FABFFEE8AB36F1D23985D5960014FD711940800B560250D2272CC54FF1D3A660B275AC3881E349689C1616E1E9044129D032313509DE4700BC867C71F128C400159407C761022BA8A040F40A244788808C60B3AD67A17576279F6F946923191921B0545FC2F12AC0EFEFBD7262B6935679FC7F80629160ABFAEC88E8430E76
311
D82A8DE62ACE50BD4A42FBF03B387B37FD321B37E31C3F063D99703F5160E6C9E5A300CF32A91E0A085A29C0FC507F6C21012303C6104B82C1F1E156DB3229D1A855A32A8352C9077AF733A0AFE0FB3EF81FDF2F0F82C21B0EB06998866878B103305E31EC17F4FD43831E570A2118D1667632D4FFFFB125782F96168A833D
311
BE78C3F11F8383A79D49F58F1E3DBC780417AE6581381E8610604888E2913E12492881274822C221AD04CB0B1D273B8542837460898C686864FF6F801E8269F40AD0481DFAF5E6E9C1F3BE391C325004DF0746A4E4448F7B52C0D5EAD39EC46896B888C4210D68E99DFA2820DF7FF850EC407EB55C3EBC5028611409BFCB88
311
89C90F1C52355AEF98B18100094C9D0EF6F64FD47E5CBF3FF5293DDFB4B50DDD54F351446FA1F14580DC3902C085F593CB24ACC917B213BBC11B3F0A61042FD8B24F4FB9C4556D0CB9E1A880DE89934CE9607F18F81FDD950DD0E1D143F41D56110E227C250621FF098838042BC85B5B6BCBCBC31DD37B34966E9FFD9936A2
311
FEFEA9EBA4182E5CD3E17AE35501FCE0707E5525A7DBC64DFD077825BE37CE0BBE1BBEC061410C660B6E49912665E2B3749C7C9F93834022F74CDE6CA5EB501D9CBC04B768292C5CCB84478F3CA83074092C6082169015E5800D5839DC6C1B58EFE83ECA513BDE3EFB8EF1242D2D4B3FD55AFE03D42F8492AF8A3F21444FA2
311
FA9ABBF525EAF84C09F0168527B0138A85D1EC0443C467B28BF844EAF76323BE13D7C11F72FED783837B970FEFDE7D7817E077C17EF7E2A1C2C0FE851FE4C008388C15E818958746129E1009D054B67530D6B3D8DA3D59D82D9D57CF70039FF50FFE0DE94089DB269C3655A4F25B38C49D0BD48E59F1526887C18FC5272197
311
F85CA72862A593A4843CD25F920487DDF7AA0441A2C0600D062001F103FCEEA3D8560CEC3EBACB01CAE5A51E420349F602191E5F901893142381351CE17047E764BE50DEAF9E4D8C38B6ECFFACEB141E54A6865A88A60133EE9CBB4C256930B0B168C1C3AB59FE1743FB422C7166082E934AFA5EFA3E4BCE0B69362FA70418
311
18B7FDECE1DDFB4D022007CA23E521F0700AAEB5888BBBF08023E128B4045381542FA256B0D04E28A0C3804E233A1BFB476A2F48FD135BAF9843BEDA3264EB42BA499601F16B566E72C7EA35908ABCB9176BBED43204C696AFD3D7B24B08D3AFA44BE243D88A6D9D0B6562B52F741E1610C0EFBBAF2B0829289A640EC4C8A4
311
FF66A24430786CEBE1E1E61AF9507BFB496EAEB64F8F49B4129EBDEC065EC1F8A3F228A3CD0950883B41BEC6D1944AE06147289600A7726313AC69A3F91197F1438BCB743E76F01F6EF1D1C854071670FFFE43FF1EDED702EE5A14C85D0C42DF90B86068800659AC88981855E3E774A71C0CAC2F76754EE7CC87C808D1E1E0
311
F6CF47FD4224731337BE1E39C5010823EE997B1491BBD99FC8D8EF77482BEB5EB2CF66499A8E0F7511B19B3EFBDACB6507BC78731B1B383D02FFDD7BE8DD9256F7D0BA7B46015941097B80018F700FFA024CC08078F51806100ADBFA163ABA8A3B95B9D2F92AC30BC908ED31FABE0CBEBFFF0279B675868F9AA24E9530B08C
311
174055B7F48E4F58002F3E82F0BDFA003E8B431EB6C4A91E4D9B5FFB791265BA8827BBE5F1BCFA7F789F72F75EC800F8AE43FFAEC42F13009FB905A9A0132015D0068ED7682AC608BA6771038DEDB3B33082891FAB1ABF5614F93238079726B833958796B845B731FCB86316713C1DC581B1E19B424EE32674093F80776F7E
311
27C6FBFAC85C536CD955B96EDA2A3FBF770FF4BE11845470EB3E42D022000E0FE07D161811020742162444668308801E133A4C163BE68F6826A5523071CA78B2FED51F28F8C70FE4190073A3E5D3259D7A288CD19BDE623F10021BAB0C6E327FD507B2741627727EA00D31856492F9F009D7F152D930704E642795C1C1B336
311
E0DEBB7F0FDCB79318543B25341F36802D64A981A690B94259607DE0B19D466BF8C1C5E1CEF9A3FC5C639FD6117B4BAEAB453F8EFBDA500A67E8BAF76C8A06566E36EE1184E8329419161F83D843D5DE7D8221163E145F56921C3EE383978072129E290A9B7166E63D26BAB1FCDBF710009E4051842390031845F20077CD07
311
9407C575F20364C4910ED2A574BC357630B0BCD8DE39335EB175646A698458F6A346F003A93002E846FFE0C459B8006E506D79BF902908A0AA05CB5E73530E33BA1D3C2EF99C712B7C8B41DF4D2A7830BE8707485FCFAEEB85A09AB6D39BBF7B4F23E00509C20DB04E240822A4B810E04D8D53D10D504C059ED86BB8697F51
311
4777717A8F8144D48A4C89077F7EDB00E2D89DC02A7B975640A282C49A4AA84B70B12BFED8EA6584860DFB7EE23FCB00C6BAF7332FF259FA3C9346508813E372F1DDE425065BB61FDF8300F7EEDDBE8D0C6EDF46F7D8823478590AE23759D60DA6B7A9F125EDE8F4A5D2B37470D0B63C30DCDE3D3D59A8D1501EB1B0A53775
311
17BDD6E301F995E3F955F0F58FAC2E81CE172A8344AC03DC6781939D2484B8FFC15E8F3ACCD3954CE19576B942D0A029188EC7013FE59AE90B71292DE774F1F63D60230180B30A2EDC65291B6211B4081128856001A680015CE000708254891851D4B3BED0FA4D7166B466BFF1D2A924885AD12B387FC0FCE6819AC3AE06A7
311
AA4B715F0927B74D119D4A668FB54B8A8C268D8B038A207D10A7B1E95E42195B695BE0240F7408B311257C23F581E987C180140C584A02B1670CB817CEC0A080F259F1360E58452013200E3EC107AC1DF4FD7B0F6D23F33347F9527D9F51E6138E31AF35F1BDAAEEEBA3D71BB402E2FB47CECEE96B4DB85536772B07C82A34
311
F3E66D0BCEC207FEB9E70643761276F7B50D5EE963CFF80C7AF4A2130F5BF8C4EBFB5F07B709840480DBD8007FB7EF3F90104908BA457D43AA2A6A02C91422285E5AAC143F3313A0CB74D9D164933B86C25587134E8D342B453FC982860D09FD13ABE72055ED020E85D3E312F74C25CB0293D978A1C4001927C80B86FD0634
311
9126EC219F0C735C8053D8F5F310817EA01F1B7851F406144C211C6362C27DD51F1E310C0102280ADB891E9B085CC528A2B1369A46BA195B9A2B351862CE43174BA73FB7CBB430A5798F4C54B7333B96C3224A9863AD02B9FBD8E63092191924E77C199D92887DA594B6DCF0112857162FD0949FE6A441F5E62E42FB2105BC
311
405A2301A3424601DC807912CB2C39C604A27908021CDA30C4C8C2019A883B3A8BD393BB3546136EAF561980FB63E9E035FF73B96D09A905ACB2C11D79571C5159026227DDBDB81396EB03F14100BEB66DE1FA9EF82C3ECCBE318119C4269FD014E66361FC8BB0B4EA9A98EF3D8848A01360430284335004C183CC25BCA82D
311
2302EB03B8419241C64DF4F5ADAF77B533BE786334BFCBB8DA72BDBEFFC36103AFB30608A0B39B58D93F0BF42180841DD26BDC22CF0A770E90240006BAC65197D90920131C7B2EB3CFD3C71C6378A305EE8488FC1FF8D391E2BDDB0F6E3F45E7C8207C419800DB410073A3173942CA8D5242642A74496FF115832A6314D9FA
311
4257577BF7FCF8F8E8CEE8DEDE5EBE76DD3CF892BA7FB8B90F629431B5525E92A15A3A4A6FEA3FDD73136172060959206591F4C927196CF645AA285CF3014630121754261C0D31E1A7E3DA2DBDB54B04703BDE3A4209F02045C4BB0F529A14BED07098A2A1CD47513DA64B512F409BC01663090796D787173B5AA141B1B39B
311
B470EEBCF1E30F9D263ACC4D05110797CEF7B923B027F089F74D1D06F0A4D8C0CDA6604023FCA45B76C5CDE0BF3845ECBE13E0C0ED73700A8A753C1AC8AEFFF1B407FC8A20F42F0D94019121DE304077A027D4112283BB8FF0072444D68AAD111D6F591BC0061854BBC048EBBE9E81F6A33A95C21BFD13AF3C7E7DCDFFEB0D
311
E8903F77B41DF178E99C289895B0EA8CD640549D68935BA7C5294E0A1D66DA0CC419BD398E6265789CA1241441AC94532A3C19C95340BEFC68703077EFC1D307B71F3C500859C11494838E902203A2BE90EACC5135B80B078804340C920C2300BCC06F7A1C71B875DC572C9BD1D84BD5FB9363CA6BA7D03E5C40FDFC54FC23
311
C9B4B9DDD028787D89219038523BF64E638BB37CC25335937A00DFD32869C5B390C8C32FF25C8C47A7181B4A599A224A9DADB0E0406FEFF9F183B7448F081E3C55024FB33828784AB61704482CD0160C04174F9E33BA9291D58C2F1F1B1B3B5863B0D9F3E51C35C253D54A23E560E2C0CB3A6F7A81382601C2079CAE96B7B1
311
560D20A341E85A928A4E01083256420576C2ED477E2E565FD9223BCC691CF394D3D8E281501E0EE5C1C8159E92585D255CF30CC854C75318006EA4A01028EC853F9407C6053910BE105348324002260254886C156260F9189EE0F8C9A3CBAE9D5A992184568A69D5183A7DB97DB089FDC57AEE54F858FE54F577DBA8530964
311
0290F2D220952620750C5811FB772A7876D1E4040FBFC6474D51246D8B3FB378283FB514F8AB3C20B8BF7DBE5DE541C9A5D3D38DDB30E00151E02523081BC89C2214103E0BC1B3D0199A08E002681A2613A2616CEDF0F0F9C5DDC75DA395C25C0309C03DEC8091A4AFD3FEB504AAC6633930556DAC86EE3561941E862C4A75
311
DD6B6BB3A0C59BE153DFA73EDFCBC3CE2188D3D378FC976D0EF9A95B7C8532F527CE3CF539581E0FE501291E9139FFB65EFF5DBD8E0C18DE3077170A64E033FD278F18068028802F156C3809FDEB11B1019C208D020C9BA2870457F0F8E1FDC7EDD393E3B9FC9C4308E9315704233F960E554802C14716B0B45DAB5EAB5E25
311
AB7830EBB8D25E6CA94E4AA01794FB1EE164FE9F040FE82C940A4BCEF913075D087E85A7237D3CF29C47E4E676777779528C4781761F0BFBC1D3A77880E40C9A2E5109180D5255317890394229F0F082010354082D574F1E3FBAB7D6553C2113DACB97BEB5526C7C6F69F9310A94C46CD89FF8F379AD1AA035FD00FF3F3201
311
80F01417A6F255A3A8D86319FE0C0B0E06A0DCD33F79841339C01E5BBE1911AFCFF7C1E0A540BFBDBFCF2372352686D863F83F59CB6865F43104007EE06F52406F680341102048A01BB048823082CBCB0B6AC48C313F3E7CFEF8F2D1FDC3D6F6F9F9D9E98D9D7CAE5EADE2A6512FAD7AB526E17F600C85550DDE9ACFE9D97E
311
694513103BC69F8A2813176032C890C1E9C49FC09C61670FF8705B1D7386260E7C8E7122C7F8208A55139E8C8D4763F7EBF5728DF9C34677364E3A3F9AEFDEC9CD95470788834F9FBEC512379890B38C94205B2557987C4186DF5C0837608DF0F9F3CB87B7EF6E920475752A01460E556919B2B64296FB9FB70DD5F47232A0
311
F77465BF140CD001F00ADCA175090E2665A14E6329B62660E02A1CB50C6025E3DA252A670B3F0FFAA5EAD94A509FE7036B159E0D1D9F2E76B7AE1FD5A606198D3A747AF450023CBDFD162278B9446688111009B4029B0F2180AE20A542D40610C073B47FEFE1416B2B12200F3C991C2F54EC2491027A816B0A34A9D05C6F43
311
7AC23462385DADD75642EDDA738AF1600DBE07EE8437804D2D011A94DF71C2085EDD40266A407FFA1D1C00B0C03927E60338E3B9D8C47D1F8CAED578E06F7CFAA4BB63B175FA7C301B747CB377F45192003CB8FD34B12009224543D8604494011A80C1903CE0518C986208E1C5FDDB8FDA161686873BBABABAE74FA637BEA8
311
94A44078C19696F326E057D7F95D061A6B0394A9D5F2DCAAFE4C2388D8A6E9AB7695CB0BDD0A332430F1A9333DA41D1FFB97FA09AE84E738C75C407C260408F8DBD5EDED7DE1570A7BE333C54F16963B46AB0C2B71208EA3D16EF4EEDCD7005241166C005A73C03164792151205C007288AE337B4D7103741BDE7B7AC91335
311
0B348B2D767515674EC6F72A0402BBCB41C81305AFCF05F2758D3ECAC8D26AB97606DB9581A4B7A8FFB068CD5C0604E6849046B70C2B60FF0CDDF93C13822B4E82FA0479A68220E66D9FD775FB3C1A9CDBDB9829B6AF2F77EC9E0678FB20ED8D1B1A1A39D10F9812E20D6281F5673121AACAA9C53424000DAC173F7E18C305
311
2EEE3E78E7F1160F5AAEAFB70E0F7775CFCE4EF384DDEEBEB9C0889D5243BDF557559FEDE5F17AB21E118C4C31A3DF6A96B56AC62180293910ECD6B721047664BCFCC6B2DD3C65CA0F0C823DFEF84083C7ECCDF05898EEF158F4FEF97EB9C123F1B9D1D1A3D9F9AEC5F5CEDA84A3C96C14A55584D62893D6A54D8D2028D05C
311
8B1F124884543F3223B29D208B04910D3FC43F5C52196AEB5B5F5E58E8E82610F08C21BD443801233C0CE8BD1E40F84A1CA86001990048031ABBAB11EF83F9283EA89F181F2A0D9A9F62D94B7F625FD727E6A93F63F200F614F7CF100D4511C07DB45FC5F0CB4CA359ABE4774631FDAE85E599EA0878A3C33D5AD6430CF4C0
311
55EE5FDB80629000D7855DED3F436F3B61B3DC7FFACEFD2B1BC6FB0696312CFA477CE87A87070C7998E04FBA78AE3F915A065E819FCF35B410321D9ABB308146A11AD5196CDDD7C477A171C8AFC74B45CBC6F641AB53C8D4ADA5870C02379BC0470CF83DB55F073E29CF5CE5F7A3F8FD62EB7AEB1774C2C6780B9523F92871
311
93FD23DDB79FBEA513B45200E2E0C1B51350163AC19043C600F2C1DBF7DEBA7BB9B5457BC0D840CF325EB0BBABBB786D301437000020004944415472B491ABCCEDAFC0591201CAC8EBFACBF367FE7B6E40E69F551BBBE7123E3C00AC560CE20C62436E8C3C54CC225EE08C0D74CE26148877689EDD004FB2BFBFFFBB984035
311
373A7954EC5EE8591FE531348654514DB1D1C56411DFA2A7C212BE5ED91278F2851A432244C6822C29C85A8B320ADCBDFDD63BF71FD32648E7D098CD018BC35D7FE89E250EF2AC75F96C15271602687965C844B8807C6E7729D93F22E81D39ABD62A0820C1FE9F11CFA7208125D33E96FD69E83AF6052DD32D49FF0802CD9F
311
9DFD39260389A950887A647CCC99BAB17132DFB5DED35138FB3A060F6295AA5E195BF0BB56495A5A4A8FA440026E46A047D40ED2520A441C302D240F201FB8F7E0EDDB0E12A04D8816215A0579E8FE1B1281E9F19C9900DE79842E2A7CCD48E9876EB01C75DBA0E0C8D44AB5512947A00BE7CF5DE9E1A6A6BE43CF1A78783D
311
FD5A404E4477336C1ED8B18908B2A847B2AFE9839E891137A6673BBB96FBBA2A4B8E9373B001F08369BA11BE8ABC4302FD2345FD6014A127068427D007BE28B41D9B0D40FFB7EE531FA673C8870A69135B1CEEE8D009C08042A5B4EDA314920B635BF941E7487E45256439DFE9D276295F87E698389CD49FB394FE19720412
311
DEDDC40E9CE9C6DD605E0B719FADC416CB15AB3A61F9B5B9B9426E54F81D8B03DD950946D432B40CEDAB7BB5AF11213CBA73C9BCCCDAFBCF06127C7980FE6D1DC9B4DF14832D6568FEAEEBA76FBF438300B541064ED33F3AC0B0D10505306FD370AED02859234402F6C3FED006766DDED2034D90D119057225EEE3DAF787EB
311
F30EC51ACB4F551678BD6728E1944730C095F13E4D81A4DFFBF67C5BEE37E62A85FCCEC6CC6C7BC77A5B477E22223ECA4FCC0F87E2A5E3EB782BDB25B8CFC6736A044DE5A7CDA604526361D650484FE283B77EFBD65D52C1C73C4F48E7D0D81ACF572F2E2280F98FB230508FA906B42DE240ED651B301CEC83DE1790C9FD96
311
B6CBF986BECF3BD332C18EF627A0B6EECD5B152E02088D03D828AFFAD26B05BF671B4F9A09A8CE0CD2707F67F2A4B3BB75B9ADA331C1305BBAC182FB4A79820B7EEAF73199B8404C0B81231CDCBB871B80FC41FF5860E8E108222A1A076C29E6E03B6F3FBD4F1F295DC457573C7ADED636D6B7B8C88413DDF3B327E1046AA5
311
1040B40CB50C7E3F1D2E44DAD34CFA604029BFFBE714DF0C069908027EB275F1F366C132E1A7450B04011CF82B2B647CE754F650FF6E25BF37AAF65B7BDA16CAA791F1D09F6CAB989EC5AB7809BE145FA459E8D3E4B0FB47DAEF093B946FED585B80FE1A0305FD5330FEDB4FDF79FBF6BDE81D8300CF6815E5F9896552412A
311
03F31FCDCC7CB5E32365550CD9365FDCCEC8752E943161D78047336F8AF6539840A1F2E764FDA2970999F205CD2BD1F5CF496571F76EAEFA0E1CF8FD2A55FD06391F9EEF8B9DC9994E72BEBEE1FC928E2F223EBA0FBFBFB4F2DF137BC894B8087643D64ADE6EDED67F7680FAC9060239E845FC94AE93D880F994FBF71FBCF5
311
F66F9F32C292EA900F9C1E6F1105E81C5B5F58A067A448143842008D7275EA3BBA3D2516FDF02FF79260020D6B3C714711F3CFB61BFF56A826E627E82256F7400FB387FEF23C1C1E77FD6A21EBB1B2B35F2F95E7760BE1FA3ABB3A981423477517EEE36FF96F122B942F6FB64D9502BD1B9089162532A2FEFED255028FE653
311
C9F46FA321E0B588B7DE79FBED07C44106CC85133CA65190543004D01D02D8181DDDA5A9C91A7110805B7875B689FC3902200FB192E7DFD936B37B57D9C338BD49E99E181F4E5FCAB2ABC1CA7AAB382CBC7D515457CFABE6FBC63D525E5CDF74B16378B9AD6774A58531912D232DF01BAA913DFB7D3AAFF912984302B84D05
311
00077800D26C60A4742101DE420C610C2E92FA93056022EFBCFD5BB6B38651470CD33BD87630C05831BA864C85997B8754B05167F0706499DC442FCD22592AEC2ABF3FF13F950039BF159FA9B36ABDB2778EFF83F70972B83BFD3F4899E64DD8346AA495CB155A7499F2CE39B0AAE755125EB84FD8CF8D8E4F4E9FB4B72E8F
311
1DBCCB98B31BC4607C2CFF21C8145FB48EA0F2159F86A3098415609554DEFA7B27EF1301033DD06D274BAF6821D220DEF96FA4CBB60B3CA241C021D38E1AA76B4406B4767576166766A6C7F77273F5F395291BBA19F64F2E3095C14F3E60371827741CB27E89543857D6D96BF9A47C6A9A26057840332EB843717AAD171880
311
217B71FCCC0355AED3D4819911F79D0EA8AD6DA31A83E36C5DC2D470295C011302387069158F6C9966022367ECF1D00BA9BB95C389AE7B6105A1FB640689033A7FCCFFEDB762189103A61C3A4FEFE0D6A6B5A19EC5755A443AE78BC5E9235B047890A65919A0D2F96AA3C01CEE913BB3ED239C3E0CD8DDAB99E4348BF3F8B9
311
77B6C43DEBEFBD7721A839A63B94C06A10DB87FCBFA3C2932F8C26F88B6D6BB30C3C4E09AFE40FAB52EFAA1EC0316920E031A46D65A0FFE45A673432E907FBCF86717AC04F2CD0EF512D665FF53F05BFCDC43489F150890C60A8E0314E70A06F619D30D841189CA15D3417F3CD50191AE4396543F0C42BCFD696C58DF163F5
311
B46D708BD5FDDA5E5E5FDF9401BC4F7E00E8A17520833D1CBFF495B5D1CE037C664123EEE74737268B5D1D3DBFDA6AAD8C08DF2C0BC7A737E10AAB2A7B958990CEBF556CDBEE823CB09FB344143463C630CFFF585D330CF0320E921744A7918280FEEF981161008E9FBC78C830217A07B7D6985E83F9A79884ABB5AB383B4D
311
7D788F9FB3D867A2112A43F19042B33A108690CF6F472F8661CFAC971478757F6E6F2F7AEB82FEA85E5715941778B278281F28C268AB24BDB470EF3303E09C359E9DF1CF990D8A096106E6A66C8620DDE7D281DF0B2831F20439A30D68386CE13E002F7EDA8D7806162B205D6A19AA1FABFD6B1B400EC2BFFDD66FDF7E8755
311
B4883C043F43046C1326136680404F1F934EBDDFDD39CB58A98DF1BD7880E0532E671FA1435E9D6EA5E9071000BE8F262E7C4044FD95D5FD526EB40A05A634775F32205C3D779FDC168CD5E56BF982508BF572BDA4F6F57D3304BE9EB18149461B12F760D7485891CA47CFC44909136FBF4931716A2E100123FC6CCAA6A644
311
F25EDF4AC980B14039009BECE8B798BF69A05DC5B6885CD23F8E13A46FF0C0A986D617F001C52241801E87C2974C31411DA3A5D7B6175472763D637D3E57C33B908F867F4A59CFCA7923375E5F027A983E18BD7BD4E6FDDBB2250C1529F4202EFAAF979DFFB1F2612E87EBEFEC58581EDB9AA95AD1D7C1905F7305BF8182D5
311
BBB524D47C4E3B81CD843220DE1E6536497C0962C225F75A2D6A998303B23FC501F0B3F736EE1FF01200FC8C99F5515207C9C40081DF304C0A17D06E26CCBC5B3C47459308178301FA8057C2C0AE9D99B05F038828B08400F2E3251254DD7EB8BC4853B101F99AB48E387457C96951E5DB670648BAB70A7B04FE93EEC5F5B1
311
83F9739C98952C6845C380D401B8FC86E70A20744EC720E09D35955D96A9041720196D183AC2CFE6AEA816652D0234883D788BEC8F5DF2615261DB031C2381092401B48D8D2D870FECEA9C3D99DDB036C8A051058030E32190976718C89F031DFBFF2EEA3D88606A8A19BD0AE305BDFD12BA4FF46F1A0002B07137989C7489
311
36E9DB2C91F43B07E4E4D16C3779CF5A4FFE8CC981F07C29E34B7C012AF0054FAEA4A6A3D49D3A16D2B3CF220A029003366663053C89B3FB1827080DEC2780076FBFFD8E39810CB0593CC68B5D9009F2D400418028B0BC6CC74067E7C9CC0C2690FBB084AA5254A12AF63543B35EB40D17B693F7E3464D5094C00AA9E04E0E
311
0524F5C35C5EC6BA94B21AAF2440725E2A9FF94FE7A8F0E769EB83FDEB039B631B18BF396F5C13CF89ACC02C387DA56DC3B1CD84B96CFAAA37B55FE723B611062258257D331F186AC93D8AD600B4FEF4AD777E4BF68F2168FF08C081A37AC13446C859964803961928476D78F68419390D830C1935B5C2A0A22A3AB17D3D64
311
28BF12DC373B8D464E04C0A496BB3B3B75639DCC2500E0F0B15FB6F47B5A7ED0183A87CAE8D535F2EDBD4B3B7FC762DFE65A07C30B2851DB890082ADC07131EEEFA3DB7DD5CD32C0860CA83CD4B7993A175F422A8149B1C1D94C1145059D9C78A8A572A90B7C8B1E3392FF77A80C50220880FF3669004E90F101740D2B8081
311
81455A044904674E7482CC3EC85C4BCE339404C0B0BF6A5611E4F9B8157BAB6DE327EC9BFBA1B4557ECB609C1F45326499EFB90EE78F18227F09E563C9E63D847EDB3B68EB9C39E95AC4F7ADCF7D87F6752BB6912040281E4A0D8A8314E80D60470999B8A51FB1488A66A9F3F81FFA61C83F4FA6969E472288FADFD61B005E
311
0EA4284822E018911828E868614DA0C36E11F3A051070BF2F0840E35F200E2C0C80A776CC9E7E6841C0503D0EDF15ED9AFE527E798D23BEE5F0604E58DFB7099D739BF0BA5D332EF29F1535995BDBD0DE681C4F71DFE6A7AC5A13554AE6910963E9ABC9A0DB5B202225545F5CFACC942B5B93C207352B6E5310BF349AF2001
311
75D7DFDF78F6D683B7C87E087FA9B35812C4F8F13452CED610A2207541E6D659A739441F3833CD0C9C3C3DC2B0712F62333C4FA9327C9CA1124904B4FDE0FE21C119776CB0C212AAFBA5CAF80EB43772ADFE77CD9FA8A4144C54C2FB2304C65F62FC3678E4F6C68F30FEE1BE8383CE7DB86F58B1AE0C51F0F055E188D02F00
311
911DDB0991832228B3172B3E623E513FF1734FF414A611A603163F401BEA790FC9FF7FC3FD3DB02DC00184145B850D01D120424DC03C00FCEB7880EEEE939399F1F18DBD4AA54C939899304D913CC2D5CFBC55E50C7FBE4C0E14AEEF53D6843DFF56BE2D554637EA047D3C210E2C61077875FB5B40E19F43AB7470CAFE1C0D
311
3ED3B3B4778D1DF6D4F837C08747180FE8394F2CA1E0A46B6DA62CE2B2DABEDE0B1924098580FC16B369730E9E90541D3730D47FDE16EE1FFAD3419CDA05ED1F2715C607F2E81893AFC5936303F40EB776F1D808BDE393A3FA401E1C706E154C892860AD74A2949C409E28A8FB3349C764D13E4D1D3468952B7B1B35001BF4
311
1142CAD58D6011C8B78961EACAB66E9AFBC627673B61FFDA4167950A274145BF11EA17BA9AA60815C2C43AE1F648E3772E53C94E6364AF826019E723069A8AA353A3BF7FB5359281700061FF64C28C10B9AF0B70B0B0D30A31CD1CFD22F68C76DA1E44558869257892363C091D313EFA46B57C3BEB252E9C6BF5B4799EC58F
311
1910F469E25AA17B343799DB3E33CF410061F96C6D63FA91B1000CEBB7D2971BDD39A2A76361E000F5DBC1688D47CB812DD60F8001AF25B328D173A9E4BAC18CE9F1F628704330741B2649B92E9714447C68559C6CD2F681919367E4811100750058809D0230C087A89FF3C80C23C4C60882E481F48D531764BABD5CCECA30
311
8DE2F63D3BB50373D630796126803C2D1FBAC148F7592881B395ED7D26B7DD38D7096AF98841CB37592561D9C6565317AFBE9FC4AF7371E060736C7635E0CBA1809FC80F544DBAA1F2F9393D970D44C0615A0C6930E758B9E63AE690F73045F0C8C0731DE9CD80F718E94652383458799E02C06D328010011C7090D8C5E533
311
6A83D4059953877EA1E1D66FBE994F04608C4C991917230FB61F9AEE183A40AB9108D032449FD1A7283DD25ED15360EF7EA9303EDDC0043403531EDEAB10DFF87F5E2FD56DF0F1B701A9F614DB17FA0E0EDF6FD0B1622A81FA3D1DE5A33F551930335C353A87F9AB05C60455193448246944A232C5D07636D864CDD7A50D0B
311
4440CDCC465D1C418321F50E1648D500294065D869559EF3C40C8FCC6C323E989AD0F0C73142480B200842802C061008B480A9954AF282052B3AF67350FD0DD30D1F4075AC303A5D490250F5400ACF479656861E4C77AFF327F3EBECA4B57B6B6C8FF62602BF150744656A87DABD7BC6BED50527B2120C001A0B3718C74F0C
311
65CD34F275164D7968148DDF259AB8AD6CA81CDA4E8819509B996A7F642D987A401A2B04018C01E6C169A8700F9DE3B489DB2BC49C9B7B858A4F50D22AE15428FCA4A1EDB20C83492690CFE361CC7F8C8066FFD0D77AEE797977F468A36E0B0DFC87F90EE6348BC748F7CB73B5B9DD5C6EE7AB19ADBF6DF359F1DC2A0F9E44
311
F213F8041F64274C0859A2AB7C37440FEDDD2F95BE44065F22067E3EA0CC3BD8C0D8194EAB291CCEE20B9CD8E02950AD806080047A279F19024C837C848816719AC4A34DF8F0706CED904E8185753A458A27E4C1E37B5F30A104932BE140E0BF4E400160F320B054A8705042FFC47B4940810173F9C9E97240C7FCC3F3813E
311
A239B745DE9F1B1F3FC2F9330374DBD1A7B475923F9A2ED81716D18D1B577DAAB9D1A0458655AD3CA7E211867AE7C702DCACCD291E0F798013DC01BC326087775C0833E04EA3778FBCB8DA4687A0255CA0AD210C15661E4E92001A4449031D1DD27D327334BE830B64DAD90CBF537A45FBD4E94A7A88888E715B7E74FCD040
311
E818BDC1BF5AC609CCCC015DED23877080FCDC47BD8EF3A7B783A17D33F3ADEB6D6BC7AD75EA7C7852C5B6FDADA6AFEFC2D181C03F8C40DD8A4AB5024F0B72E34B57BC1182472DC80946789AFB711DB7F1193C03C893B0345F420246114D3EA71D04FBA731C0DAB0D3CD311B218F0D5A15ECC105D02F3AC32F13600084731A
311
83220040019B03180634B5923D438300B05BAC80881F061095FED5D572A3323ABD83F1D37A2301A8C930AB3F66ADF7CBEFED30BAAD7D78A06DEB6A87F15491F5AB7E25842B6B34BEFC12C8A159F187C64B3CBD2356DE5FBAB98BBE9583F0E3280C0076DA15BF34C15238145742B07080B1EFB83382F9FEF2239D0035410410
311
83C5AF9EF3C8944DC2030BC3ADEDDD9D27475800693049E05413BFB3FEB4308731512F13400D06F813368A0101D8D863EB3E75FCCADED124F532AD3F123F131AB46A93DF1ECE7F96CE9EB6C365C6D6A07EEC461FC919FE288AF7AE1A7D012D291EB073735FF26BBB1C99FB706E972192819B7A34BF22424BEA1CC7958AC2E0
311
4BFC8E02DB90A4A1DD04811ACDBC181037864672C78F6C0EC3073A40CC49D5E813593B7002763BC6A909D31AC86F3F6E335C9E1C309BC58F16418642E2AF6B290A34FEDC0CFEE08FCA0F56700699CB73B9C99302AA17BD516D7F1FD755A2B32B3FBE7134D3BEC813195BD355020A7DBB541539CD2C06E45F46FC0EE08293E6
311
C0E1972176D9B678340AA1A4823404EF79B1E2347E47C35D0A2260730E0B513025DC0BD1C07E3366E9B9D17F767405FB531070700035618606F0B40C73C974CFD321B0C174A80C0F3AA54945FFEF348F5488895713E89B5C98DA501E06D8D24FF04FF0CD7ECD7BAA755A854EC6A180AD13BE094E8D5D63BFD6DFA5F5D3E4DB
311
1BA18FD8473DC6E17FFC9832B71A2A94D96E808BB53F9192955D62C82E282B05168AA0927D54AB20A20A74800B7CC9655C8B15F62377CA4C91641F9F4D0478F4FEFDCE273A002CC0A725EC165CE3A149F0333E8E9600B2C05A7D15FD831F0938DBE5D0FF13E3C0F0765965A0961C3FA86DEEB0E28304747BFBA5FCDEE44C23
311
544F7BB7BF7A132DDE34F99E44EC3FEEAE92F667A10F7E90B0E8C6442DF5A5318B0F816311DB2E6DC6F172C363FC800EE09186BB9EC82A24C0117700CD884AA42023B81EA6E0CF8B3056411110D78606EBC5AD5417B45BCC8E61EA01C4006AC233933E35D860BC1B6CB9C9CCCE7840D2E0C1C1FFC11CCE54D59300F2B47D66
311
A10F09D8E24B71B9BDDF98FB62A3B897C53EC88D16D1FFE8C649B17BB8E760EB20B784F52F992544753F2CBF642CD3C9C70D8722C197142C567E74FB431EE248A8F3FC00377F5142144A82FFC28AC2970A780C85A7EE9146FA4B2981F3C93BCB0F3FBCB6DD3DE69C72B6073B99140DE28B8E919D9D9E7C2F5FA99FC1FFD07E
311
9AC0965CDAEA0A945FADE52C791EA989E8E7A21A355FB37E44405D171B98A6E946DB26AE71DBD01FEF07FD378F5B4B518724481820890E7486E3FCE61A60E096D577701890EE07CA5D7F2B086040749FCEF3F81972E510A86359C9BB579883035887542090614E5C4461705D7CA1CF84DB564838606CF1597E8119790D0210
311
80C935A908324EDE9F60A04B7830A33F0670CB08605B8D01BF9A3D435693FAB4FD84EF6754930640C1F9D74B052A7ABBA9F502B39DA3BF6BC7514EA4BEC71D752BFDC198EDA8DFE8F32B3EF811E4576B0A2074B99B070A069F60173E7427BDF285024E35A4418B7A412914F2800F1965C4F1120A2D5D2C64400563D5942044
311
807BE7C738EBF3034C4A6F4D70C04ED1F97673C039FABC4CFF18866E08200BB66BDC9CCDCC3FFD1E43BEFC52C317F0F5E64900FBFCDA4DEE68768FFF46350E0EDADB7B34DBBEDE3776BC55599AF84E312229F931E700D04478D66A0D88D09B2276141AF0F8811C5F8067DC04C0F90929F7F1AC9CCD368488AFB965C97B855A
311
3E2E93AE5B4866502E55991B82D4388614F2C36B8484A5FA06E3EFFA984A6AF17D5C2073299D9F12FD63826F67FC460E54030981684E9FBFC22009A3006962285FDF4FC84B699FB5BEF3736C6072F6844C15EDF25883037DE6BB7AFAD6AE164B367812FA8CFCA6FA25725D99AEC5C6EDEEC64ADDA2BE0056002032E1D7A20A
311
54CF444E360D520A5B69816C0A953CE0434A8A898BF18E2B704588C01BDB2133342F5404FEE698957C200EF54E31BE6DF4E888C9C67F5F3F1B41F922777E7FA6332677C20098C59F762F5DFE4A23F9801A3BB6F8A4F66E0D40EC867E92DEFCE84C714FC7CE8DD3DD3BDBF9C781B1C3B549FAD2C89D711808CAB100E09700BB
311
85240374A7209212F320CA577222A7020E7824500179FC7096C714884BDFD9499E027ABEB3CB0226CD293CAE6E0C41A6788F396606A073E28CBE5CC67D584D36CA39D37974FE1023253E3FFB007A26F657FFC901D851130DDC2BF54884F20D5D40A0B7E5C7BCC7CC87B84F2ED820192CCE1AABA1FF24ADBE1D03635B5B3B53
311
D4A5F84120125FADC36A0E792D3AD7E255792CD5241A4C84171F1104090017DA493D0A7790A7BDE6DF326180398E4B0DEADA5C2763825E43E05C388E184678C88CE6422606C017F030366981353DF03A753DBF6370879F79889DD0BF75408724DB53C5B0063AB6568D02DC47AE4627B58D7E367A6000267E7840C23A0940B9
311
92DB98ED1C4731B4FB4DCFB6D3EAFB6CAC7646F0335C5031888CD74E2103380260AD47176D703960230370FBBF28813524C17FFFBD6288BB28E4F905ADB4A788B40B4A6201C1878BED224DE9906C4C79EF32EE679B9F5D3B5DFA137327320643909A823F62106CB8F9BFE4BFEAFF0FC7A6393EC7F64A698EFF8ACE31BA05EC
311
E6DAB6DF124118D1D13F892F3D3530602E3F3ED3D59DFB821ECFA3D9AE85B1ADAB9E328DE738BF55D5DFD039445AE76D0194180F57B15BEE5F09C07F952F9A10372BC894CF7DA12CF6507E2A8916E0DF430C519485C55D61EFE209912D8C32866214E121611E22A0B1238DB18E86636A3BFAFD5B4EE02FF1E505F902BDF424
311
D0516907BFC95EF3A76B6B3872769D67E25B548F0DA46E2B93DFDFD5F2B9E9EEE1EE1DCC7FBE6380DFBF38A165CAC73DF912AD76A4690D2B766A3EB4AFA2D05BE543EA20B095FB17AE3F1928D84482049B659E671A4763CFA567C08824913D37F2F92F841FC244085C1681225C04AD6DE1684831682CE0D6096B56101C0D4F
311
B3A1BD3F11FC1105AECF5660BD3FEEDF162B0D9DEC6DB55AF27FC98050BDDEDFF63ED14B01336053A19DE9AEF5F5D9E9D9F9E19ECDADCD497BCC57681922F327EB41FF681E17C1921B04FBAE371AC69E53F98183E91B84897A5DB164158BD1D12FF6F6BEF0E02847727BF2628F9FD48B6FB11DF6928C868B29590A0606F921
311
40D0C08850DAA7DD8A5FE8A50389F61288AEB743E9C801BB67DBE0A7F64F63BC87770FDF57AA73FE1F5A84F8DD3AADDFC32087FBC0A7D645C327B97D65E7A8BBA76DFD9BCEE1B1CDE3F5F7CE4E6DF4013ECD7CB60BD1239E8A4E9A5722AD9C4FAC8F7FF17B214AF8801950430639A08E3ABD05A0D94E253BD5951C885B0CE7
311
50309070555FF21F2EF83FF53F4E15038B8D8A244740A5C9CBC120043DA0B323FB1DA0A4EDA268C05A304619505000BE10415DE898809DB6B66896E60AE347ED3D6DC707CB7D5B5BC374A158EDC343D0EA61C217D4878CBBDC1D85686782C3CF4272E7DCFB5E9EF628F5A95AC1AC0C6848F5771329EF8DF2BB79EFEDEC8DBE
311
C72EB7F245287FD4B31008AB38EA4D52F2BF57167159E3004CD8950E217DDD6F699FC763E9D1A0AECC701F7BD4430A3E030374066938F883C01DE40E7DAFD609345E33570F4CE6BE467FBD7F793B5AF2A9D331D86DBA7BF98067918F9FCDD609A0384B523F4413B574B818C6889FAEFC5E7B8F90CEFD62BC2C85B2478D54DD
311
076635BE434FCADE68B3ECF1C8708E27863DBEC352D87BCC7A92A8E135700CDE65BC114026DE5DB68275E656D2C0D4087293D43BB4C9C14EA83C0D806783B40DD7CD4F19EE9F33801F55A3F1FD600017A6CD5DE607783D5F74E34680E7DAB98D99F6E5B5ABC7F7DF19D8278322F6A97FDB2FADE1539BD945DDF868EE2B8B70
311
D9EDAA45D1BB0A5801198CF1DA891540474745BF0317F8A3703E02510AE94B084221F887FE950272D62D4232781054A87C58D015CD45EBF9B70E60820A2056E9D4D619E8494BBFA68B61EBDD8CF52CCBA124BACD4A4077E8420A7F36FCDAF661E577B792A7E1B7E337C7CF1FDEBB3B49F501F3C7366C1730E793F51FA20A9C
311
3D2E9F18E63DC277449054CEADA36DA0807467D45F8A744E1BDED725A033868703F1392BBE221158220588F30574A0B0893D0515B0B7C404AD0E7F40C11D504C49BD7DA39A85A19CD7357DFC966E5D92272FF06D59CA5A6A1C8AE30E52F1247C1F1D78F81887F9F3E387075B170F9F5EEE4A7F5BFC69DF02FD8795FCFFAB47
311
2E7C88D563DA514861B85BD41594A75F5E866BE69471110A9F75C8609C7E6BF6C7C727431EE3E9E3773D2378C25226E82C08104A57ED273FE0921D6990E02B006BD038263BA360355E8DC446A380F0BA35FA9945A80CF60DFD54054202F91897C241C147D59F8E0FC67CD0F2BF377A3463F8BBBABCFBD6833C57E214AC3F5A
311
E9C2FDE88852968F20337972C7E04EE5658223008AE82D93BC37D8DDD900BD6B16EF221F0D4149045D740A8A215D4FC186C658E01994B8CCD317465828704BB630DA2243B3B4ADD3EA554A97408454148C04A1A0CAAC2E04033C04073851F54380E0BF2DFFA43FAD3D6B574F2E1E5EF6E5F4FEFBD1CA87C161FCBCF5C7AAE2
311
F726F814027BAE10F79BC3D765D61D1803952210A9AA07F8C6BB2105B61145B324F96014EF223D4A9261080239F03FF6F4DD4975C183B887E081F7A467A25EAA0C94028FEB808637768B07400A8235D4EF33143253198900E079E3FACB0C59B00F827A5785A6FFE2FCF0C0E6F1714F11CDE5140D931D707950631F3DE877F3
311
00002000494441540ADFB08704E252AADE1BD4E8DF55796A32B9B6F17737C67702E5C638682737286CB0E0A89B624D5BF28222432848C9AB8C07170C97B814FF492A61072407D638006F7C8400860444C01B1930A522788045633DFA9507267A3A42BA05925BAD705CDD3792FA23C1075C6EE768A673919EB6C3FCFE7629B7
311
310AA794CC9C0D14A1FB88F95C845BF22543F57996E0B26C9E4C2ADF187F979F8A55F11B47BC26594C52588518D25E6C2B1CCED231EA1B748F093E5726A21A54C91EF95789041030C20FD5AD68613432E19A4D0DA2505B6BD843516E10BB00AF9AC315EE9FDB39CC1F9EA59CD88F9CD071D470C86C4647FDEDDBB1CDAB81DA
311
94034747A779F4CED497CFF817348F69F52E55490840E48840BA72DB71F3E84F6DA2F4717AA928F153DA6E4C7E8E00363CEC9A2E1C8E65F298FC4A52F087FCDEE5CBA38A80CBE11FF7BC2AFF249203FFAB77A128A001B1987BD334AD9B901890A8C2005B6B248196AD09C0025ED841325B31845032E327C531C839E66DBAB3
311
9566B631C2FF0A1DA5A3CC47E665AD8751B47CFE33899DF047C9F3C365E3B11278D49DF939298E09002F6430F9958803309827A7C791048CA070061B7E9A64C557D235F83EE24822E5EAB805F9862F20FC58F483DC0EF02181F572930205107E00E523861895A2811309808F2B6C14B2AA579E893753C155D2F54302007E9F
311
F36AC5FEDBCAD47E182D91A73920CFA5C18E01F8FFF4C3F1FF553BCAD0E58DEF85DD63B91BE38ECE1A9FFC4AD4A1FBA30D462C328C5A0340DFD393D3D3D3C0659195C96990F391EFF4175213BC74C020922D4830FE215E76940962BC0713A3B82784C0CB6623DC40D6E1485BAD454F6892200B225096127FBD82D2B12006BA
311
E2E329C771E25FEBC0DAB3B5395289D56D7A8A89081B34EE06F80F819EFE75C67DEEE95D227E283FE98A7B9F1C97D2D05B4D07A469153C3DA3048EA68FA667A6D90E291C7D7E2D063E4D044964D055F2DBF3E31BB851AE9F78A0A7314F0AD24901F581D74A6929142039C65AF5830D1C809536CDC05E4BA51038F79D713DA9
311
30CF18BA3010E385351CF47F74D439BCBC793556A1F99814926AF12835E251C59BEA3C083EC2B2760FEBDF4304C9EB87B35769E1EB24B648542CFA4EBA9EF93CD42F03C08F249A2C98897D8E2225E90077823F4A52171A61219998CED6FA050992B6B0A74A2220ED12123004FB977084208F8E2AFC80F456CB110BCA647A3A
311
0F854085D84FE0052BE31FFE7F925610BAFEC06FC33F9931BF063F39DB3D1BB20EE357F594045F4226131578582CB055A59A073AE0413989D215019B6EB8A21CF154D71164E0D8F4E730C2CD382D098DA5261456A425643686BC8301710F2C50665881399156AA2B4C3191BC555728384800CE10040F746A3D8A80A5F0E500
311
A93456FEC52833BBB45203DACCA37FE1D3EE4B9BF0EC27ED47D89B8266F11EA2DB8B5A8BB93EAEDF0C06B7AD0402B9EAC6E787365535AF19F15158308A9D9785C1BC1C01377F8C6B4D07B50DAD25649764A91DC9812C7B34CA98184084F7C01055466B48058CD44085AF26648520C85C41C67805462D8425680425559F4440
311
F3ABBE1F3F81B1EC72708767DDC8FFB6465796C8FE310FEABE0C9B242A74137EC3E0427091967023299BE5D6D4D0C6D15747DC2AEA4ECC57C72856E827D33CBD319D70FF854369EB841282F84B7CA4881447ACFCB257E252E00FBB3272120A75B99119840858486615636E0E0334031AAA8C08A62E080053A0AAA4158431EC
311
727A084021D41CF5D630C94184F6FE7432E8F5F9A4FCDF3EA7CF136FC2988093F98ED622E38E4976E1BF0CF49D2889E6DF3566719FE1F9B47A2D3BF89C69155DCF24F88C609EE551160F0415900B4C48FB013D8900A9192A700748002924771A3686A0A580FE4009E00ACC090253E280B90AC15048E047020483A038A60ED2
311
32831F2CC90498648690D960C48E439F18F4DDBEB0B6F5AC7B7B89F6230243B4FA160A7B9327F3AD5D937C8BFFE5FF8B3A5E64283BEF8EAB9F71159514CFED62DBC880614AA1F7994CCFAE7D8C87057F451733699B8DF87056E1F0654B5021E38097E4E23221B810DE20559AD183A61C2C88A648DB096081E9801CA00BC1DA
311
0124E08DAAC15FD2936905CA8DA1C40E42B13F1764E0C4015EAD7F8BFEC99A310B1B7C0BCC7746D3C0702759C89EAD57122092122D1F857067684A578F1DAB7EAC400841F493A468113282FFE42316CC74C756B1C880FE78795C692813CF4644480EE9B02991BCA257A71861F00666D9410288487618D120D0E80D7773E2B7
311
DD180E100EC98B221C94BFC4FF531A09B986230F1CD08378A8E4D0FDD7D9B1BC75F5C12EAD7FF83F3ED19EB018620303C217A6A35D826E72ABF2D8E2BB1B783F6E48D2E3F360806E1D192085D022103473A10375B63853EC54F500B5B064DBC20945B88160DCF7E4F83A0200BF6FAEAC88E9F54D22D898E43F378D20B51B5D
311
6B1457000922202800DD401A9266483029C0D6D57ED80D42A0E6E08835F0F3AC73D7FAE6D56185F04FC44472B854EB7D9CBF7134DF3DDC35A9F6B38417DD6F508B37C1A718B0D054124176F7222F62DFB327F34D451799D56216880193254FF782D7DDE26C271BF38C6E422E271CE4AB8823C9510F021126A7A944E00DB403
311
1D013C88EA0746C96D4574069BD5439C4110403B40020C30B07A604F1E41D19C21A93FD9002DFC35F23B1E7B98E95E38387E3603FE7393680410D702FF9ED5A3C5E5CE68B5827D721FA78F3A9A0C08A79722D9C9B418F46C0057BB1640C70AA4A03D29CECF33987596D53CFB27B32C3BE304C540E14BF8464E080918268D25
311
4838C91A01F0FFB99154FD8A9C0495EAA6534A6C464440B4A71E16100E7405088122A35F7A511DC003D002E6C8E7E15F6D1D2FD09014139EC11FDC89394621F77B9F88EB5A583C41E2FEDBC8F82334494C0BFA97FF3C3A34ADE60385B60E5A30CF036E5E75370BE3B83AE73B3B7DC0BB337DA0045299ED0C66681E4AE223D0
311
1B1BC3BD4C921E2005FEB5114739040758189BA8A320067B62A3995E4720055065AC2B4A8006BF8CFCC907C0063EACE41813C5F017065AD46CFDC6FF1BFEE052932CA3478C8E5A6F25DC8503D40F61FC1B047E4DFFE8E84407C81F1AC7B5C79DA358551CD0D13785A9AEB38D6EB68A0A8087FC6543E7471082873CDCE5CBEA
311
1EFC5CC0579469E225428E9A43D6A6000B4219DE52E8DF00A55F4BF5035960661C2DB88AC1F67C2890A93FC420193C8326409E7B595FBBBA9AE1D1511B3F6D65B09AC10A71C2317201A603E88C56CC68C91279E83F5C147787EFE6C675F00941D23EF092920330982DF38C65EDFCA89DA98E8ADDECCD77CB86D85118F3DD98
311
84820B1128010D02F1060F582871CC8FF42024C02239273A1CC3BF71E770DFB7E96081682803188118B50310BD620234F230B12711B063E0F0490FCDA9248B580D3D3DE944A30CFCF2A1E0F6E59E8FBEA289CCCC943785BB8880ADA9C2FD70F6A13F5418444E3A669273C006C4B4EEEC067827539FFBEA9CFF04D84E7F1704
311
80037005AAC8829084329899F90B5E013927F8E646514B4824B01D11F72C012CEACD163B6358A4454A4221D06E68A71062520649BF9E9127D0772D6E5EADED52FF216BC2FC513C7D3C5CC4C8AF009811826AE20203B076A2AA66D8D32E317DEE0EFC000FCE16D9E0BEB17C74AB009256C5D8AD1CBABBDA61402612C675FBD7
311
2D07E633B1A42F2421208CE01397560811204306617A5141706105C9F4984C459F2D0F6C392FA05BED808512B0B9A8A9FC6CED89640EA347D31F0DF76D3D9E61E800FE9F7601BE4C9614A1C58E6C839F13A12D0EB426DE6386B82369A9E6A7F1F9146EB578A2EF4289AA109B4F6CEFEC0463E0072A05CC9DEDEDFE08407B17
311
3B8AA65399C80B2911252E6290C82CC1B8909140C11B7AE161B42B93905045D017E00CED6D27AAA15F2C2179F1E83D411A7020B9408D202381E7E5DEE5A9E7E5CDE3B186433F488AC81554BEC09BC579018ADD1DCB3D9D70F02B14BF9159A4DA376225FE43DA224FED327941705DA582B2FD1BB5DC0540667B650BECDD1D5D
311
DFB0C7F36DEE2B94F6EE2EE4E426F20A1174C31DF153321A24114C4FFF25E505475F6906D4149B21F1BD9D9DF7B059F8E0FD83323CB97991FE80EE131A9003B81C491B218B1D42C0C0D593D9D548003839DC29A740298B0C23F0CE14BB167BD61989AEF0B985C8FAC8F923A73F31953989F0F6C96CA6C4D0A9A88184BEDBBB
311
DA3BBADE77CD8E2FFEDEEF46184A86671D7DDC51417477BE9F04804F305AC82C2D018A21EA903866A0F959FBD4139916D036635EE03DDB7408BCF0627A03027AD314C09B0A27F0A79490D53839D0DAF1416995CAB24101FA63F75029D57A4CBBA9FB4D120ADB17FB5A999FC9420DFE04FA670430B90FE7F589F7FE8D50A4B5
311
F004CE5F07EB4EA007F8AEAE8E8EF7DB3BE2F81F42166C7246FA9E62D02C8209BA1024414C483498B50229FD923F2414040B2081390AAC353B5283EADA12A30B1080866D746B9ABF5BC107F33C2A015B275480759334B83AB02175EFD0DEC785DFC505E0064F4EBA5A97073A74C5C9FEC97BD25D819E28AEE661FD2732B8BB
311
FB1BF13441B3C1F45E8AC1752BBF80C113DE960E0AC7D9D02C58C80505A19BA0E84B14402601A590A4AE00A825E98C3212342302EE10FC5100681F86834A2804BC409D70270A2091DCE874B16BE0706C974EB3D26EFEDFFCA6C4579AA4DB781708469F055532A7046C6BEB0CF39F3ED2EC4FBCA3D00EA91CA68FD2B87B5C19
311
1E0EB2C300F00A1C9881F263571C6CFD83D079D09F176FAD839340CF030F70458F81F09AEE1329505150CA0A00576B56C06D58070B23086F685E44232D9D53DE3FC3731044F286D19F459351863F749F1104198D6E14BBC68E17CAE70D7AFD958E350BEBBC70C9C4DFBA075240DA27D40AD7DB063A097DD3F041EDB3E4B682
311
A7A12A548F3393DB01945547175879989302521EEB1431B08759B632B174E0F700E774FCA1BB83F95029ED1A084288C8893520E49415E00DA080AE8027C34206D35491D050A4C6B080F6A20889A2FF82379AB6234F6710C05F9080ADF002B9C9F9C583AB220F45D618D7E7F7547FB27CED8A8B7A7D24EDA4988B0C1C2A1AFB
311
53FDC61BF3DE50D63C560F0120B0372F0839DDDAF13E583B868717C1CB8CC71D1D7F440CC82184803144196EFD58BBE00B7EE77DE8C015942357FB06FC906A5E2B8882CCF9FFE184B0035A5CF186A962A63F84B3AAEE3D5A2C830008807568B6A9F424086D2095A3E262DBF124350082C4B5DF4704A9D2C93553DE47BD6766
311
B69349610716999FA25854F759CA9792599D3837ACF6247CE8597B0F960FA3EC45B61715050260C5844FCCFEC9666BC71F875B17E3BCB4CB151405D7D08F846B4CB952248B4603CC402B609E90F0044A007FA800EC46D07A51232B00E5683C55D5096E1374DA4FCBBDE2C25A5B8D26008227CA7758033D7D70DF12CAF7F247
311
939F93F1CC63047D63ADA0B7CC8771B234D8095FCDB577B586D1834062035670E204B245EC093FCBE15626C10D210CB38A13F50E10A0D5C0814B0C4B30AA9858516001669002229618F100767AA3D6D2528595FE7A398C2D2300ED0013A0AE60B91644A057327BD3C36BEBF48C91279B45F8BD145494674AFB211A91977CB8
311
38DF35DCB3D6D6AA2FB2784B591ED785DFD7DB77747DAC9D2F7674810EFC2895F9ED8007EC7885101679C06F21E4B1C8A6120956F80518D1DAF1717BEBFB5803E20C6F2A11B2E48AFF4AD2810A70054623E341B3D1ACD92DA91150DE631EEB2C28882D092049C0DD38E262A7BD6F98549930C9D44B7C37028AEA9F8C5628A2
311
BEF5704C0DCB2B428181B1BE766F43014498D2E57791E4C8DA6BD2ABF5003F0C40202E2E32EDFB02852D16C30B7F646B98FDF86C7891690043128B0A0DE6B4EA27F08C30CA34C9D0AA0852A5997F8D11A6EE84E040B20472020256F4AFEBBB74E6705A12083B249089218E6452C8E5A69717E904A3F5EF3D5D08EC1F4D4E85
311
086B238CFFC11AB9AE972CB775616C6D1DE04DDF073B4DE3747C41FBAE6072901CAD0237100670C5A00C2C3CE063610ED824826C1F6650700E88C00B62468903A0D71D3A390255AD7040048348C56C4647413C2C2561216E0C469203EF06A5B101AD40D0E207F78B124747DB5B4BBB4E88B1C373C114E0470B345156EDDBCE
311
1B4DBDF81DBC400746B0B54E05F693707B89A5E430982C2AC7D10DFF11D5B102B9505034B35D07E8E5F585757F088B390F2D4C85CF7218E8418BB4F25B885053D07D5A908326809F31D6CC6B77CC948413B28664484439D118DBAC27DB5AC40C1AD166F25E6A2F0AE82100C0BF220405323E1FF80DFC518CACA8DE1003F3C9
311
FAE9C7B2D60703A0004F8EAEAD2DE0F5485452D15B77B4B67F4C2403B8D8F9C533558ADE058A9E177A1698F75DC0EB4C800F74C0270178C8579C1FACD025F0560844502D2BBC01E620030CB93636C1041636A693949CD80139FD15BE107F905590A292840F8860706D07E2970A2F15E5B13B87C3143CB2930374CC46A6F9B9
311
D7A5CCCC14E11B9E879A49FBE27ADBD6DA82410FBB94FAA8487D61B51F4BE0A03FD08743C31020D6628ED20305A22C2C2FAFA7ED1E7881C438AA5B9035F20759E243C51F34D0D5F02F11403B9E204CC1686C0B6C9000470561519CBE1B0E4FBEAB37A39EE4B84C05F023858779341991F36D9D9F351E7BB3B5ADF00148D9D0
311
5784F9AD8B037D48C01BFA83D4247F03BB768BEEF973A14E610090D4B96B1EEC5C5E66928F28EBEB6CF578B067DD83086081579848E60DFC7684044D8174993C39F886043481F6A2B743B18749E52447CD4D230513032D20D20206E536E15BCF7B7D211634F98FF9986287F33F9A94615A5A0A7CACF8DF5DCC1AC6EF9AF194
311
5EB78E0A2FED1DA2ACC00EF983F9A012260BD722EF61C9DBCDD8719703ECF839029010CA0B9F100B1D2842153E01A1A3837AB579516A31982FD2908A09100DAE591016CBCD4B011A2F4DE299E1338CE065DC4841BF9895D8C81714800CD08F5AD39601BC929B55D291F6CDCEF2AB40DD5D98F4E6F107C47AEE4A09A079C053
311
16F479DAF4C2BAB83221BCC0CE23FE3D3D4C7BC9AB673D89A3677D6020F6E182332028012FA0FBE0B2668FB85485902A8E7FA0BA2105C213E20BC2169211A4BABA7D693C3F1DA961F203694853137073AD5CD25F1C017DE0477626D7BA55B88F83B5EE513C41D814639FD1BF759171F4577D3CAB0C3DFF68B2D3B1F8478C18
311
F67BEBB2598FA76A4545E9E961BACF657E0791D2373030E0EC9FAEDD17BEA7703A738185D08236C407448A4CB504CBF01FF43859D3115488EA01B55078000DF085911805790DE1B41B6F8CB2889C3834FE02AFE07D85143C6C008438A944EA63E047023A7EF37E13B0903AFEA7BBAB9579330FAFDAACD540022980B65A75FB
311
A17D388F1E6576405CCE7032D95BDA420E7DC0EFA320879E5F8B3B04C1D2D9C1114210C19FCC49DC6A855E12010184DB8968109ED016E4683CD552A36B3AFA13BFC2114068935A7E774CD2C7225642B73325938052D8634ABC18DC9442BF9E0402E85B42F9F3273672DA8E8F1070405D1DC3248487574CD98092B8B956E6AF
311
E1566530B78FAE05B4A0DE51FBAF85DD075C7E11939F80E015A58D1F87E400CFFD2306C4D1D3C634380A201545A92BE01F445800BE12302AB477BD6F62600D211232EB061448A0D2B877BB940D63D059C37E0569A83DE93E214F4BD86209FF6F479C640AFF8AF6D1BFD987D029A94DB7C329B4184D4BB013BF912FB88FEEF9
311
13071A8D82B651BC10DB067A7EC52FE1B421883144C00F64FA23A11CF708BF16CA59F18D4C04B8085964B2D8DA4A855187000BE440BC816FFB13374640B0EB1D0998AF38A1AEF503F14302E2811081FC12EA6CD38A63B33035125F40F170C0B0AA45E9FCA38FC6D688D48563B5C4B4B7C359D3C7AE0EFB16ACD5E2FAA47EF8
311
307044B4EBE1C71E84E742D81431FB06B90B600B9C239E277A57C94C427EE10E7826980C0136600D916A06058CBE8604DB4D314FBC014EDAACD0820F14BF75449B70339490FE5A0491221BF95F949DF1235380E969AABDBE2D32EB4403D3FDF17F42F9A0A7C28ED75BE86BDB7C7EC80C76F86B8800F77B305EB88F00A4352E
311
0F8089EF811EA02A3DF08F7DA008F803BE4B4EF5F41E56087099E920708C3D720916444440FDFA013D4E1201414123A09290F5BD7AB729298209C4306D007BB0829FD4EC3A6D7E4F00B67DF38CA0764F832F0448E58439B952CB4F70DF964AFA74CCFDBABBDF273E2FF4F56D3DBFF2A78D42FFF2755DF307066497F44062AA
311
DFC0CC546F6DCCFECECFA232E14F408F05477D311B683A35BC245FCF8A5CD2AF20022C21022266905A5BCC8B20235D6FF04019CC04058AC80023662E25F342063165956320BE50370F2A657BACC817DDA3DDD3EFE04028645780A768FE38DBA88BF2EF3ADADFC7FEACA952E5A77568ECF0C971DF32BF1D24F8486B22A649EC
311
81B1B60315CBEFC026091CA45F858D7D04C1B437079431E63E38F880758842E780A9E03791C0FAAFE10012588C3C592FE35461A6047802BA18686887023A422A49599399893103942CF6DA53A8E387825FA0678B261F139F801E2B17C901D0F5217E07AC2401A87D0480F753FBED44FE949C93A1D042B879FCE499B3D861AE
311
B23F9C1F372F0C24D0B7D6E70FE1AAF60F84BAE642D82F0A9F53E22783915518494FDBC0AFAE7DA282E5050B703570E06319A015E00D693A6BEFFAE493941C3B08C13B96BD20D0115A9565701DC58568A3009DA13E965765C03091F0FF339F7309D44F6E61F837F1B1FF920450EB8FC48F9B40158BE89C81A597CFB0DAF5F5
311
755D3886DC13D4479599B583758CBF35663AA234F133F91D3BCCFCE0A794367F385C59B19431780F1C099131384056616E15A1563B50021D369C593FB292685A68A8B2A50A0A2085CF05434617E05FC24A6B077B990014421A68401AC4D65788EE25F737EB780D08A6E38F060F2ABD889E1B889C44852C2FF368C1E3E710D7
311
3B6589EA83F7417B341ADA1F639A23D15298F087AD0326410E116C3A1B325218433C71AE62C07C1480F1C045629724A076A4BB8D622D24690486727F56108D07046DAB065000678E04C4F8C342DE27F4AC102D854F2D08D59B4ED0E4F697B0FF62F113646BC5B7F3131D4EA8BF8B265EA3F2026E7061B96F6DF3D993276B21
311
80B8E57067587428579460551049049B074CF8B1066C7E14C705F0B39298C0997C17F701097023BAC31081390196801FB0C2A12380042927503D5A01CA127F9841B460310639C674BC8CDF1A320501448E0068905B07F6E5602F8C1F07786253438CEC51AE61FDB25FF71B09893AC026A9EAE3F30F369F5D5EAEA5801FBAD3
311
C98B38C13EE017B054F81A56F05259DBDA64FE270B1FC4C77200FE276FE814B916E222575ED717A62A92956504605268408CFE13FD61F84252228376060206802B9550F00B9D47E6AF1022538A752CF4FFF1F5931384A9FF8700EDD4FFA2B93FCBFABB3EA6C607FF714B0B8B04EBBE83B52B246092AB018C0D0002FC490849
311
F1E214AE6FC42009D6D86616C835B65DB9862EFC4480C14137603C3089D0A5588FA27E693DD184131BA4E88C35045ACEF1CDE1A82323C20B842F2419604821196EE8185BC834AD44F8E9B7549A32900196E9ECBBE20FFB4706861AACADBBFD9B56A23FFD3AB8BFACC18B1B5AC0ECD7B6AE2E2E9CCD2BE8AF1B1BC3A813B941
311
07E82DE67A42E7CC7D4A6116700B5B2EE3C338A09B840F07C40A64800D7C605AC42B72227C4C7020AB1F20056E26F542717F56534261DE3766AC10A6ED2D006DD03BA9DBA507AE0510A8B385C92363B9154167F1230C40D76AF6F3BE0CA08F8BA2FFBBCEFB09D0986550E0F0EAE2F2780CDF850CB0F88CFC2815FE87BD8390
311
9F474F45DD47F1C821DB2107A8817FD45384F57891B65F2543D0C1E20A89B4A8DF806862AC27C60F6A054627FD344250718AC0FA21CDC4E28DBF2650D1B39D8B8A420C348A4F846E2BE824BF8C45E1DB8EEB52F576F47A75FF95F90FCE0FD3A7A08D48D5B9AFBE3EA658E1676FE3372FB57F0AD8D70ED4AEBA3D4C2BE0AAF1
311
C3AD63A6004D12900CFC481A47430C9EACB390038642C8C41B13303166614210592736B8603AD4FAB17189DBB32F3915F0C380795A089A15228460BDE8E52203527D41B5470901B088D84FF8B3FE2BA7F4FD30ACAB3DE0B7E2FF95807AB0010FFDE3A048F7360F9F3FB9380EE537F16F8673131325D3351A3F664022020811
311
A0FE8C019CA17370725CBFF64132025DA1BE2555102212E80A907FB43ED80A991A8AAC183932C19AE17524B06590B6AD286EB99BAD18FF4BD64BAB519202F992A963648ED30E7521F909F090C0213E367A77D8836BEB6F34D92EDA624183070248351F1A079E5D3E7A9EE81F2CE6678F92E299EE312B6C0572C0A7B5EEE078
311
53612403813152C7125E2022A20C18F855DBAFA399817FC97FB6E1CDCA31D348434ACD0012F0D32A5456B4007E6E92D72B1A4E9971223A42C1042819E4049C0C5801300C0013FA48F8944FBAE71DAFC27F1826FA2304ECDF3F6C10FF47D5C7E49748DDD687DE8E91C09394EE0682A4F84CFD6067EEDF43E67EA46CB2F40701
311
60439245F00343D03BF25D7E2F26FC400A896DBF19FB8D4D0A66DA669C3D608F9CD048A0533621B25690EE19D5D15248E390F042B12C682511B02BFE3E5700E4C9A9B2107A8F45248FA48234FD23005ED1F4EFE80D1320836F04003BF42856D478D1DCA3ABEEE3C68F9F30C3A16E5C238EA5DE3FF37DACC2F8B7980033F47F
311
AC34421EF0418A045394802CE032D61C70023D788136788613887C0011A4EA316E005718AE191F8D0D841B9C679CD2FC478442D005429166F5A24403B1E6ACF3298F388B6D0BA933D92339D48969A5C11F09B4FF017A9900A4F887010C474717E10F36468032FF33F4AD610517777104CD920C3CD15FC5F3B3A0C75BBCA3B0
311
0F2724863C10BCD4A0E00736C7981F2F72E4B001438B99714FCFAF713A2603BC710376A1715FC602022202E06FDEBBC680A3DF1C4C095A12C50B554FE7623B50374FB2129DDEA4C392C9188077658C87F55FF92FFA507FF03FC8DFD3F31BDAB46DD51AEB03F7E1B38B8B87CFF47EA1479C3EBAD5C6B382C221C0F1B358B39D
311
76D9D3142C4A20935F541E492E0EF081BA41B3620A8E172B584EA1485632E22A8221CEDAC6110AFA4B6D43E2B76A18AB240BB24337721C9321D2C033B2D3E2641A55A400A28403C12D1DADE39AD23FC5FC08C47A64DC3FF6DFF76B5235124022D7E6D6D5F3CB870F9F31C96FE477FAFE54100068A3A87FA5908A2C08011CF3
311
1309C10025B089FEF9C510522B8DC07C30AA469841723A10C08E27F00F7FBC181C083F2809EC3B2B328E294AEAD5A071B3A95C81D2DE3F930372D022C9C793535B92FDAD5426E90490C3C81D000017C6494441544698C416520C1C40C71FC204B22448FD9303782FBA67089A1A7D4CE38E89050FEF5F1E078A4DCCFADA0580
311
32C34C1CBC2E1202B1F8962B1A8024F0EB7A11F209E96FB369D4B64202FE7BA230AD24C46413536EAE955B341B726C593B5D4630C0BE822480908522B0D85430230352618DCD4F7BA6D568BF4343801480006658EA3EDCBFFA9702B4FDE9022163C43F9B72B58001A23FCE6F0B3FF0E4E1DDFB9801A6FC42FD0132CC1F2224
311
F89933107AD30B6C9131A53818AE944BE25A70810821C38F098411980E46D108F483DC63F49B91B852351604091D60546702F58A3872A1716411B642C7629C267E64E77719F46B0548FD6BFFFC86A38DBFADFCDF700228C124C8664FAA02BFB1F92B09800876FCE4F2D1C3FB4FD0A44E0106A8DB8079751CBF0BD9340066C3
311
D52BC64706467C05B5A54401BE4A1B0132A55EAC1CCCB10D378A3DFEB9812022327745EF2102886A9142C812A1A2C9708027BB55B7006357459F9C2080E0BC34489FC629510F3017B62D5073E2A2C64048A0A42580E413BA9E08274091A398EA80B5BF31C87BF5ECF8F1C5DDFB4F22AAC181F070AAFDDAE5650C4000516440
311
D8806786D874215149E69ABEC43FF0EFC820FEA112B0522003C84BE03FB76623513B6D840820358B084119B0CEC8C00AE888826339A54091F5FCA513AFE147975BB1A86FC50618D9D74502F0C7C8815AA306602FEE3A5E79E0D7DED1B221001118B73182CD439A092FF801105D1AA14E1918EC282F6260869D55108065988B
311
D67F68E5581720A708051F7C8070F582389C682BE53F2AFD85853F2A013D21564028E06E79B7A71E43212180A81541EBC88F451E02385100491AB0C4A3BC5309A95911E66D04C0B448366988ECD204C2FC930F8CEE8FA410EE4C25B58DD1B6EBAD83F6196670F7DE635282C0A56A851AB035831725F0471A10FE52097089C8
311
0495804100318405F0DFC2136004B4C40705EC9154315129205EC357930035688F61AC02188250CFA9A980233925F16A117A48CA54DAB6400221976B75D863330942E20EE3B00B08FBB71AA813B0E502FD2B023DF70114E0D7DF2E2EEEDE7B789504200112075478F2FBD6897835C91F0C20782401E801A2F9142700B74805
311
703426023A81CC0BE88B537D0003E0C5181D29EB8D83050964DD2580910A1E7A8138F76253DC01DC2F3824391AD748276C0B0CDF12366625D038603D0003E0266CB42704C8CE7FA7F11B4D59C0BF454A78F8FCF1E50513715D469607031272358F04E0003C90107223A581218F10008B10247CD20D860FF0BF48801040B361
311
808148714764028EAC137E871501EFDD97C89B52107FF1235B0928C562530082573CE137840EFEF82A0BDC602736C595912FBEC69E6A3A26903B3A300C5A098A9E3F1810CDFFBA019D97B4E7A7A075850F2E92569BD960CA7B8304995FD006FC4213BB1448A6F4BFBB3A9F9FC4962D0A1369129B10073771FEDA38B1737B66
311
3A71C088D8848027FC3008DAC4E4397A6F76271DFFFCF77D6BD7F1F67DA51E0E08875A6BAFBD6BD7AE52CC04A0B4A2206F650EC412841A48258258E8662C3838FBE21E25172C2A15A4F78D82DCF68A005DCF07047C183E1CE47731BBCCB5469D9169E0D588945BEB637E87802A03D88FB82486210D28FB3B858D13DC7CE75F
311
5E6F3B03C1744D30CC58C7C7A256146853A05243060B850072A7010CA47CFBF9A1E24F414037B8781E8E9F219A774B36481CB43E48A79819D638C8760D672FAC19FB9D3FC5EA9158DBD0159C27860409682E8FF2595652FE189D2CC2D7C023E944158355806FC320087CC74116030CC376C559C098B93A041C5DDA48AF3382
311
7D2327DC761D19C17CC62780D82A170E6CE7415A5E7FE825E053048F88D2AC2A561CA4D4C60098DA28EF1A01382772484698F60C8DD24BF396EA76260542810A625978C03580A9CAB91D10249BE579B0377A3DD15749A45F24C4D81FF3D7D7996F6A1690288008C0FF6CC186DA9D5FC95BB09B1301004B016E707FDFED306A
311
1BE8FA208828F00BF342186839839F1F6FA338DC5A0200FF383DE92614C03A4508DA18F4D85F9354F7E867AA77A42FF49BBE6757A1A7454448D0BFC3C220714FE43A3D8F1547BE10F0BC5A05985AC3C28829A06FE24CD062700601F4AF12AF99099B08E7071DC4626A97C920C3FF96E190C9D1FD7CB6163E800D79E5F3F10A
311
9306C02B799E80F1AB380E0571A584C0370A220C3125000B500900D96FEA40409F980E2083E4EDF4D8D2480AE5667222E020BCDAD4EF19682120818FE18EC7FD6AAD67C03F7DF1955E697456F517AC4F24700C30171C67E9168B109A4F60AFA60F98BE30941BF776DBC7C70792A2FBE98AAA97224F8BEA39B47BFD14A8CD03
311
320DA2B676E3AA397E652E30A42CE2987B7DA1EF7F75242413800A04C0270C62A13372400B435ACD84B8B5009208F5AC73EB149FFF3508E21C2201E0338BE07E50EB47E7FF6D97724A601028C5519073E7978EC88834410450E074DD58AD13A4900103A6444A9CB99103229F0EF8C0C78161EBC68137240734CDCFC3498078
311
51E0EB46CE864D2E405ED341B71A390CF2DE20CF5193189E1901E866D0230409684B193D17E2928534D04240937D3C84477494FC5E0FE0B448E35AFC19007926C1C6A6E622FDB8A12E30993C6710E070397C4B26304C0AE38218D19F01FFB15BAE1C0E7E74DF75F2406E373C414E848FF8E500EFAF3C1029C9C0ADAB2313A7
311
426CA9B2C1B9E30032C84EF31A09A88A386F136E8C2F1D582EA0459207015F10F1F001F0B1B7DF7222011EA2001F00BFD36BAEE0850928B08C077030FE3806C880EAA74BCE0863A952812E6008B3A89199C1EE918AF96AF583F1A073B0A355B9D861AF1460DCFB3BFC6B7EFDC834B09700CBED3510E48DC7129041C991F06B
311
A5006CA6B5B34EE21501374E8DFC910042036111EC9C7CFA1C05D48A7270F7F835BF04A4194DA4CF76CEC66718C84CD020D04C412AC848F03E3C61A1C8D50D0EA6838A00376054D3DF61A0E393E1F8B058A6C994093476D601A4A06F0CFD3C0A6BFA910E75CC10400A80FDA93AC9B5EA4303F6C0D188B559086091CC591013
311
7772E14F2376D03181B5CFE74C0EA38440D0AC256D6C4D104CE05302FCC00B60B9CD4D71E08BD40C144A025E60D4C1F45FE846A2105D717EEA84808A5DD90A168E133640311CF05DD870768683F5D2F1800F485AEBE5CABD8FFA3C0BEB33702493AEB551B1EB035EF5C8E5757FA7832141F88E8578A363802B560007AF93D7
311
D470B478C4D00B412D634C9140C4F9275C00DCE8DFE3C7F8C0AFBC5B2CE82E3C3BDF393D4375D50C43CD1C17E3777CD2C170725B7B42B41DF15BFC344DAD089C1E9118522B4A2C60B794E4E8F33081BB7C8CFCEEA0B2015E49D586429C6C78646180B7710E06018A3082243C275F077FBE412C17DE80D3E6B9462C5204C5D9
311
80D1DF84A864401C483CD01B143F4A4868087A0F780F37230200A4FBF6AED325114C367C22512750A5C7C3E32D545CE20A0904183BA10015DCAD89864B3E1EE97EBAE8B204266A48E010511838E2FE413FB116E60880C2D8440AC3880DDA6DF6618C138CF1CB2A09637E18D00F80CB0DC05322E31EADB8081C29410903F06B
311
FCDF5AB46024E4A75828056440503C707856EF0C037623DD4922A400E8A6BD75E4D2800905F18450A00CEE88860C8964C7B3F90F56528BA18F71CFBBBCD2D05797E168FC37DB26DBE0DD2EAEF39686C18440820013C1444055402A541400DD362A0A402F1FE51246404E098249FEE30708C10CA0B54601053159480C00BAA9
311
B1223A773234FE72FD5C3BD81804D8D196FE3D5315A0C981D88D04FA01DFC185CA93F9120E1F480B08063364A0A318F08DF95056E4C91F1150D31B011200383502E079EE43CC18603AE2F88FD139C802A739F208E88D06DC78267C448C27C4113C19B0F51B0E9C1C021CF8F9167C6B1F2E10E461002910105D1042792D1CA3
311
03F469714C018C23D72179E165049C40E801CB96CF334562E5807291D1E0C70FE6CAD91656715F0E5C5E70F8D7F83290549B1BAA6F781D25180EBCA93EC84E72A74081CE3020789B3790E1A9E478E658C099BECFF01E530E80EC5FE31204ACFF70AF8177A03059240CD074978A002A878BF883FEEC81DD684E406CA630ACFD
311
E87292822A11953710F000885D6F68A67ED40CD772B0828359B753F7CE23D9479AB9845771B389D6A77130F8C134EFC83947392029B10E4425440A84AF0E54825228FC1634D369874739C837A9DDC83C20D320C36042610ECDFA750303710224D01202488012CA847424F8D53F78AB6BECE9B3B35A7F32396AC6B744456632
311
7DBB4DF06FD9616744F4D3A397EB3B0A3FBA8D763702883ED742FE5CD24146D8E353ACCF811C806AE09914D8446E93840FF4D6C963FF32BFB6AB015D1D3B0C9A0968776F021F21404B6260CF84A14F35180CE20B5E85BDA2EC91FD5A7DBA7E5705F4F0F97AF26CE18E3BA078138202400A62930FA6CC7882F911A92F33E547
311
E64990B0F27323D73B6222863F86425153FA8009361C675554C25382CE148420C8DCC47A20122806CA178A0918C14CBD33440289078A00EC6070184CA9907FD0A1270478E0B325B67C2193694EDB7DD0F3C238447C8A11485562FB4902134E6AC952FD5320A4F7C780882DA9684285CD81D278C0E8FF8DEC9F45D22DC3C2CA
311
99C2728110888799575B6834BF22B0F01EDE72D7F21B672C40F0A972999E2200B7C91403F9BB3D09C01990819238CBAE5E7510D7D57450507E3DB04AAA0A3C280064E0775380C8C16EEA4834346A04BF0CE847B4B3AF760D06D24BBB267C32E2C9257DE5EB748AD101AF1FD33265E2B674EED8C01A0AC901392211011AC810
311
560F77778E85B13BAFE3E25C95B70919A4862C15928BD8989664AD8638101D009A80F00BDC41AF27602A4BDA0C077E550048E7F1011410F01405045E1C140B4D0E70E0F6E034171C3D6FD12004FCC1FA304312518910356628A4A326EC9ADF5DFFD1B2C0399503F14B4F8E3E0E4E39A06ABCB56A8014687E86E462BDDE5124
311
615ECDB412B7314F62E6E0C76ADEC0F717B360E741960104CF1706CFA18E0605004B01AE007869B095ED92144A807841EFF2811C047889A04901C809062057192688C92346F97F279449F89B113500BAD282D1DA80A55C27EFFE02C8D4F395003F285B617BBF0831F49B055342DDDD414378E8888E92C16789F269A27C9A22
311
1FAA4A0DFDDB9F935B2ECC04DC51481558A69301E0460B02665AC4DD30C03D480866C3409400051811876014C0F294C542821AB045011A3E3F09001FF304E3A0BED05CC11A811B865001769507FC01ADC611F400CF68C7B093606E30F3C7E0F00C1D10C31951C1E2D7252181DA00345842A19130715C736EC9ECE686A712FD
311
B31E4D3E50AB336E5666D7B212C0113C4A4406029709B43D0228F3FBAF49921B19CA0C82A2D5BC4A2079809240F37D3E10F9637607C3983F0458508A98B8B4EFC92AC13530180CF55359500080061DF59B98BB3FEACEE881DC8127F182A885A86FB12B43C590A4380504E32305E3148BBEEB2D2782029765428092545BA5C2
311
C681FC5F8E869C0EE1034A822FF09A12C94084505AA868080303473F8161F7AA0A6610745E280BE4427FB770106F8800EADABA19F453210435BDB2348471B13B65F2FCB554827632C4C44467333E4127095D22092ED492009930413251B5408345065065E415266E20279A40B3F520370BE2050C8360E6BB4601C1673B9BFE
311
007EF5200B6483CD195400A783E6DEA0653515B0FCE8E86D1618FC1EFC15C2E727F24F2A2DAB57326D8D0877D4E298894E7A0C3C7D9CE8A0E2D17AA2020FA1097D6372F2A9F955060FDD467AD0426368C24A8340FD0D6687A76316DEF5179ED9042005A2BF02A5DD810A4DEFA4A8F700EFC50FF4FB8C06410F0303C106ADF8
311
852ACC6A2CA9046E9ED070739339857222CC009E206479886EA26227BF7A341A15C351A8404A6C10080A2140FA4B4E8D9B9A11645899332363FD69887F436A660566964250FD752E787B64BCF8E6C8190DF8EA0C854C062D8A5A1346F810414313E606ECA0AC3A01D6928544029D5F42E202C0CB386F880F7842A31287061F
311
32F3CBE09F2950783394F2F2B23D85386C6F51943E99DD10C8A0000BA9569A14805693274BD0E4F4DC3F28E331EEA91C4F33ABE057889BFB92819187840A08E57A276A8BFCB75B0342668C70C565C8059996D209C2800941A21FB82B2F520BC2E6FE6F1A8827043DE17000DACC8193E78BBB8DF1467978C06F6AFE986123E3
311
A95272CAC122046F4C65C4B88FED2F1CD1D918F7CDBF8903BF1A90057D42F4DC133AF804ACBB58446A0DB78806FC053FA1E45D0AF1112613CC0DD976C5E70AD3282F42725C0D02AC8588DE451B1C01ABF063E7748A3882F0DD484BB78D037F9812240EB88B6034C0AD53E5116D4C6D920C6A89F084E6D0598AD7EB6930CC7B
311
293E27A666E5CDFE9A3FA52FEB3C97976FDAAE9A60008FCA6B33099CF9880D35D419FC687D424378E3099441E110C5B3C6DC311E6653514A67A530D863326C4D8430E0C28024803B5B069B0E60C10EDB6DF087034171DF01F1F3404B27B1056D8C0E56E7CA6056E7798147BE4C2F01CED5987E413AC6A724876DE3F599E060
311
1CE7B9CEF3BEB3671E12DCE8AF9631B8031D3F360B6955DC2342B2A0E4632A00264C0DA002220CFEC3E10D9BADC8904D88DC51928593AA16C91DF6FFF82B3234404C7214D0F8608E0052283EFB2B0563F1D072936C4017706010BCF1B16CDE0C1FA9C777E44E1F5259B0C9BBC8794A82A6C182A3AF56B16921405351FDDC91
311
B5BAAA617860E8D76C97C377FE701A4EB4378FA97C2C8E3CC8950886C6FD93AF70A1F5F676B7ED16CBC56AF5D09110EEB8607CC08A795882358280DDB98AFFE7087C6EB593D62F041CDB4018935238E73F1098100D0C8769818F777057F64C703C6530E142FDF5C837AE1CF66C94C4887D3A3726AB990DEA248F73B5D32C8E
311
04F6714B1E67C53FC52040252E605B322407CBF8C7F05453462A295ABF4D95592DDD76AC23512E9A2DF964715C80DD752CA8E263AC36F02C3C28A133EB22AC8D099BDEFDE28C3E8FFEE3815D5D00C17C00511058354D62443C1A546280E43572A9C661A34FA5891F8E7570608C8DF21DF51DF9D2A84D4501F41B8CD4F4C9DE
311
B2F901E810C0E4CEB6EC08DFB06341C864CF8D0EEE779A606545E1E64AAF30A4324C20FDD3BD558BD966BA994FA915CD162B1978642AD01694E533EC190368A68234657085B5F88E27A0805E04B8BB6A00A51646EE3C10A50FF007FF410F1963CA69BE2002F0F902E701AEC995FD41F83A3F0C3809A3288A083003A6CC2A20
311
E6D703EE48E3777AC07ADD51EB6101603A9FCF17B3D5928F6D742EE7E4CF38AE2B03C5FB39C81D7B2978FAFE85AF3D2710B0582C970F0FEB0E4D1103B8BE2B4D560CA10002FC8F334C891C07B44FE06B2E3ACE5E1E2D1FC32203110ABF9CA0E8381F68EC3C06701328E5A38278A5FCD944CEA5283DA933DF2A2448BD23F1C5
311
D8BE04CC2DC3B43B3EEC29F8B5FF926D11D3E97EBF7FA1BD1E5E5F5FE6D3D972F548547783146ECD84873F377C5820F7F9FCE5E07378D6CBCB7E036DF7F7104079A05B77C6942D1BA95D47424BFC3DB6411009A42E207871B7EE9B06614BBD20F22F7523FB985F3F7068E37600273A3ED0C1CCC380F6EC4AF01CC1CF95E484
311
8B7BF950AD14C44F10460221E02D21D01DAE800F323704C00035DFE97CB37F797D3D1C0E4FBF35EE1E5E9E0E879FBF3DF6F474780A01FB3DAF01FE0C0798218007C2090A3008BA7682A338F4A8804A06CBFE6A80CEC766F49853F15B2F45FCEA3F8250012841315016E75E797EFEEC4ACA6C79F515CF1738F7C36E24060710
311
51043817C9E8C5888D49D0332E800062FF54FA562BF7446CC0BFDFBF8603D1FEFCC9F7FFB5A7F000430755C2D3F72F2D02A022820897ABDD44594475BDCCA4A10AF34C06B08B4AB58BBFAE30999DC66C7CE903A83CF8EB006EEEAA063430F84B05F0ECF644825F5E95073870E72A0771AB89B080022A0C5A9FAF34C8928625
311
7FB7BEA000EC65B59750C68E0815B0D9834B15606328F80709DE09018AC2A7817F83F96DB3D562C10A0A31300230CD4200B87F85808BAF64D04600254047F9C14DE93464009E7F5AABB4FDD6D55142A2C0BF1541FCE19C20C899BF4F76AB54B84CB97F88F48ECC029FD253F0C70DF4816B9AC94BCBD653B1A283C4001A0337
311
955E4AFED3FB790B6B1F5EA0B5514074103A38D84280EE0F5F9BE974EAB2D16AB1EA969684B6E4166CA28264B300474C7308D20013B204A65F82970718D05678B3315D442E1C0A327E2F56556040C005D2FAB1326A68A07507C9E46A3648555A7080F5F50219A00E6222E3E0862CE95B5680930530742F1D041805E69B7881
311
61F015944D041182B861A2C17F3AF01CF5BFDF6C343F9171F5B004BF59C016719164B888EA206A02AD05E8464D06B48E4381A0E9345FD171625AC22198F57C003BEA5510F81FF78D31C9B033D0030000000049454E44AE426082504B0304140006080800523B235DF3CB91853C7D0000377D00007800000034374545393533
311
352D413334452D343142352D394345342D4239363735364637433534412F5265736F75726365732F35464445443330462D424146352D343731412D414241422D4535423044333242373638415F506F7374323031352F7468756D626E61696C2F302F745F507269736D2D3235365F706E6701377DC88289504E470D0A1A0A00
311
00000D49484452000001000000010008030000006BAC58540000000467414D410000B18F0BFC6105000000017352474200AECE1CE9000001B0504C54458181815E5E5E6464646868686060607878787474748383838585856262626A6A6A3636367070706E6E6E7676767C7C7C3A3A3A3232327272725C5C5C3434347A7A7A
311
3030306666663838383C3C3C2C2C2C3E3E3E6C6C6CFBFBFB2E2E2E5A5A5A7E7E7E4040408787874242422828282A2A2A4646464E4E4E5858584848488B8B8B8F8F8F5454545656565050504444445252522626268989894C4C4C8D8D8D4A4A4A222222242424F9F9F99393932020201A1A1A1414149191919797971E1E1E1C
311
1C1CFDFDFD181818959595F7F7F79999999B9B9B9F9F9FF5F5F5A1A1A19D9D9D121212EFEFEFF1F1F1A3A3A3ABABABDFDFDF161616A5A5A5E9E9E9EBEBEBB3B3B3EDEDEDE3E3E3E5E5E5A7A7A7101010F3F3F3F3F5F3CBCBCBBDBDBDADADADD9D9D9DDDDDDD7D7D7B9B9B9C9C9C7CDCDCDC5C5C5CFCFCFB7B7B7B1B1B1D1D1
311
D1C1C1C1A9A9A9C3C3C3D3D3D3DBDBDBBBBBBBD5D5D50E0E0E727472767876E7E7E7B5B5B5747674E1E1E1787A78C7C7C77A7C7A7072706E706EBFBFBF686A68666866AFAFAF8587853A3C3A6A6C6A8789875C5E5C8183816264627E817E606260FFFFFF8385837C7C7A898B8950504E1FB2DE6300002000494441547801EC
311
BD895B9BC7B5F8AF7DDF90D08664B48116D086163060961A0B0C310663B3C5C5D8F8DA607CBD25013B24A525E92F4B9FF4F9FECBBFCF995762B149E2DCB6B7ED7D3A80F4EA95D0CC3973F6397346A7FB4FFB0F06FE8381FF60E03F18F80761C0FA0FFADEFF7CED7F30F03FC4C07F48F27F88B8FFFCDB7F30F01F0CFCBD3160
311
B55A6DD6B4CDC633177FEF6FFF17FE3E013BDD181C1D9D91D66AB526791A9D181848838B7FE171FFED43FB5E674DD7062746275B3393ADD9C999C949017D8667796CF13731D8A8A5FF6F22C16AB33506B5F99E9C19A54D4C0CAAD6680C0E361A13720B9AE06F6272B4F17F0D07565B6342D1FA24F009D88D06339DB6210044
311
04C82FAF6A030303838313E062667470E0FF8E54B0D61AA3103CB0037CA3019440ADD379BDC1A0D96CB1585C1697CB6C3107CDC1A057A7B3A56B4213131048EDFF020EACE9C624620ED29E60D6076A48B96432E8F1C7DD8EB0DD6E3099F4F944406F3299EC7A83C1688CBBFC962FBDD0434D6861B0960653FFCECD9A9E9844
311
D869338F74B37ABD1E8BDFFD47BBC99E48E48BB45CAE9ACBE5CA651EAAD56A1E6C98C246A3DFE3F1823A7865E2DF180556DBC028925D11BEA8385DD2EB71B91D4683291148E4F3F972B15A067A813DD7A4D573FC0A32AAA57CC260F49B45670C4C346AFF9E5460B54DB4506FB032848F82D725837E77DC68B0EB4DFA80DE1E
311
C807F279F050AE968B32FF65A184B2C246818B6AB5943019E31EAFCE36D010E4FDDBB5DAE0646B1255A7A43D4A2D68B6F85D0E87D1E188FFC1E17259E2EE70D8610807F48952A2542A31E9E56A911F4183D0443D57AE57F3FA303848A6070607FECDF4A26D10E247EC0DD45076569D37E9B198FD664BD0EBB5597F1A1C9D19
311
6C8C4EA479CF6A765BDC06C802AA300512C8059AE0031CD49BB97AB55CD21BFCE6A46D60F0DFC93CB24E884D87692BF05B75562F723FA8B36105CDCE6F6E9E1CEE3D78B0F7FAD9E1E1EAD2D25C6BA6A1D3792C8886B0216C32180CA803BD3E8F802C0919D04AA5B0C3924C37067E331FFC93A8C6DA98999C51B68EB274C4CA
311
690C4C4CCE6D6EEFED1DBF38DADA7FF3F2E1C39DFD573B3B2F77B79EBEDE3BD96C8DA6AD492F1681DBE576C51D6E87E0017A28158B504233572E05FEE8F7A61BB57F1244BF45FE58AD696C7A8C3D249748FEB495A799D9F9EDBD075BFB0F1FBE5A5EDF38B8475B5BBB4BDB585F7EF8F2E8786F7B69614693F549AFD78CA204
311
1560C1AECF97441EA0218B7A8325981EF8D7E703F4FEE4A8987B9873B6F4603ADD6A2D2C1D3E78BEF5E6D53B40BF756B71F1A66AF7EFDF5F5CBCB576EF6063F9E13E38589A6F4135D08C55281D2BD1ECF1BB8D067D005D2972118168F058FFD589C03628062F161F08C0921B1D6CCD6FAE3EDF7AF96A7DE3DEADFB007E8376
311
B5DDB8BC7F1324DC3B58DED9DDDA3BF9EFDB0BA3480E111D69D19B7085D9120F1B028962B12AAAA16477981BFFCA6E927500BD3F3A383820F6FE6063A235BFF4ECF1D1CBE58DBB6B8B376FDCBC7AF5CAB9A661E1C68D9BF76FDD3AD878B7B3FFE2F5E1F6E60266A36637F21DE934DAD3E372840379D4234450D59B5CE9C17F
311
5907C106F58B8B3BD098C08A6FB556965E1F3D79B871F716D003EE39E0CF2EB97F0356585BDB78B4F3E4F9E393A5B9D905CC27B020AE930812EC278B3B6C12B3B95C2E964C0E5DE39F26087E51065BD3687E71F670ED07274757B6B75F6FEDBF3A60EEAFDED000FEDD95DFC92F8DD7F2274D08E1E6CDFB8B6B07EBAFF6778F
311
0F9F2DAD2C2C8004694A978A210C19184D188E688544516F6EFC2B5A4542FE62F6E1C94E88CA5B3DDE7DB871B0785F585E41AA203F7B104CA8FB0A07379105F70EDEED6C3DDD5BDD5EB93D3737374B5B989D1537729029F742057AF4620903DAEE4E377EB349F05B34D9FFE4B30313B333CADD6D8CCEB416560E5FECBEDA58
311
43EA9D12FE19E8E7AE343A10364014DCBF750F22387A70B8B4B4727B1E1C48831AC4A2449F7A2D71A3DD644AE8030153DC0A6BFC2B356B63B6A5057A26662617FEFBD983AD9D8D3566FF97C13FA3812B576E283E401FBC7CF27CEFD9E6EDDB50C1BC6A828399994181184FD210B61B0C7A531C41F02F8400EB20DC2FF33F38
311
88C9B304F1BFBB8BB6EFC83D181F9EFFB976460510C1BD83F59DDD235107B757E66E2FCCCF8309D0805C44BAA475412CA4380E253FFF580C88B4FB45897701FBD6092C5FC5FE13930BB79F6DBD5C3E80FA4F795F817F1E01E7AE79AF2D09141F2859B8FCF2BF9E1F6EAF6CCECF09F8AA090A44C2220B9266B3D9E172C7DDD6
311
4B68E0E3C77C0180BFED85B8FD62FAD1665A2B27C7BBCB503FB32F0D29A74D7F1B4C0156A841BDBCA00C44148A20C02C5A7FB4BFF5E0F06409265800FCF995151EB84616886940AC14138910A26DF05F4312DA4661FF0666DF606B6EFB706B67594CBE9FD5FB6DC1AFF0707AAD5D80304C43310C1FED1E3DD83B595A59410A
311
0A15ACD040818455E9668075858106B1B5F42534F0B74DE665FFFD6B5445D08BF91FAC0DCE2C6C32FD8FD6C5E86BCFFE7B10FEE24BF917A1819B6060E3D1CBDDE72883CD59A840835FF402D27052560F6616900B73A3B81A1F6B12FD1A109701FE91F7D2ACF10C0E60FB8D2E6CEE3DDF5D3E10B34F214041F4F10FCA1C1004
311
DCC42C148BE0F9DE09604AEBD080F0C4ECEC646B617E6975759B488260E023C7F98FFA98583F0D4CFFDAE8ECE6DED6CEFA419BFCB5E9D41EC5FFD11ABE9038829D973CB79DA3CE1D791727716D6DFDDD9BAD177BDB803C37CBDFBCE20231905AA0601E07EBF5F1F1EB931508EF9F2B07D233023F08185DD87EBDBBB3BE76EB
311
227C0A30CCA1DF4B5B5C5CC4EA3F6DF71771886902B46AEA4AFBC4DABD8D573B4F1F3CDB44FC2FB41616840C4410A0186184F9CDA5C3E3AD274F9E1E2FB506FEA936619AB897387EB87D18FE62F7038F36AB4C35BFC02740DF52EDDE9A0442EEDDBBBBD6BEE05A7B478204EDD6FE28418257BB47C7AB2B2B9800B3A0605E18
311
81A66CA3951310B0F3EAE1FED355F8EF9F4703C43E80BFD69858B87DF87A77199F77F1DC7C0211D008C40707071BEBD296B5F6EAD1F2BB77CBEF36D6373636788FC0907C6AADD3E4057EC1A347FB2F1E2FADCCE1198A5B805D280898BB3D37BFB97272F27AEBCDF2BBE59DFDC3D63F6F1DD54AF4A2511B80FC6F1FBE78F388
311
F95FFCBD226A54990AF4BC7AF972FFC993275B5BBBBBBB4FB68EB8D83A3A3AE2716BEBC9D6FEFE9B3784C81E3E0429EF96D7099449538F1B0760E6DDF2AB37FFF56275E9B62CADB0ACBA00EB83032517E7892E1EBF59E673EBAF9ECF7CAC2AF87BCB41EB288BD8B5F4C0E8E4CAEAF37D8C3F10206DED60E3E1D6F367B75B0D
311
8BC568300488FEBB3D56B4D7ECDCE6CAE6D2CAE6E6F6F6C9EAE1A104485F1CBDD87AB2BBBBFF7267E7D5231AB810DA587EC7D5C3576F9E1C3D5E5D9A9F01D1A36414C0078202D10A4BDBF0C02B892D1EBC7A3A33F84F5105D64162FB04AF465B2BCF047E6167D15F2F9F9FB474F662B350C8642A954AB690E5319389653275
311
83C193B4A575123399C466C6C403138F1F3F7FFE00343C79296D476BAF765EEEECBED9DD3A3A3ED99C93200BAB082454C008220EE7E757964E90B9EF0EA4CF83E7AD8F8F92FD0F0C829FF9172B310FC027E3E1F6E1D3978F087722B997774F66CD89722693C996AB0193DD6E37C6E37147985560533E574FA552D172DE648A
311
13FBF65B3CD8B2B88E732B4B4BCF2087D7C74F8F5EBC80597677B776C187B4A3A3E3C32502851262C7CD9C9C0405A212D08A9B8F5FEC3EC2E810EFE118BBF0EF4DDFBFFA7D0DECBF1AF26F669EF97FF5EEE060FDE1D6E18CAB9A65A6AB010077592C660F2BFEACF913DFF57888F91BED81623D15CBE48A89BC296030381C66
311
1DB90013B3B32BB0C5EADEB3C3D70F1E3C78FEF4E9D1D3A74F5F483B7EFC6C7BA585A6958CA2C1D14945055802B7E79656D103E272DFFCFDE2C6D2C4C0F7BF3AE28FFFC0C760334DE817BF6470667EE939CEEFFAA39DBDDB3A13549F4BD81D7E0B1E1BB90EF2C783A0C0CB0FC9106FFD0E7BA25E4965322C7694F38180C161
311
B10493B6C6E8E802ACBD7972B2BA473B7CFCF801BF7BAF0F57F1081660725B4D87B8257584B525A8001278F6FA6807A71BB57363F1E1D2C4FFB218B001BF30406B76FB0131EF9D27ABA3E652B6504E18E27E8F000CB45F0465DA2D7E9AC5E2F18013F586D9E2FA5322978AA6B29942BD9E2BB1FC69F407BD58B5032D8209C8
311
85A5936D10F1ECE4E4E4D9C9365ED0EC64C346E2885527E933A370C2ECECDCC23C62F0C9F2BD35426E376E2C6EE1187CFC0CFFED9F64ED0BAA1C68E0FF3C38DA7FF95F4B938666B652B4BB616CC0E4CF6371F9DD6EC79FECF600CBBF7A9106C6B8C5CF9BD004383054B3A9480A4AC836CBF544C0EE70F98341E89C6C0ACDF2
311
5DDADCC4F25BDABC3DD71A1D1D487B5929D19136220147C9299B9DBB7DF2FABF76D6EF29CFE3C6DAF1C4C0DF0ED6477F83756006FEAF8900DC7B7EF4F464D455CE34AB76B7CCFD9740FFD6E5321AFF12C8D70B954A2AEA43264652BE4AA1502D050C6E3F82E1AF41B3FF4FC5AC2FEA8B81844AA6582FEAC361B79FF5D31A93
311
3C3143381451C74423FAC4DB94A028AC94B47E031588438851B0F4ECC193E5BBB7EE2B87E360E97FD329B04E12A40401A3B7B71F1F9FB43C896C361F067CF397CCBEE5EBB8D1942F6701AD920F90F4E3329B09E038ECA56A3D1AAB348BFA3FBA3FFF5292A38C898ACFE9F4F97CD14C214B3E8429EC7079CC1EB24230AE7132
311
24610E4CA36EADC9BF0A3759A00288401305ADDBDB785FEFB4D0D3D59B0F3F4A177E8C78FB753AB011FE63D17F60746EE9193ADF54CFB6671FA0BE7618EDA56626962A9B1C165D5A568775447074F2ABF3F81D816AB692C9E98D163342D1E2C857223E670414602B14726402388C2E3F6F911D444A847899B25A08F9B35C1A
311
77BB11AEC207039247373BB774F8FCE5FADDC51BB2EA70F5E6D164EDD786FE5BC097CFFECCE7B10058AB4003CC6E6E6E4E58729966C0C1C844D7F9E3F6402116AB940D9E9FE0910FB25E253FCC62C8A5BEAD140D710F82D2122EC722916E67C4190507D9267A41E8C0EF4926755EABEE1BB208052A726BFC6E924BE2FECF2D
311
220A500883A338857B5B0FF1BFB5E0E3DAF6C4A572F067A0F835649DBD7FEE0BB4CB0161005BAD41F47FE17B53B61920A34B81EF8A1B4A99683467306B71BBB3EFB8789534878BA9682EE0401A98FD8666B4CBD915E98E4453A96CB68E6EB41BDC6E8FCB92F498C9AB20B302912AA9552450A8243A73322954303AB8C0B2EB
311
1B0940A9E0FBD557F3FF3BEB45E9D119529ED22401CC4E58F295A65E0813C90EF8F94CC457B5584905BC08B1BCBA78CB6B096753F580E30B73D0E3C8A7BABB9DCE4824224AA1D0AC622B223ADCCA5A447DFA5DA4D5614EA249581230BABF0631C809965E450ABC22FEAE91C0FDA3D15326B8D8DB87A3F91BEED80880D66CB6
311
F4C4EC44CD9DCB548D7E8B58387E37B3DF152D7910601F50FEA5DD25FDC566CEEE82E1FDF642C4D9D5E5A4C13E953A4972284E72445C244DBADC9251E970848D6172294D7683D1818D893E600AF0C29E620D620AA868E3DDCDC17F20E01D200626914AB4D1D1B421570820CD44EF7F6D0C149CCE9C65B035FA7163B0D60607
311
BEB7040AA530FADFE3C8C5404137BF91281612C98224D0C10A86B8D1118FFF600C3B54DE909EC541F2EB8C71B7070CD8D233B39BAF9F3CBA770B12100CDCDC99FCC733416D664652176A8D74D2D46C06E216541FC2DD5E8FF5561CE9D9F9858F3349AD0324C15A6D4937B9A10E30E80A54221040B7331489C4A229C9132C25
311
12624141F9E24AA904B2443E51CC274C263119CCDE1F31476E3F7BFA661D312824F0BB2BB79EFDC38D01EBCC0CC1683820ED0D6473069724387BFCC64033E44C784789D67C1411A2E889A39324AEF35A12CDBADEEFFDD262AF6313080974397DB10C5653595090205F8C34E2809ECC4A019F4CC2622981751187F374C9C1C9
311
95BD2DD621D422DCEF7E7775A7F51BECC18F23D50EE5B79F6B300069FFB69A39512893BE07F55BFCE152ACABE01E98255CD3BA5413BDF7253A6C1922793FA114CDFEB8A99E29C6F92263392528E8EEEE8A44C4786C921755CC17217A7E491C4C544B65AD714FBC4D17C9C48D859317BBEB1A0FB0F6786BF51FEC17DB589221
311
DF396DF5E70B450386FF97E4F0D8EBDDBD65EF041EDAFCC2C760D53A2039449202E4C51492D049AC60B4783DF162260A1F743BBB23988710411346A8E6CBA4049034588259AAF572B349C21419D57850B85D49DDC4ED55484056E2E0014860F43790C0FBF3F211AFF18148DA4DA7CD8966298CD96AFEC2EFD017424EBD7506
311
6F766E6EF223104022C544DB4822E9C194CFC6107C8580FF2BB3BB948DF922DDDDDD21EC22672A93CD1648972535084AC84956390983A44E2220AA456564BB2DDE81C1CD076F36C4211004FCEEE6E147F1E047807AE9476AA83EDBF7E42DE99B25B17EBEF460CC66FA5371E4B1C4AA664FF5F0A5FFAEDD1C981CAD614849EA
311
F4E76E43318BB7E4C30428B982C178A2908A46C1002DE2139558A0A92C417900FE260EB438D1E40A054C3F602B24D393DB5BAFEEDD57C61024B07E660BBC3F868F989CF7FFE5F4B5F6BF44811B62D707FFD22C0AFC9E2FFCC67CAA3FEBC62894D5DB85990FFBF8E00E49B42A779CCC790B966353C07746BA53CD1C1870E340
311
6678ADAC029F8F101A28A8D7015B72E99B856C335B28549A4D0CC61CFB0AECF8DFC9D1DB2F840494290009BC7E4F117C308053A02EBBF8E54F0FB420009DD763A8970DB8785F9AFD8E52AC2FE36A68F33FF7112218E52D9164D939F0A5C7114E6453103DCDE70CA50AE2369ACA8558D4A72C02142228C8D20A0581B9522F34
311
B3A96C456E64A10B88C06E70986D33272FCEA4C09577AD8F53C49781FF2BF74405A2B882E11C061CD63FF45F8AF665DDAC8A4BA4F2520278EF2B31DFF024C91EFF5EE77D1B47FEC562315F342A28883ABBB36EB3D9AD2FD6B3510481F807E22803315400D008C542364580A18270E055BD2E06A3C11DB4CE1FEEAEAF9D4A81
311
D5F748E0BD21FCE2CBCB09A073572420087054EB81B8047EFCF192AFBFE0694CAA40EDDCECAF3BE4D84F346DEF84C76D4F3433D1181CF0AD3802DD91EE50C5680EBA4CC55C050F91862010C3508BAEA7809C80AB6A59210C9404182002E919FC6F0C62A50A118357F75B7F03067E093DAC83D448D2712572E2FE04BFF4BB03
311
BEE1ECDB4115A956B95CBF6A03C86630E65F76CE981D86443DC3FCD3801503C08901907278C140295788FAC42090BB600049C0CA0218484130990C18A1551005A883843EECD7CDAC1E2DDFD312D23007B727FE31AB85B5591660BC7E5333E140009A3DEE44AA2FF387066B5634C9E723EBFF971BC18DF6FC073DF84E04C863
311
D1A84F222260007801B812F79ADD76E249E806318A0818C108299FA84A899E81019E042760002D89DF640FFBD3737B2FD7D7C42380046E6CB15ED9A1DA5F1ED06F7A170950B326715B3403C0E3B2577ABADD03A380AEC09F9CF935E163955D706C1894D4D7B82151CE123B50EC0F9CA2F842BDB4AC1BD7C81E28175229A109
311
1C240844E983A8821D09092AD40D118E6229E9DD66DBCAF18E4446C416B8B23CD960A8BF09B88FF9707A61229DF4C64B44BF084F9A5D867A6FAF498202AAB1FBF9572D1042791880D87F508F017D974A7DEB63F61100CC7E6FA82B14EA09F5440A2ECC4343A0D8CC40025D1A06A2CE682C02BBC4840784268410628A081004
311
0993C33BB1FD0263409CC2DF5D59DC5B820B3E06A6CB3F7339EEAC33B89A220054F8CB627114BBFA033F0AFC92D32BC9CDBFC20156B5794CF8DFEC37EA4B10B9D0BFB07EB7C01E62FE7B8406BAAA16AFC240415C83EE2E610327C6820F0A806084636019A8403080BD8C3280067E5C387C8226504EE1D537CF7656FFEEA933
311
3536B5782D867A5E2C20B3C51188F4D6BDD0FF29FCBF1207B0B2BA89FC478B785C7FD21773CC3FE4CFAFD0BEB49EDEDEFE9EBE91FE5E67C212F44303554503BC8D684050FA2238492A6E04D928C9F0AD928E5804C57CD852FB6F9880D890C405EE6D1F1C2CFD2C062E9BE0CBEE5D240F54C080D50C031808DA8ABD8200C400
311
68CFBE64F85FC60167DFCB52B2EC8295E8A6C38EAA97E5021C5F67A8172AA7F5F5007DCFD0D050FF506FC68E8AC548AA1662E8021529C23B22762CF32F8A41E90DE487A61F709CAB09986069EBD1BDFB5A60E4C5FEFDF5DB1F2C159D8DE6226CBFFE8AFF4CCF8EFEE4C54C0BC4819FD4F57AA8CB4E7E544B950190CCFE5F11
311
81ACE7B0E78BF446C81FC0E06E26BC7F6868786A64ACAFAF6F841FD546FAC6467A2A0842360C25908431251D850B98F65004139108325C2166025C0127C8DA52AEA88FDB661F630EA9D8D0D587DB8B371EB62E8F0E7D141A4E3F747A318892B3184B250981600115BBFAF24805D548DF90BDB1BF600458D32CF6C89EB7AF5C
311
0E532ED605C053C36353E3E363D3E3E3D7AF8FDF191B1F1F9F9A1E1EEB1B1B032543BE9285C53387D2869188462232F39003E6A1884CC50A5082A202092517C396C6DC8397078446E081B5ED57376E6EFD2C137C38E5A7706A6F5D78A9BD6086BDFE44D144080C196EF24D652D9442000502BE6CF399F8F05B4FEF20FF6423
311
7CD018C8A5BAFA87FBBABA4251BCBC622115E982F57BA6A740C6F83550313E3C32363DD697D19BD964EB30E5ABF8CA60A03B24AA020C083FA0192103694205621D602457F50EEBE8D2D1A37B8B1221BEFFF4F5FDAB8B7BA762E90240A7C32252FD736FB43F73F6366E90CEF2A7624249406C81A12E3B5B03057AE65EDACF39
311
A1F215B6095289D26653C6D7DBD3D353740FB4C8749A9D48BAEC752C3E5FB407ED373432323C761D14F0333D16CA3ACC5F7CCE0EF33C56B1227905BD528B104148AC2685048D060824D78B26B76DE17077195DC832D1ABD99D1B57D737953D7406C539D02FBBFC850F5A475B69AF2BC1EAAF38C1F18073A49EA4FCC9284D80
311
170CFCFC7FE3FF4EA4BDA64C6F7F6F4F71746F6BFFC9D3BDFF9EF098CA159F0FAD27C28F3632D4070E86A7C7EF5CBF7E6DDC57F27FE5F93A1EB617F18EC51A9016EA0E299581D650AF05059A7AC433C8250CDEC6FCF3971BB7244B7563E1F0E0EAD5E5D1BF973D6423D86D311603AC5D7ADE5AC29521A7BBA1C05708207F65
311
62F49C19781117C03FA833547A7B53C167FBEF3696B7F66AAE72C1D7DDDBDBD7DFDFDFD7C7AF346880C7A1A191E1A9F13BD7C69B091103D88B2554019A005341E63FE40C75F5082E140E3451281681D04020EE9D5825710A26B8B2B63AF1F4FE959BCF2F15CD17C7F7FE92CD65B4A11B586878DD0191004200D5101210D035
311
E825E38976FAADA717DA37C1FFBA70BDDB177CFDF060EDE0D1D3196336D4D3D3CFBC431080D18B050438DCEBE1565F8F2061787ABAAF6CC4DD76C5118415C2036D5B8199EF8610BA7B2102510F9080D20698445956561DB6993D980063E0FE51637EFDC6955B271DA7E0C2A82EBC3803F8E76F5B27276D1E632960440578FC
311
F6D470CC8359A3285F014F02D399E579F16BD28303EE5C77CCF6F4EEE2DAFAD67F5BEA4E3841ECBDAE6E5FAAA27646E754C4876860971883200725313256095042020C9848A889623128A21744F1CFDAFC87C44AC42ED02CE32C0BAB26FFE0DC839D0DD9A5F672E2A7D55B5788919EA3CC33507FEB557A61D0EBD797340270
311
977AFA4C69F4BA3405BFD43BF9997E6C8D6429164B1FDDBBBFF870F5AF555FA8BFA737D4ED8B656501D01066F94F9A5B1A390545FC633110B010FABACA7F345BDEFA4935D02C427116841314B908C9F42A4FA9AD0B7C7C65A11C307A174E0810FEFEC68D770BD6C64B28E14187047E2BCC173E3F389BF61813893F21013C1E
311
436638EB11F8015EC21BDA3EC1CBAD00AB355C883576D76E2EBE5B3544985EA6DE97ADEA59E1943439CB17E43C90F8E02183E82D976C1B3704881276C110BDCD8074874D6C52BA105F111928902BC7014C4044CA4F109B2812157AAAEADDB6D683FD771803F796ACAE93B52B570E16CE68F3024CBFE505168FCEAF470290FC
311
E57197FAFBF53FC9EE287C5B698284C6452BE0940B5C856C639FFCF18DE7EE18C40DF49972224C3C1F902D1E970B316F3084590535B2E2C992A7E0C21FD7170BD807CEA2C9E387098CE8C2148481F80368E19E5E5805C1A198428C020401DA2006068A0E2FC6C0C3BBB76E2C3EAF193DFB37AFDCD89ABC7C6E7E0501A720C8
311
E7D2AD89AFE2127DF37BBEB0FC0909E01798819C040E69F2F4E1F7E1F6E833A6A7B76EDCB8F7C25F604EBB2299FA7761D2A8A4888CE34FFA523557CAE6545003F22D63CDE98DC6AF050D2E87BE9C71168A6E3E4A72210849B1748AFC176F51A1401E95225034D09684191255FCBA85C72C94DCBFFFA4E1AAB636AE5CB9B5F4
311
B733C140ABF67938AF67551A922CF50E25AC0AE80EF8922D77D97A80A7EE6BBDBB79636D6B30DFCBE4470A7903A91FA4CD19ED65C29B02B32941CD0803CBFE806E372512B92ABE2DA25630142827F42407586002CC21152665FE455BF0A010002F40058A04400134502994ED1EDBD2D1CBF5C59B8F16742513AAF0CAABFF19
311
099C9FD10938C09437B93F6738E1CA70242EA14DC03E6D2C749EFFBC76EDA8E45FAF5DBDB1BC92EBEAEF0D4533E24630B96E53512DFD920DE4274B542A6CC85223FBE5759ECF5D06638205415269E5930EBB2C19C204FA92C4066002091A080E047E4D1A6ABA90C5349A2F952DEBE33A98E0D5BD9BEF566CA69C67FDCA95FB
311
8F3F700B3F1CEC0777CEB3807572D06C4CE88D10AFC515E81D2A92AFF85E3B17866DFF67321C33EEDFBCBA78E48F32D40829536EE6352E09C33953C96ED649692DF2FF541D31927EF849830EF6C77AFCA66A91200FC4E2B6ABB5E7B82190434BA2FE015A21000CF02B02513511033462E860C03231FF7A77E3FEC152CDD3FC
311
EE3524F070F66754D40750FFCC8DDA42DA629711C101F1DC70C8410E8824C9F12BA5CF688D3333A8FD1DE6406AF6DDD5AB6B2709AC1D672C8706258894278487AEB2E8D85FB8B030F9419D30EAA95140AB66F51860FBBCC11FB4BBA49A067E610963000C84B083C454E8E14114C2A939A41010F15552B984D13CB1F9FCE1AD
311
83BDB4AE9AB3BEBB7265F1F072BFF867C0FDF0F6E064D215D04B0AEC171E6364AC105460B7815748F820081BCC97B7EF5DBDB9BE9983F9A3CD046CED72999AF56CC9E4D791F7D75A986B75CCF436C99CA3399060B584C90D70C4098D2005208162DB22164B083BB25F90D01183C20648027E61825CC06D9D5DDDBFB7F6B8E1
311
0D14128F85047EB335746E3058CA33A3664720404E067391EF1FD2931CA16A03090D083190307911C55673A9B47BF3C6FDFD64A6A7D719238D00594E7E72255848000020004944415460336FF74B392088BFF501CD9C473CEB67048FB08CEC76093F111C61A9A0420489A68C45719F440AF05A41AF3D8824240FD3E069AC1C
311
6FDC3DAE59ED95A675F9541168507560EB3C9FEFF7F26B5BABF6D640523772C963CC0E77BB191CECDAFE930B1070E15F83D530CEE8DA0B03438C648B61BFC5652F559A7593DBEC4DA765FE5B172A405C3616ABB596F61AAA7A968A60022A0714F18B951314C27B840484086001CD1A92F957D15330805B989C5CDDB9B73598
311
2CDA3379A4C08D9D7332EAC2487FFE851A93263B6A2DABCBCE0294880053D770998C6681DFA650C0234C3038703E09CE53343CB971E3602947943B92D5633E8573ACEF258C1E3399C008BFF90BCB979781AF06662584F23640085E4981623D16C5F8151210044003E8164D082000840444234662A41799DCE9B9DD83DD516B
311
96CD0B5EA4C0DA6FB205DE1FD0C44C30AE4704B0FDC15FEAEB3721AD6DFF1F694282079A5080B665A7FD8FDEBC61EBE68D83051CE0EE588E450497BD90CD15F1A4C8686173C4E4DC87D6E9FB7DB667C6D61870FFD14321199102241F8B35441367127741D3841A0F280C4004444E33A46E7826F6D6F75BB65C2E9F0908091C
311
FD52C0EE22197C389409946080AA6EB0403C3BE6B4FCA46A606AD06B8F8280D3FF4BEA735B8B37EE2DD57B91FE124376E7095A92D1E2F204C90D9A6019E9E34D336B3A68200BCF63F903067193CC6A3C0210A02228A20CDA424091805087F8C8D1662EE0B76E3EDC9AB50542FA4A36B9417CE417C5E0E9D82FA2A2FDCA3A93
311
F61B48E777E3ADD843E3393319123F499A14C077A8E0DCA6AD64B8BC75FFC6DA52BD2B14C9140DA4CD1733F542D164777D4D7A271B4C5A0B9798CD177B3E3FA0A49D344229A8646727928A0F32F102BBD203C80040563A50A264284952CC48DC3758669FECCFDADC63F55CCABE75F3CAE2B38F47FAD958B471A41101263D08
311
409107FA87F23F8200F2BB80FD1B8D0F30E3CEEDDB73941F2CDE58DBCBF5877CA92A89DFF666D657A9E6C3C20010C0E82FC27F99DB12376862D06862B7515433062566205200A358893EC18012028A047CD966C2553BDE5F497B8662FF2F969BBB77F5EA9B5FD43A6730ABF0D0F909D0E96AA3C9B83EF08332CCCA63BD0E29
311
012D0460B57DF34D8706CE84ACA5B4BA7673ED4115F11F2B875DEE04191015D49FCAE8B2D5100033E77BBB2C1C7531526B351B10025F1218B0977299A8C445245CA05020B1050D03D8C14A0A8852703AC529322F3D5DB27A7B7B49DC773FBC71F560FE54519D82777AA14624AFD49D8BB775BAC109B351FF5D38FE35965C6A
311
3863D1D908268301C505204278E11401DEC4CABD1BB75EE47B7B23B1DC0F6E378E6C2A5BC8EB71763F170260EFE305B3F4FDCE2E2247BD4AEA5D6C434111600CB1C9064B100EE81F9268A208813304080F28B5E08C567279E3E683CDB4D5399E29F8CA27F7AFDE7F7DCE21F8D95E2F7D63A2E11119E8C69809F44CE575BAEF
311
BFFF5E012FF6BB34EB37B5D390B0C1FBEEFEADE781DE9EEE14CAC8952FB0F647529F010622B7170DB03078098C97DF6A8FC6EA0ACB062C4C01160B594E24260205482455E80012101920AE904602621938A3CDAA71F2F94ACD9AF9A4379729E8DE1122638DE012F8CEDD92F7CFBDEC0CCA3A5343069AB0033FF717FB464C49
311
F531C507C0AFA1A0D661304BE2F9E2E26E98D86DB41288BB03F58C8FF84F3EE088BBDE06D9EA32337B39039CF5DBB96A3FF3040F482E3ED6A03D91CB2A6B30040D00FF109680AC2C6AF0CBA22132102D41BE75A69EF8EBE15C5A57F8F43A6BD0A607F7E1815F95BDC202AADFCE20140EAC334A068A16741746BA8CEC5F1016
311
60FAE54F5040DE685BC47AF3B3078BCB696257D166DEE166E38C33E6ACE7123F4872B797F4E8D9F7F3082F74A5F5D7C17CE7D91A34918ECF1EAB7898AC09E513125804018A0434292804C0D22134A078A01BEFAB69D96EA5D3856B7762595F76F2E0EAADD573E6FA87604A6F678339BB221A34EA759BF4B080EB6B476C3AE6
311
67CB8B204A6BDF48657C9481C602C9B0EBE1E2BDA5688F33CA2E82B83E1323F12B96CB7F07FF7CC126A0C1D159F9E019A99DEFA703EF25CF7637084008A007582581D391020A7C650B290A90F5112DBB503040C279256758994D5BAB9F5DF39523BE3FEFDCBCBFD5D6D55AA71FD935A3494F041D684110E03285C69AEC56E1
311
661B031A15B08147A3004BF5C1BD5B5B7AFA4FE5EC717D3D9BE9210816C8B3779CDC7608605208E07400E7C7A0AE2F8AFF534C58DD8E2F41802C1797EA24130320A6406FFF904841718864A958E50F20064447D09CBEACBE01C4894F3EED6329BABA7AEBE6AB4B9288CF0FA1D35FE71ECFEAB2810C3411BD218A9B1F19C97F
311
05020405BAEF59F29338865845696400E9A3F9C6F2AD4769676F249A0DC4EDB94C069D152DEA89A49054AE6C8056E7DB3BBD9D3EFF0CF0F2BED562625389D842612D2ED2250BAA6A3D0904F428212804A02840430EC1D74AC9C66A7CE0DAB56BE4D4146636EEBF9BBCD416BA38A2F62B9E4EEF37063C463D14F087AFDDF5A9
311
5038C82E26ED5D8D0914116832201C3FBEBB719BC42961004795644E6CF35CF92FE13F92009AC40B9859185500C9C36F69C980E52B48E073C284DA4AA1284264A0F208A10771007CBE6F25D94E0901518E9168C1CB080DD73FFDA437E5F4195FFEFE605B6A919D01F6FE084E213E7D43BBD3485BC2820036EE64A77C46AF97
311
92A78A064E0501C250B480A77C7BF9DE8B00C84F35F5E1522523A97E3176491205171D7826023FECEAB4CFF317DAC7E491B8901721408C90CC3ABE1516D0A4A0F080F8C3AC0D916E05069425A054432463648761FCCEA79FF6C79CDD89D7B76E1D0F9CDA42E7BB39BD56FDBD3736703861450BAACDF0C6E8982FCE2E706182
311
64FBDF1419E86C6264982C4F0E7692DDBD2CD154C37A76D01748ECCA16D923FF35FBA2F8CC44EBE336537446743616A3430AACAA8542524B9D84067189650DB10F5B10B5276BC49230232944D842BC2B8A28ECD2E9DCD73EFBF40EB1B44A6D63717FE29C1EA093B3EFEFF478EEF9141BD6419DCB1EF84EB480BD67AA405DE8
311
20FBF88404E05A3E258F9C9C60D59973F3AF9657523D2C7B41004556EA3224BE67AB011428FBA55195330B4228A7CC7ED1EE970E55A7671F687F3D4F6EA3ECC46753A62191AB48EA188640BF2C26C3054201923D44535240920DB110D97953329A6DE6A94F3FF9C4190DF9C2BBB75E2D748CC1D33168106BFD76FA57C3E8DC
311
6273DE20690C94BB37BAE3899EE11C1A39A9F6326A1F6F7FEE271060D7BF58DEB21300CC544A6CA128149BACF3A59A0493FD6C96D67D334042D5792B58A1EF1CCA4F2FCFBDD1FE7AABDF640E7E253C6020BD8864FA6E0151D6D6355B1060B5AC39D2AE889A4100A21F2375BD59179CFE5484407724F7F8607D452B5B7C0ADC
311
6997EAE25CBFDA1BDAE758DC74B3FFDD148EC74B7DC3791C332101E1811FE563EDFF6A5883D5DAFE9B5604E1936A9AECA502DB5A30DC7D754AE4B3A28C1B509B989DD330AF7DF1CF0CA3330FEAA3ED6FB75AEC9EAF080DB2A2220860A998908018C3E2108810400D0A052812102B4121A0BB50B4E8BC23D73EFB6C28D2D59D
311
9D59DFD0A4A006DDA58FEF8D091AE5CE8037AECF07F43F381CE5E19E84078DEC451026933F9E7E3AA9FBBE6135EA9FBD3C32767591B253A6E8658E6AD0F801B1B25EDCC0A00E1D303AAB29C10F312DCC2000F3C78F7CEF39F690FBC1120E21A9597884AC11F97C62EF31FB2203986A0C01EC0085019575281123320EBB6255
311
C78FC9BECF3EFD740CC91031EF6C9C742C56E9EF520CB4EF5F78334D3C8C1D4AAC5E66C77B0CEC59E5D79BFC319954151D1419FCA81B489683CF7757307C62B1EC77A652A91828179B296796D53E165455518099858B0BA86763B8D0DF3919A08D513042D218C9B9B23B310F63495C48C097A442F40042000A90D4594840A4
311
A030083888D55D50C067D73EBDD3DB15F2995EBC7B40A59533F49FF5DAB952B87F0F31565DFAABB89C826032DA33E3BD6136319BBD5F6A72802DDD49FE746C6DAF99730B5B2FC21040CC573791069BC7716992E8CF16718C2074408D4D159A237836BB9D8ECFF529B7CEDD6E5F5AFFE246F8AAC820FE508C743199E5913E6C
311
4158208437C4BAA0C24054D268440AF6F777C58A6E9D79EA93CF3EB9D64F9CA47CF2EA85541D3BF7ED67FD9EBB79EE521B8A2DE8D097D89F143644A6BBEC7E9607D9288D18504DA79142D26AB79C6CCDA77A9CE4B1971379567D29855D60A18AA4224E06609BAFC4024FD70F3B709D8DA073C53B1F8C009A30E010620BB29A
311
CEEA02A24E142129A5F000332DA6600701588398029274DADF13CD39749EE14F3EF9ECD32178A6527BB935CA62C38576495F9DFE3B23495A838EEFA865AC0FEB9DE3CE306B23442760024D0EC0088208AFA56E7BFDC0181202C8B2B649911C7D807D2F993A3514B00293D47F99989550C8698FED8B33AAEBDCB830C0F6E7AD
311
86EF3C8A02FE10D6CB46020C3EB53A04058821207A506D2648A53473983779C3D73482804F69C32CAB463C4F8F666A9A29A4F5753A96769767DCA16EF0B6106BD2CAAA1024AD370542D33ECAE3C003410FE077884064A2B96458395E28F492D32D2BD485665956BA2BDF56AA94D5E003041029377566069D81AD75753694B3
311
ABF6A8E4C9AA0BCBEA805A1E90548128C9444A0D4001B040AF040424959C26D421E92588C8DEEE4A5C6719430D7E360D5F74DB579FCFD9588EA38B4B7B39D7E185CBB4399EE0908B800104C43087DE7AB005A809D469521DC85F4E3E3B743943B2AD833C8D66339130E5136C072A49F9106FF27B590E996D5DF8DEF32F644C
311
32286D6C4A29745EA88F59E3458C29850013DB088402088DABEC6289892867A08D00769E22044447F6479A0EAB67EC934F3FF9F4BA84899AF3C72BE2B569ADF3AC9041E7A7AFDB43697F4C5E798C790E81C9EBAB3D5319227B7ECB5BF3975214496100471D04188BA38FE7723DDDE479B134E3A3360415B0F15CB37907316D
311
55F1020474F6149EEB8B6EDAAF2EDE3CBDAFDDB6BAD95489EC9174199689D5FA880A8A891014432012F95636D26814802D2CF1A27E67C5A133DE81003EBD3642A4A832F978DEDAB1054FE1938B8B43387BA5AEAC6447E539FE261FA8F68D158C2E17769D940212B8E50F372D68CEDBE74E8211DCE0083A1917B88219C07E98
311
4836416631BE935A105B782F1A76DAF1B9C1D0A5D63F8F108276CD24B8EA5A6054E94132053AA9E69A10400DA07E350C2004A0005860A8AF3BE3B6BAAF7DF2E9679F7DD24F14C56739B9AD9C9673FD757A78EFB94D10F2C40AA5279CA7AC7FB1541F9ACE12155035D0980D00D71A13D3B4CC2D890EF449B8B2B7BF3BCB56E7
311
02C534B2F93815A290818A0526DEB36F34E4D387D6DF29F0A78077460A02727FA44BB54458420FB2B756AC3D71873086351650085052106F40520D87BAB271ABE31A14F0C92723A4147699E6160047F5DAC16CA707F5DCB9D9E1466E72AB91F63838EA85EDCBD9E1F12C951B2001BF59F68C8936104498CDF1A26E6E348BFF
311
159151F5F784624D89DF763B0B01D95EA75100C1000568BB1BAD6BD5577B14E7DF387F2DE370E5C26A8D9474A1045B4DA000E50E89100401620B8B10D478002B092908024259B7D5308E08F8E4FA08FE5357A231CA426EBBB7F39D9EEB4D9B0B05B9DCE56523FD369C67EB6E2E57191E6A86E58824C9EF43179C35BD7E60DE
311
E3C30D70E2A30D0DF7F74572EC7E25340C02888549BD13898668F1C0B30168FD767AEF3CB7A951BDE4417EAD567FD620F5662CEE380B64D914C6B036C90A015A4444368FB0098768813204900EA182DF66F8F45308E0D3915EFC874292A5BC9AFAFED3CE14909D07AD6BBAD3C6A83D356A66F6376741406A64AC40F93B07C9
311
9D92CD2738901F8695734FCC84BB43BE68574FDFF0C8C8506FB499652DBFA7BBA0F65779150BB4C34167F0BF77A5BA3BD7B55C76FE74EE8A09752229845040567693296740F480B0C029058001D183C21F4350C05B9B1E02A05DEF8A74F5A6CCC1B40D43A0DDC97BFD9F7BA97DA0FD3110602CE1DC170ABEB1A9823DCC3159
311
92E329F07BCC6FC53236C7ABE6D17435D4050790EA3D3234D6D795C9FA48677466134692AB1509B0BD50538367DFDEE135EE7490AE8D427DA4438C8207AB3B1560573132C02DBB0DC5DC1143A08F908078C41A021405600888378010ECEB0D55CDB62AE1005030DCD3DDDD1331E9BC82804E6FAA5F6D3867FDCA4DED55FB71
311
6000255790CDCBBEB1B12CD9BD88010D03A0E00B4501E15272C21C632DC449C6FBF0F0D4D4B033C3D688A1DE6EC90DF260C389373C3A7B496D85765FA7C09EEFBB730D72ACC6548242652204C389FF271181884C720F1CA0284045444ED58092908887EE84F79B8A8880CFAE8D1320A1C689DB6CD556474EBFFB14D6D391C8
311
9DCEDBC27DB5341450CF162A19E7D058C5CE39580E85012A042A59000BE8F5B65ABC1B25D8D53F32323236353DD4E58C8947D2954D846587911CB1559B991D957956DFDD06B8D369FB9ED6B5BCB878860C9F26E5F00F0A01CA19C0161653504800354008949898D841942D3D3505E18E8829F97DB7500091E15E899616D967
311
AE8252D2D3CFB7CE70E4592A189A1DA8B46C25E51C9E4EE9296314060324780B1B2846F0948C691B8B01BE48A86F646C6C6C6A78B84B52FA581F2F4876AD580D2080B24B1D42D7E057FD28D7F07C8FE7D07F3A44ABCD9429499539C502556CE1484409FA7654B0230304011423C010102DD0E333EABC5D08005860BC5FFCA7
311
54C2A36B2FE376860284AAF7765FDAB5B88CEDBBB2EA158CE7290A9889768F8DC7A4889194F31273401AEAC06CA9BAAD3A44808F8D00ECF6981A1F1B61771BAF4211951E272490647D65F25C4C1CD2D27AB09EB7774E813F7D53CD0114A1C7B5B57CA18420CB63526142C585450D8A3F2CE536342D20142032404CC154DC6A
311
19F9E41A14F0E9785F37FF512145EF3D875846710A6D07E36737B8AA35A86A21E5717DA1E1291FA1A1BF18FE24B59DDCB25AFC5624A1AB64B199B1027CCE1EA4D2F4D4F4C808DDF9BA7AA986A4D78ACCA9A0F064C71992EA21D2D4ECF3DC4605506B57A7773A173A5B18930A27848262A20625302C925EDC61F17A2425A08D
311
0029470102C453E86DBAAC8E29A0070520C0170AC5BE8BEB346780AECEF7D6E9570D4B46D176476400B501AF3B91CDA462911E1040E996006200730004F8592F460918F31EAF3BC662144A1019383E35D58F4620464D553932FE1112F8433A6A3E1113BDD893EAAF3DDBF4C59B1DC2D046A2214708B258C98370D686D84E20
311
9620A1CF360F882588ABE7135B382386804200CEC0506FD19C0E6309630B5E1BEF4371F6F8CA9CD0742A5F2EE94B46D09996CE1024289A2F205F223DD363CE3207812207C2620FF8450CC09876BD5767728200413BBB21A7D8F9194965E5F4CCBCC982BBA00208249A6801910BC817103B53A190230F724386D219021F2967
311
4AD49E150A30E46101A933030F4002507AC70EE858424A0D9246D59D30DB4AD7A100F4E0B52110D0EFCCDA93C880B32F563D9CCD80F6527AD786A1BD262C1EA06045AABB7F6C3C42F11AA26354F2820BC41E2273CE1C3004BD260AFF2097FA86D001635308E00C9B42C22CA730F7D41CC16D4A720C895A9B6B7F3D5FAE4DC1
311
B9E174E6E4DC2D35069B997A9B6CD722DB16535842426C23135B0709D00E099DC900E52B8B3794B27F656B5EBB761D0EF8E47A0F05BAFA432936D60970A714AEBEFEEC81B7A46FDED65020AF519C7E3D6B3CA948FFD078A85995739EF452EC8F9C074800EBA4E4400C20F1B04D64AFD3D8F0F450C85937B22C6336A277A029
311
5652C0C3604BC504DB9DD08F9AE74EEFD271BB59B5C851FB0E9F4AFB0B9584ECB3E0C0524992C848DA34713F85004501C81C094488338025286B23FD3D38C3D6EC7554E0B54FAE5D1F520888E9BDE75840835675AAF5A50DA8732D6F70CDA28FFF2F4D024ECE9EE1F19094702A95582AD4CA1D5AA88969C1E3B3E470C96132
311
D10228C221E291961AA702582D3A8EDC63C738B103A943DBA12E0D52A50154378A2A4E3B960B66407B2DEFDB8C6529DA080780802A5B49D131C839F1F8545C1CAF0304C002882AE483F286FA4375BF55D77DE79A1282D7D9AD12EA0F45BF03011AE2CFBEFD5C47DC94A997BEDBEF73D1B079A89417CB387B47A6FBD9A44C05
311
27168A9435805882BF4B2E73B80002F0C2A1802976FE0E8752A560EB646F89140D397D6D001A48EAA8C42CB44517DA979F76A2DD14484F150397EAEDF647D9676917B3CBC5E98B244DCB2E3A4DD381031515556B635A89158205829D1E67DE620DF6B0095588605C64745FAF130A6843A6BA530F176E9CBE688F91A7019B39
311
9C03BDBE9E91F1BE4C1D0C50D90C06179F000EF05A4A6E8F218B3186E9A358607A6CA4379AB06C7202C6EAE4CC0207E5703A20FE80ADD152E911F2D567D0B511A2DDD0265EAEF990108810027FE17AC104BF515B929C69D61CA92320304A380004848400544D11A505140242BD317BD016671FEE1DB664630A77FBBAFB7B22
311
7A8460FBEBD528A497D3A67AD55EA9EEE5817BB59AD951E6EB63C880A1A814FCA48ED9779489FE3308F078921E3D92294660525C90A1213860B82F1429DA96B676769E6F6E1E3EE020CD01A98B6D830734781450AA274D24CB98DA73CD5DD5B93CC95DF56CD3370BA41C2303D52642B29E580284CD95332819D36487C202A8
311
2A31055592404FA8E9F07E535522E0DA9D3BD77BA080FEFED8FB5A80EF3FD7DA107746D01E4BAD168C57A3910CAEDEF870248B1420E82D751E9182C880A427F1B9D198E9A1F4956881E1E16141802F90DCDE5F5E7EF9FAD98BADADE7875A4917CE211125AC3AD59EB54B05A8BAA1B02058577D6BEF8A66B6679A3815D42817
311
57A0C9D61172E510F4D49B504B63A485B153824DF4802F76802409444A7E9181D7A7AFA309EF8C0B029817138690FADA8BDA5EDD12842B6C688FED39A1B02F9B868B52C6A77768FA3A1440F926110352DB546A695056C865B0677A35044094A0A0B73BA54F2E6DADAFEF1C9D1CED3CDAD95A9A49FFF823872DCF74148CEAA8
311
8D8BF6B5F44FD7F2DBC180361CABCD9DC8141DE27DC9C99BAC8E121475B2650801206600DEB0E60D56D0D6D4D7D1B224627AB335D935C57EFCEBD7EE7CA221A0DF67D26932E01CC1D149BB4FED49614161A93D201B86402216C9C4424353E3918C54359318A960803ACF5E9DD9C0AEFA0ADE966201DCC1919E7E672A1F5CD9
311
5AE7AC89BDA3E5838D574F97E4AC5CF4C0371DE8045CD595F6A4185321407BAD614210C0A7A8B3D82CB25B0111801D942B54520223B1478500952020ABC352694B2C4159220F75D78DC19FE2FD5293010AB836D5138102FAA276ABA4CDB77B56F83DFF40AF6A7C0A7CA52DF8248640F2737D8A787F1773DB2D15BCA85B438D
311
474E8F802DFF9AB4185C067D147B5C8925715061C94AD1DF7AF1EA2E278DC831201B3B8792A0644D4F34A473F5ADAA63D5A35CA92ED5AD8B0F9284A5B3C4AB293DFCF6B5ECA30B506D4FA2C2A273A44109B23AEC232CCE16FA0C46A2C8806E5FC995B49AA6EE5097621C2D30455936D6537D06ABE60DCA18DA78388F6B358E
311
F6F0E4898FF0D8B07AEC5932FF9C443B7AA50238E1A13A85D0492027F5C56A0EBB7E2849381CAE4408B02CDBD5EBCBE4E2837B3B1B7797B79EBE3AB875EFD583B919EA279125233B65046C5AE7493D6B0FA05B50D17E473E23AFFC2E94004118F658B34C5917BF84B0B8C6028A036471140AC06747414000E44B664C96A4B5
311
29F549A0813BD7A6245A31D4938AFFD48907B4FBE0E99C38683B02F29EF25B14B5E8289E136E4AF5A2FEE1E91E242DD5FCEA4DE2E47AFB9FDC1EAFCD6B74DB4DB2AD17C903598200F60964CA86E4CAFEFAC1FACBE3371C83B2B1B5A4EAFDD626D8642E78D5E0541856A97602ABD205EABD36EEB5275BD0ECA888126823A050
311
41D0416E98C2AAA1059533882B94CDF09ECA148AD439BAE32BDF34E53840C1B5F19150341AEAEB2FB8D39226A4F5CBD38526A3921BF2A869276D3228938D1AF0B149BF87221F51540DB5FC9A52C9CF64707B408F319E28F9884CB737FF3334A7AF8C1FBC4269ABBB0F9FEEBEE318989D0794E1D248A0DD7D67AAA5CF7312A0
311
3D3AEED2BB1A40DAE2B553BE16E71302084B9E1C4B63420188006507817AF22354F54D90A06480335A72419BDDD3D3180294A3F884100D42BC37674913125360CA637B0204E8F64F1B0732266585A851A66B5E573ED6CDAA07669E137B538880C23D09F286CC249191139E1719A02180E8442486F76E364F1CEEDC3D78B485
311
28B8756FF9789373C56DB601AC4201AC0DFEE9B342BCE8487103046EF519C9C6B482E1324B6C6E45002A289E22675E091C5C61EC400907284398529B084185818CDDC2923DB538A6A6284C7307675022B638C85AD56F85590D0FAA3BEDB28D724187FA53776588D40FD26748FEEA22DE17C2DF000308428E8909FBCDB59941
311
B75F5F8D628C30F5521223C49695AA3D699D9CD9DE5A3E58DF7AF164FDDEADF527DB94A326BEA43617494F6D38A527ED872BC140BBA98F8809604D9B5D0556D981DF1597A2322A24AACC0005BF7080CA91420B342B6A7510A3A80C07E88A63D7A7C7B103682320A0A7AF3BEF1D90859176370A0DED17724B085184AEDC97D1
311
A8499097EC64B51748417712EF200B309589A10A72E53C21DF64BAB5E0F93A518C890CA0013F7540336547BAB53239BFF7726363FFF8F59B83B58D977B2DB6D5C8E61ACE0C9039567FAA23D0C22BF9557F0A1F322CF59A04DC60205BB6FF41C9407652D629C186AE27EA87C8150290ED019222847E6266C410F07D9B0DB8BC
311
BAA0E2005103E37786BA64D126624F5215BEDD95F4DD6E5ACF3CCAA8D4537B10DA0BEB000590EAC015E91F9EEA97D0132C802A2CB10FCA3CD05AB1F813D59406BF60C0F96D2C577235E6B73767575E3C7CF7F0985A8F0720E0B6F44D9E801804C262AAA91EDAE073DD199B360C3523549ECF65D87187EFEDC60E2C5254555B
311
1B45E74883F414078812C866E14F982056365A8256471F55AA342138DD43DA7E5F5FCCAE53DBFC3B40AA919C8E43EE76429472A98D47069AAE7DE92E4ADDFB9EA1E97E093D49E5262181B0313931BF64B1E8AB5976356BADDB194DE5AA96C6ED677B2BF3CF9E3C7CB5B5BDB78F4DF8606E420A32CB092AEAAB557742657440
311
2292EA5C3023AFB829FDCAE75853703473FAB87802EEB83150A5A42AE110F1F83504C88E112D452A9BA9333269A46AE37E172945030308014CA305BBFBFB499838DBDEA6752C5DD28DF6A3FAE73C101985EABEF39986D79FF791FD11A2BC8D44FB9420A4869DDDE84FDF5E4D5B4CB92C3A000450DD094A8915AA61DBCADEF1
311
E1ED9507BB2FB74E365FBDE1C9270000200049444154736AD8F315FA86C3389743AD4E09B7C9F7B721956B3521CA0754DDABB19187526233B05A9225221A60655436216846474F7F484A0AE10BCB5135A9A63081C444729C5AA44B46894E49812E2C219400F5CB7A732E96C745D77F2F004A6B77A946222390A610AF49046E
311
F169B1052DA64C17481C199E26D68BCAA1C6A9E881B87974E9B0C191210582E0C08F4DCE60C88F35585B7B2F5E2FB5968E9F3C3D9C9FDFDB7AF2789E7810DF4EA50405AC02BF2D68641C6A28EA428D407B29C537C38542C2E1FA5AB4A06C9CC3E141029020A29AA44543008800541342500EB092CC2C76E8B9FBA7A6418010
311
C1B5617257427D4ECE7E1057A0DD571B03DA4B6EB7B1A1BA975772216299910E9025526047A6B3674A8C6A55D194428ED5BCDBDBD83E9EA3B218755F047E8682464A15CAFA606BF5E9F3EDD6E4D2EBA7AFE7D30BDBC7274443D4423959FCDA976BA4A60C23D50FB7A533198AEA9E9B2C667BD976A997C538940025160BD881
311
6C8D912C183040AE180440D959E26102B9D8C2D96C39EC675743694CE0BF8E25705D82E2442C7DA6A0ECECD03A50BD2898D59D0E524EC99FD1A9E1C8B37580D078D929960015CF7CDFCA2A548A43B2088B78274F8E37BD0E76F5A28C64FE990CDE221CDE587AFD7A7B5237B3B4FA78DE66E6605A9BCE2F49E3220739354C21
311
56F546372A6941012F83D1902E88201CF7953155495077851034E1B03C21F14ED00F1900FCA203B4FC2856EFB00431530B2C230693E6E894C6014202ECE1A1844FC58112687FBF90B8608297F22C975CF1AC38536D84529F90F7D812426034E0C39AEC22EADD8DC72D18C8D68B81787276F5E99ECE4D66BC8840A646F2F5E4
311
C031876EFE646F750EE3677E69C662E4C021CB9F0D863FF8098C507CA0714EC9D28588FBCEC0643C827469BAA4CE522ED48D7F56CB5014D72B352B145AC2EC44DB08F80A7E44400C1785E308440F64B3450E3DF026ED2C6310A1860C70067A7D506FA8CCBA9020802FD64057F0ABBE14D6D54D850705B57C4EFDF2D4D0790C
311
94D08FA208A743A440D3638C9A3D542DA26ED30B9BA55AA0EE8F5A9F11B794C061226C6E700651CBF6D55F75B3836C3A32998CF95CCE24CC69B551724110DDEE41EB975E94BCD16ECBCCE8D8971134B0E7CCE8FA82781822006D23D5F7E1006097221A204056C5A48250265B973AF4F50207D7C8F14555601F1E1F977A8DC8
311
40E68EC5E1B7D606473A68C06A58502FE486346DFAA5677E946652CF3241E974907A60CC7D68647A5816FE3804A452A806E2C189A5E3E3090F15B223C20330003639DEB2DE60F1DA66660674E6307592FD767DB55CE7700C2AF1E03F620ED550880ACD426CDA284E51A2A6880124CDC960B0C8E60B89074B30804521962805
311
01E41E00BD68007103442DC9315514E6916005D60967393959A5450A8A08C00C8AB15A9D320425494C034AA656F52BC0F327DCC83D6D38C21D42953212D560DBA02BEF430F600D8FF422E7450F343104BC03F3274F47CDA62C99E19A0EC050CE964B264E914ADA1A358B43CF4110C0CFB100590A6197F5F84F88811ABBEDA4
311
1BBE5E1021DDC9B3A27D2E041932246F42AC6029A64448DC6D2A15D83628192034F43F4D7384914854D3E3FBA5D436128020BC7D6898E82414800818EF477C39BB72F1241A48A055806910F3D89901FA141C74C6229F9481A9465E85C790EA727E1BE91B9BC6D845EC022735013EB74E6E3F58F0860BE5945282EA0DC225F8
311
49048B74560266012288F5BA54C417315DD43B3C49C1C080980558461AB4DA9804EB320A410D15B8835E43BD90A7EC004B70A204F51455C315C60A00FE76292D21007104997F8E20209187624584EABF2A0C0FE1B9400338C4532203BB2284489427A050DD9E78E9101CA826571AB4EA4A0D45DE50AF1A36B3A3297970FD63
311
D37D31FC3D390686923D0E2F62FE24E82A44B352F113CC701FD2906A091EB83869A1547CBD522D48CC325360A6AAFA387B993856B0A14E6A6877A0D0205DC908D4BD015D5017E744113DC1D0B7A0408241AC0ACAD630E65F4DBF18C1E2076A318A665DCA3321982D5F7ABD8E10E12B6800148C5F1F63237B249462FF881613
311
07A64EB70A38F5A0665EA15F76C34A9347351972991E60F98B5D0712179BC2DA9553C1B08603C6E000C7A5263DF94C36254A502AE1737E62091BD19CE4BFD33AFF1F8BB932A40BCA9829821655B27DA0810136F5B5B3F755770AF64ECF9CB296260EC2511A100CEBCB620753552F47D49BA83F56A7227F25744400405D8AFA
311
ABC4A9D4C1555E923AF1DC8407A6B003C95FEBEE6E1A253D4466594DAAF01C7D0ADCDA696E8213F0AF868069AE9A764BFD438D9AD29206D40D0F7465440BD06DB964B00C2EAC3E9E30DBA9018D7042064AACA01C201E9294250596C52CECA0C37E27C91F62E578886C3900978A45684B73D292B09C1A885CA8899150049150
311
0BA1D07251CA3690880402480F130E20188219A42140752842476AAC53649D050BEA35B114EBEE1D1E1A66A95EB4A02602BA235A7E8CEA43E8EC27FA1074A826F286D6061A9468BCCF0DC62682891201568BA32E3C807AED93F2CE84BDEACDBCDE6F6B2D3D9EF11AB1C3C5089259E658C9BC3DEE977D62D4DA4BDB2CA66A81
311
3305D9D30EB52A1969779B7F148388126C244BA859E15124B07407777C43F9694B395BCFB3264E76013250B6CD12EFD09420F0AB5DF3CA09120B10E14799FD2AEBB60E6C802FCDF91ED6E8B003A6D08277C6D8CAEF735608126208B79B824AE65F83916741BABC1088056E198F3C6A13C4218FE9A03F4FD23D7A60780C3C50
311
E33A53A043A36EF0F6C982D7958BD531512147A6B85E2CD9FF2C056306382176B4A17319CA8568B497424FE24B23B0A82CF0055C40F6643A485D2134626760696B32692370EB35537AA090A00011CBCFD4AFF2BBC254998690D811A294805880F09C2A2BADD62A009FD50A501B0C7EF1754416A8A6C6245F8760086650E4DB
311
5C5C4A182998382409EE54D00A06DA3FF2BA3D0C385740978957B71001F06CF2F370965DA1620BF543028445880A058C5FA4276E2F05BF48149AB8A9E291489D6B8ABD43010D4ED2656D7450F735BB1C24920D05B1B33F5368C2A9C205E8028204130D6265690954A03721806F7418320E447A890551C9C7F604A5081B9100
311
D67D648BBC7C11B9BF7242A30A518AF2E31CA23C514A32724828657F9FA2FF71B0303EDE8719144925701095D815C0805B835C9BF9360E144E344B40885111823C2BEAE0A5D95D240DC2D74B0A40375D33D7F52A758683B5D6ACCE1B46C48B1BA0C2856881B84B95CC99996CB13A6C7D6B2FCBB67795CE968A56A06D83CB93
311
44192025A8CB6733EB0626441CA01AE4080BAFDFC084560D5F832595904C615129352FCBE22841BE48E61F648A3922B119EDDCA500BAC7FC95F7ADDFD787BD36323CC44AF5344A90D1FA9A768F575C41015E4C0C7916A1D3C6854281CA4B10FB44B02324A0FC77A102FE85D8B0D7628AF5767FDB3D34263EB132859A45BBDD
311
A59B58C0D8AB660AEC96E0B444444095F3635D6FA5681887E32ECCB626D21E538EE3229839EA0A0AEA72794E46093206B4012890C29C52948E7051D0FCD6EA0988FE33B9F01E5956971C618E23420462052A2B48C280A272E127E49F2C54C9693324B07186277B8C03B24629097B24AB8C5F1FEE4130A5F252C44B11B4002D
311
D02924F07C8605C18A002E44801A900F4000DA3DAE6B3A8FB1293CD08B3FC06A7106F38384114C3B0EA0347FA9CF60E88841C26C54F57A8783A09442C0DC1C6503D37E3B35219D622E6395C57025B188700E95778814A0261B2579D87FEB72C9E113B94289634CC831968810C7915161938367D4A207F61606603B0C288B34
311
75C43F27F0E9A5C681ECD1B5B82BA42BA2ADF105A6D083436CE68E66F57080E6090A980A090AF436F80A4E81B68302450D90A830A69449E1275D7B8B29208906435343A2F199482C6F5C951F0766BC41079E3A5ABE499DCC2269544637061F270AC1021CC0324959EA1F08E688C380AE60E60AB207252E995F32CB40CAA933
311
EC0B24259CADDAA420D8DDCA90C42350DBC621004241E819015FFB12997F6AAACB897479E0E7483EAA5EB3B3CAAFEFA754BF4A594509DC99EEEF8EB19D9F5381581795A6585B80D728414840A1449B6FA59510799D8FB6FF43DD18085AC2997EF221413062107F10EA138D17B48EEA489754FC88B9CFC13F0662582040EA86
311
B5E404B2050EA7081A2929119509E42C9D4C335B666B1DC751ABB453BFE70F926D014150ABA0CE39D446969C403AB634F9451E555555F243E52816BE41D99C5895B2522DEBB4814480C3AD593C8200CCAE68DF70DF3049EBA20621801E2751EC00EC840ED0C00676015F01DE815ED0C06C032FA24171BD420177442B3216DE
311
C51F705735121819EEC224610A9A90B2F16D7270D41C34C801605975F85389BD55168AC60C4E2220A10010C0F1F1498AF3B3AC234B77E23396393E511F9662AA7129A84B0C2399F4B025880D5A266350E905D491DCB4C40392184443030813417FCA0150F0CB998CC01FE0E45BF61672F44FFFD0F0D018810B757EC1384901
311
9514516273123DA340D466570840E1419B7F610502969A94507A12ED2C7320FFA410C0634D8A6A936DA44880351839DF845D9290806EC2627697318EB9213BEC20467CC1C1414E9F687108A11CC3D79A184C5B0C89228BBBEC26138FA16AD7C7C338FA446FD4EE436ACD96F29C29C82A1846D420C77148F410CF962A629A0A
311
90655F2DF2A8D9FF4D0AF142FEC00F0BA863BFCD6643773F12400981A991A9718E32C066CD132322B0A781AC685E03586659694285057961FD467B07A86519437D56AE396294479D3F5EEEEE7192143DCD5A1376593683FB65E2B833C497599F8AC99E7178DB8E3A66ABEC424B205FB8BDB9C2418CB3B39C31A83393E4532A
311
73649A1C9DC6462C6A0BB0E625A69E5B0F76C83EB2BB82498E341F15BDC01C2003FC46A2CE18C1908ED281EA5456E17FA94F4ABA12DC2F1C2067BF22409BACCF6B12605894E090ACD4E6EC96E0976A5A358815A52BD8341A50A4A08C43795F3880791777404904E109759FFD2666973D457DE06E840C4BE0D83DD96CAE1C30
311
39D81BF6B9399E4309621A04283E69B60DCECDAD6C6E2E2DF17B7B9B8BCD4D4EE36C51793269E1005D36D6728662918C3BBBDE6EB29BF47AE692A3E388674B56F5E8E40C06943A725B178C1309CB66B13C801F0CA8B01BAB20ED4C1532D6FEF283C1C41E6D110016BB8F0C851195B40E1B5C9F660771269B707F8108102800
311
55185D41DC7600B8A1B18306A5802D7F223194BDA06E0BEF0852929CAE060910181A1B76923F9B2510A5B8C06141CC9AA89AC6B1D124115ABC54CD5B39D97BF0E0F5E3BD077B7B7B87877BCF4E4E4E96B6A1868559CEA3E1E879CE9A9199D38E13C5A030917A4ED5A2D6FCFCFC02A2637206B3C066F37EC1B11C9218266EA0
311
341100B23053C7FA9313592575D96894628558238E0C6913725685B4A9A93B6CDA887132ECE72047C06A832A4FAAA9D76D7C0021B06AB32D824F1A4F4A232894281C501C328614E8EE2155204A81886C25C79CB34EECF23BCCEE7AA690AB06124483289B3BBFF4F8F956BBBD787AFC94DFA3ADAD175B2F9E3E7FB0B7BD3033
311
339886641D0ED22CC26E8406FB7938B58CB4BAA5CD15911993722AAF55F7B943E220B24B4863008980C8D21CEA0FF90FFC6A170FF923E6BFE233E6C983218158440086E0F8747F2F594D789F1EB370C0D964AB2BF51AB04083340117A52F1C204D5E2B8D9086F7418E50842DFD234E2A871B38253ECEBE18FC019225D06726
311
A39F088809F5562EE98D7FF6EB06276F6F3FFEAFFD9DE557B41DAD3D7CF4E8D1BB77CBEFDEEDEC3C393ADE3BD99C9B10EB0FF31713B886BAB8BDB9B9B27AB2BA0ACBCC51769663E99266875E8EA064CD5B31000EB7841C44D8C23F015214987E92F75D962FD8C10C03F4B36985ECB9A1694262D3E3C3E8C002C7CF90CBA5E0
311
57B026D5967F25DF0050C1AEA14220D4A69D0BAEC0853CF2C4F9C8EA0D6E7FE1860442241E93362ACB511C8128632157020CB873AC8B8A451EB40DCE1216DF7AB3BC717070A0FD6D1C6CDCBB776FED166DEDEEFAA39DFD272F5E03EBD2D2DCE6CAF6E6EDCDEDD5BDBDC78F9F3F3F3EDE3B8453160667E08020E53B58102725
311
42CE64120750AC28DC2DCC1F495865FF0ABBB85839347FF5D55754FD66130D3C000B8814B833DD178A65EBFA38049054907E2F13ADFD59935C75C007274201CCB2802B14C093029A578224ED1A5A6095305EE68C0FF28287A622E2FA410350238108D94161CAA488FC1297B70DB656B65F6FED2C1FDCBB2720DF5AD4DAFDFB
311
F76FDEBFBFF8FB5B6BF736D65FBDD9DFDA02DE070F1E1CBFDE7BFE5CE398A3A3E720601EA5D1B0617A99721C3289006C8B000800FA175DC3FE6CC95896BD1B2E2C48AFD7EFE6EC2374806CDC229563780A37A09B8A2E61726C150108945AEB00DE7ED69E04F2F6C40B02BEE910832804E540CBBB699BCB15CE502DB6BB0763
311
030DC3687048AAD540D8E12789A19881041C0E64C0C41CAB623BEF0EEE2E2EDEBFD96E37DAEDEA8D1BF76F2EAEDDBD7BF71DFCB1BBBFBFFFE6CD93FD370F696FF677B78EF75637E7319F6180300240854114FCF87F1800443F495293CD3B3F846523671B7E345437EC2F56D0085BF74409F6847C95BA9E3D1B966447D27550
311
70F69C64F905734B9C43A1730DCA9FB4AB34DA1FB2E71DD1218A2A6A1C325FEAEA8704FAFB5972ACA4D84F050950340403D86D71347D2C641883BA81C9B9DB7B8A02E458F01B72F04DBB710690B41B376EDE5C8419D636D6373636D6D797D7D7E5F1E19B27470F56B76F2F8C52ED81F27179A200A200311F95FEC380625556
311
C43FBB162000B57787946DAFF9F37046760A71501539E444C3A6AF8F911E5E21A864F663A774265D09002026F2D2BE145C8003E85C8128442FA06A929F7B4A040A6950E65844235BD83925060C806C8947883D5840FB4BD13498809551360C7316F0C2D2E1D1CB871B07B73800AE8D003907EEAC7193EADBF71587DCBA857C
311
B87770F0EED5FEEED1EBD5A5150E2FAC055D7AE057AB818AFF39915CF43FDE16D60FE20FFA579E84DAC5EC8F57BB54550D91006880E1A969F202B37593CB63F93AD8D1F90229A00AB8D210047229B7F855CCAF5480D0BAA207F54A61031A202C063AD249B72B918209BA7A8670B5B3A8994C131F90908C5E1FB790559BCD1B
311
DCE6F4E0ECE6EA8B270FDF2904C8A1D01F368D246E2214100B8B2062ED60FD9170C0C9FC1C39F65E77B82A3EA0C40165DD5956807036386213D341C11F57F42F7B53399A2D411E2089932201C6C688DB8D8FF477470B100031755965D44055D026352C7033A960D7E01760850C44EA0907689A50BB527691A21054B33F1E2F
311
87FABBC88E1F1A23670A16402B73507A89536330072AD1A6E18F4A0FAE3ED87AF96A8383E1E5F02FAD7120A81C0A2AAD7D4798E3E60D918C8B8BF70E9677B68E5F3F5B5A594000702629C53844008A09200850F25F9C7FB56947F6ACB85DE202FEF5AF1CFF9982FB87D84422221033607A8A8D83852A65DDCDFE2F65D38A60
311
401EE409C8E587675502850BDE11807964F67916EE5736211E04808B04B0E960013091D6B14E9DA142079B56C646C428A36E1E62401944D451D693231576076DF0C0DED113F400A7402AF801BD03FC190A3471803C8017D6EE6E2CBFD97A8E81B0305333BBC2FA1C8712CA42808A7FAA80B2281CB6EC08F9FF51D85F36EDA0
311
00CCFE708ABD236CA5965F6CC0E1E9EB237D5D294EC79590FA8F0A56019D0BD65CE5595D2BC0B9C54F12D0351C68730E0E344610E035735098001EA8A559A5C9477AE4ACA7FEA9904A1913EF06D704D9F4276424F554590EAFCDCC9F3CDEDA7F75770D21D021010DF236FC82119A928837EE2FDEBA77F06E67F7C5EB93A585
311
51F8DF48A10089012804C8514ACCBF64E822FE7E60BBC69F95F893A8B1328173D4CD194103B28D4802A2C3D7878742D46F40025A5C64CC097C3CA8A69EB9D5468800AF21408480CC7F9B01D4D42B4920AE814604DC23CDC94ABA564E0A38B1483DD2A5529421022D893C1FB738CA31299CC026A9DB87CF77DF2CCB59B01A0D
311
5C20010D7AA512DA1AE160F9E1FED1F1E1C96D8EF6F4EBF36512C2C40254791702BF44DB987EC22D22FCB51DCC04900999B9CB44EB8787D101E208B228323EDD47091139D780A37CAC14BDD260D440E511884181D4B650BFB2A709E085D8D5FC83022E04111DB8E55D6E2103B96333FF391E8851ACABBB373434E4AB14904D
311
C4C2642705C7A3B85DE166AC69309AD3B5C9F967C7BB220544130A1B9C27009106DAFCA3136FDE4700BC7BF8726B6F758974322F1B44D91A9425A0AF857F38454945FFF289EF64033BF32F1B37D9B6283BF238B903FF14FDD73F2CC130B6AC8C5D67D34694E30C3CD45E42050029200AB4EA4F9EB45772A5D3EEA989874E14
311
06440C2896104C082EC41590268A806B97D1587692A8CF46B9A19148454BCD90E3E19B1C4A4F39F16C847362BCBA5A6BE9F5D1BE604054A190BBA040FDA9173C28FA170100FCAF64FE97E6466D7E5780831609B26A6170E41F0B4A20B8BD5FCD21BB75FEF0B50A234914D8AFF741F87D803FC28A206B42D377A6FAFB39D4C7
311
F13908F00321F30BA802B6D47FE20608510420375593002CF0F1D0E600C50A420F9A5920B681C802A10BAEBCB8F40592D488CFF68F84D8AA924A5141932DD6A8A93CC5B34C19B2658D9EA06D66E5F029C6C0DDB5FB60A0A30A1422DA1C70038B48F1FFFABAD0FFEA36077BBAC2AC2867394F82D03F0A40D2113036D8AF87A7
311
2D9BD7A58685883F2500821CD69E41F441F7887F2C202C415683A8E14082B5C50C01B0618BC6D6CD5389AFAA6081037001F4EDDB6AF2751A069426541C00C480CDA53208A17FA01712303B8CA614182041BA6FAC8BC54F5274E4B790E574037654EA2B6402182DC9C6C2E6E3A7CA1AE0B82D91F89D99D7269F1B6DF98F63B0
311
7B74FCEC366717B30C5A950DD2ED08803A440C0123EC4FB459497F7286D4A655EF5741B3EB2FD1118C3F20571E104ED0D8F5B1A15E5F9385F52FC82DC3E4D39A8E274501948293C2A89045FB4FBD84133A4D0221820A8DFE957DA404C0F732FF18C5820797311E88F60B0DB0679E09C222A44101044AF3F1AF5D810C514FBB
311
3BD9682DED1D6FED2F6FDCBD854F00155C6822FDEE2FE2182DBF7AB3F5626F6961C68A494FE010F809818B0120EB3F2C2360FDE1FCFC20ECCFFC4BD214F21F80CC9FDB6343235358FF6A3958D030767D8AEA1154EFC006749334AD2A3EC983C80BF95153CE93DCD3E65FE803C61098938A07140278A5C8424C2369CC3EF4AF
311
74A18D1273616CCF3E29EACB4A6C370BFFA90264E0AB44B3F81FD0802995AA9748221A985CD93E7CFA04B7680D7D48139A6F3765FEC0FD1B8F1E3E397A7D4246BDD963B01751FF6A03A8447F7C511F6815EF2F00F92BDF4FC1AF568DC5000CA738B717A8550C44B300803F94E2680B4C2087EBC7A0600055A900161C48D3C0
311
97AA80AC3E29BC201398F44E13692048906705FBA9441444283A301B8D8666884A255D5DFDA272591681022A10432A55FECB1F5DEE00EBE704B8D951303BB774BCF572797DE30069280E71BB89F1B7B67680F67B29D26F7E42F705C7CC1673920A26934F4286C48F912B049DDAA11F8E2554D38FFDFF95C00FFF8FB112CE5E
311
3D80174A181B9F1EA68C0D479B78CCFE3F3834F0DBF08204D840E0550F6C6B172B4AD00147080290091D149C7BD6665E21443022E4001DE83C46A329264C20AE71AF4FEDD92383832851369BB33BE0824AB45224C911DF7872E9D9F3ADFD87CBEBFF7F53E7FEDBC875DD71BEA498D45BD4922B892097D18B424889AA2C0996
311
68ACA045BC48D7482A3B4DEBFD214D0B244E6AB871631779AC1F1BC4300CFFD27FB99FCFF7526E46E27066381CDEF33EF7DC73CFFD9F5FFCFCDD5F00F7BBF83DEFFEFCDDF7DFFFD73FD11FFEF8CBDF7EF0CE5B6FFC9960E904EE97FC46C0D5FEC02FFB3B63DDAE9F13B6D57EF67FD658C2BBB18DD9271B10EFDF1D87B7374F
311
CF76A8A79A65C1BA9B15FA096C01F5095F0A2BC00E118500CF914A614115F1A4B07E011E50C3048AC1F7D210A90005C6C956EAADC163E76E8B01EAA891448CBB62B2F2DEEE51ADB7DC6B23C917D381136BDE7ECE14D28F7F1D1C1023727BFFFD7FF913A2FFDF1FFEE693BFBEF7931FBDB1B6FCD5687A8EF173CA07CE2FFE8F
311
E1AF433A7F8376A43F5D9FA83FB26648045AEC21FF74FB4C036018041CB076F3FDE515F58BA86166C99965320D0110C00999AF8105A8FDB0E9427A5DE48899B8C8B843F241E93C41F33943CC0562EE1A801FE5E0078FC87F9B6CA10618AB3F3017911AAA108F896B8C199D3338B6DC64D639A92BC4CD41C13BEFFDEC779FFC
311
E6D7FF497CF0F7BFFAF7DFFFD3AFFEE3BF3EFCF02F1FFDF69FFFFA9C24FEC55EA33DFA5F823F509FF949E9FDE1FC14E7B7C1445DC49F2716F6D7FD79C5184075FB06EADF252394E23DD7372E5C7C75D6D99BB03AF21F9967BB486E8160C22D101D1CC0006EE0819728A134A27572B95E29E650460007EE73203A80DFFEB4EF
311
BEE5DFB7CF8946B3929E353CD084CC25A1E5DB745A4FCD5C6375B515169819AED383275A60D6DC9BCF9E7DF0BB4F3EF9E5971F7DF4F1C77FF9F297787DFF46BF87249A5EB73A60BC44EE77F823DA2FCE3FA13FA5DF9E7F943FC60FF78F76D3FFF96A04FC2444B36AB56900E683DCCFEE9F5EED6C4F8D826D7EDD5A5C03FE39
311
BC011CCE0103A22252111494433840A0D9308E8113AD202272ECCECC55F74FCA897B3AAC28C28D3352B61F3F261A090760B477899AC3C4BB870D263AB50643661C328849EE68CB5ADF94167DCE78E907EFFDECA7CF9F3D83F46B0C0A351811C38D82F9E17C57944EBA11BD6C8799F0FD29DE0436F57D02FEC2DAAB572C617F
311
D441E06F6FAF6FAEC9096711F34C0EB8BEDA5F3F6A30D4B8D8AB5382F0514A985092594E376E80E2A42A9B1820F5CA338EA8590D7A0096EDEFF6002890BCE6DB93BC3F91F645389E600BEBD563964FA6860EF1B83EEDCEF08D6C30A4BA2C54EB355822CDE8316BA08DDB5D6C1321DA5714F5E2C71657A889D2184CECF6603E
311
1DFD664BDFD73C4CA6E611F86F365F13F7B4E7A3FA83FA51DC8F966BC794F470360013226E59AB1B11202B96425E4BC7868117BF68F5163258C6EF29FD6CC02CEB780C0E44837F0A05A3F2109E135AC52D2202C87DE395EDE13438705704E151BD566F1C327FD1692BFDEB3EB4A7A493315CB6CEE937AF8993D627BB683390
311
40D88414CA71755425A0D160346C32188DA7D30B1280C190C91FE9F994D0B70B91324BDFC08F850A22FC81FF91DEDFC2A7F50B17E946FE670C825F8B0504E0E6FAF20C0FA8B5B9BAF945BDFB3DD0D0DF32A8822D4EA06DE4A26B00001B0149444154BB47103FB4F7102C8000B585869271EAA20F48752CD00370BA4F9E7AC8
311
4BD3C0B6F0BADBFD666831233070B08FE15682D1054BBB1D7031B6DBD26B9C931F046D4D0D411CC8E97110F588E151743ED08330145FFCBE443E511B8EFB3AE41FDB17F83F2DDCAFDD262EDBDEBEBCD5E629FC4E8AB94111CC5E5E5F9D6DED8D884C925455CF4A8D02AC2624302E9B53F023F0CA0A41C2C30EEC545417FC17
311
9D198FA18279D443E00F9CCC3B544F820050002ED00AABCD6677B40B069CC3DFBFEC673A07A930050FD6554678EB93E112551E101018434BC9A89A937B64168D87290319F865BE09F93CF811117E951FBCFFC0FC7F1480470BAF56376BC7FBE47F02F6DDED3D7F6C1CCFEEA8E0D42116C310D566AB9E35C22D7425FD8B1000
311
DD2AB800FA520CD00CCC00CD051296B80DEF3A26432CF3C70657B007D83953003E5BFA173200678BDD6E77447794724654B1DF278968DD4A624BB033FA7CFDA26105C256772C6B98DBBBCDEC1578815DDC3D3D1E3F11675CD5EF778459E17F18F5585E96FA8B9F491C1AB6D8AB6E9FBD08C0772FA8904179809BD92DB572F0
311
073B14B627C90894F7286024F442B8B0BAA6E661CFF1DA2AC280CCFB5904C38B5EA858152B57BD20837011748073A8EF262AD8437991F0C0136BCBC4E727F48B908275B253CEFA80C334162BBB08D9DEB8AB06EB358E76932395CBFA392248BACB2D4C7C5A6236027923C9F933EA6FD5BAA2FA58E1CAF64B7FA477B37EB2E1
311
2C08CA02647F337B3A7352C4EC8E599DFC184B3AA37718AF0750420582C93783008B1F4AF5EC7998E2E1530BBC72000196E80618E25110130CD05F006EB6E040C0BFE707C5606DB956AB0D9402F4C0B04F1D317248CCE3E8C0F6D496A19E565D35D6AB912B08A8949AF0D3D01DC0F98BCAFC5BF483418F58BE79C8DFC5A811
311
E9CFD210A5FFABE6F11913A1980E0802620200FD864A4137575707BB63E49F3A1B356AC0C3F9D802998037FE6182C00E423615837CC0BE909A9B2AFC0E377ABB685256C44FB823E8671A42D1A4658985B043760B3DD64D1E0CA9E7C2B4E1F50EF359993F683257A132EBBD90C2AB2223D9EF584BEF7551809CA018CCF784F3
311
09AAD1E7C73018F24784437DA001FAD5CF0A914CA0BBE8C0F5D8BBD40598DDBDB8C7F7F3E4F6F2F2009DCBED9FF6EAF54D185D38C831C52300199BC029B5039C600552E1022F3C9DA30AF0F3F54D4CC82690F33DEE2B5F4FCDBC7C27E8289E146C004BB87BB2DA629872B0C7AA2F1DD4F93AD3D99845D87185F064B5F63BEB
311
17DF11C760FC788555951DE9F13674407C6782491848B23D8DF8A4CF37879E8962F47A0AF36BAD1737BB27FDCB9B7BC09DDDBC80EAE801AB43582E8F7ED0C1F614F85986836409017A04124248A01252A79D0017394902A73B0436D8BC4DBEAF581E303D0DB0C0CD1C830ABEEC86D4F015C44B5C793F7F454B06079FF5A05A
311
F570470CA0D42976EDEAE8220146B0C809DD5316288837DBAB574F8E0F99E1E606E8667A992D83DA73B43B3EFF3CE255C0FFB3CA0F415D6E8D77AFEF9176890FE48AFDEC8E3241F03F1181FE29D148C8DEAA13094B438542EA4B4751202EC123474186508443BC06462A844F9C9DC78B7225C2EF4AC1F383148E2BD8E029A2
311
240FA2598E4BB3FFAAD66CB40FFB54B66299C561E7CA699DC0EFDC2EA637210E9D5DAAAB810232E22805D3188CF50400FD68CC402F23BD8C75E2F3E8F4CCFB3CB88CD24754CBA2CBADC9EE19BC7E03ED213EBC0F0266D48701FE7BB2C2E800915AEE5A4C8CCBA58128438745230A3C2B3CCFFE11FC8D2478013CB8E3255698
311
D6B8E8F44CC69AE4558D2F2F0EF3E707CC5CE30EE5440ECA03E11CD90814B4D0DB8D6312545C6668C8A09121631070C082F1788ACCF0EAEF328F84954AF4E979E104B749EF157240C7DD57EDF556BEF882DF2B3F9166A9A401EBDBC9FAFE3D1BC2EFDE1279948A0C0E5ECEC889DD386E53D18CE7BE666D589265246920C4F8
311
49313270B8223FCB17F9542A72E4B2C6626CA1A2C7A2AA026A599037C02700418B733938C9E7F2837CC20341BAC844C3B49A78B7475B18838D2572A776ACA68210F0628E6B9F622FEC97C8A2D62D888213C13D04F6EB7A923C4278B16CBBD4C2364CEA13D96F5F6C31D6E1F4176741DE48FF1BF43EA880096E2E9F9E2D5D34
311
BE0632D46CADB5F84ACEE5EB8A710497434E0A3E7832CFC6F1E15D1C8181553A4DDC0702CA46FBD2F9E8D53D571B67BF8C04CB9EB2858CB1483228ADE5372498CB7F20C1D531493A079DDD537262F719AC136EFE0F881DA7D26F7FE968D0FCD6DCD015506B4DCAC261E0D5A780D6397568B34D6475AD95EE68AFA3B387B303
311
0E6E64FA48FE4BF5DFCB17C481CE965CDB7775157FCBCA3EA1B0A45607C0F0BE3CE471451F84F2F297BC5F8481834AC06EF5C2889009E220B1BD95387222659923AE18979282051192516D011A98D504434F5404D4D93F3F1F52B5C55A3716BAE01DF5803EE0D2F6497BDEC105A3A2F2F3489702E6BF2DB5A134593919EF6D
311
D0D991F8D7AA7F459EEA80373356D0B256246180EBFDEDB1C57B1757EADD668FE256806EDAB56D8213181B93D47304785574841DBCC891BC160E68C5FA2A8AFCF3D68237A115EF6C5CE0AFD72B081009DC0400BEA2394005132449DA3CEFA0081E0FCFA97541D4581D48A90B8B5D58F5284BC5B21AA735197BACC2270E9812
311
096FC90AA8983015B54AE9CE76BF9BEEEEECEBF4F8BAA3148A320FDC54088CF29BE1FD5E5FF777295E8C065F697DFB2DC900C02C4762C356C957061B9B0B180760E5B202066A140C7C43EE15017981F24A0F6005107881993FC0E70D0125FECB21A75EF134A939DCB52C93C81D4A33FB3A2B3291F3B9AE47403D83F1E13693
311
DC815D29B0EC194241160F03D8F88C7B54E0A8519A939F2DDA67A5F579F80AD1C04C8C9864C30435A27CFCC1F8FAFC1A401070CFB231FEFD6176FBF4FA6CEB822C6978871F27F80885E11D68CF8E93B052082D6631EBC25BCE4192FCCF1FF3B314984A010DB0F973036876B451E81990EAD69393D7A5A26ABD55EBAAB7EBA8
311
34DF1497600E1E40154E87509B04AD6356895DA2E6172870956039A04FD8841C06321928FEBE74CA70379E5FB3D6F0B7FC1996686A332CB2C460279C6F77179D7FFF42777F761BCD5FCAE45A2D9848D0F5CEEEB4F9059A842263947512904023A051823A757312437AB536E007471C46D6E6DF585CACE0410839CDA8D7E8E3
311
16D8315065EB32284D5DED2EF554717C4182E4F33F0252304680AC8B716B33B24B89E11D42E583C6E07C28E1BFDFA8860E0F308C031AAEBCDAA100EBEEE1E9F1DE31A58B190CEE30E06C96DB35820FE54B771FA71FD71FC157F1512376F6F2E58C24A0CBAD43C98F10D19EE8BF800F68CB8A02ACAFE707CD851A5CA81FFC53
311
35781D95CB8E230CC862456607052DC092D4BC041D706B356804F820408B0DF8E53C7B2EE7C6DC4CFCAA610270B5313905EC0ED5E59B2BE30BB8002320070030B14316084A61F82C95C490EE15E7E6361C3C4D6E03E0DF31CAE16807A95E7A7ED17EF17B5F8003D95FEEBFDE5F3F617E22F0D066F2930552E5272320DD451A
311
802F0A806B303D83A580CC05A066C75D4188DF040140E236871C50CA3F204171C98ECBE2CB3778D50BBE79CE3B1B4640CFA6C9286675304513ECF7B727A3DA62F57C9DD26F1D0BA092C202124863035E20F712D718D924B18FEC065C7A4A5313EC71BA1B51CE3B43BE187B3400BA1FCA63FDB17D68C55BA6F10F475F01022A
311
03A250D9160D8A2C000C265AC816A42D38E14D2C49F407250B82F468C48386D86F6C56107D1840AAB7DC09596006B266B35A18400917C4067E3B2BD1060B9EB6B9B95A6579AD01B3F7CC01C7C91BE1179E1D6C9D9230B450B7D4948A415D402E27C389A434C2EBDC416ACB65168D82A4AC17E01017111E227D06F9E8F7CDF0
311
FEE07CDC00ED3E1270C7F0C7EDE5018177725319FD7A5D63293C218A030B9C9A13694A2041C8F917311A2BCEFD8E94970BBCD1AB1C6D2E57A2F5001CE0437B7774CEC00413B29892C56981591CE0C692E99FB79C35AAF46588EF8EC623169A62120B318DF694CA2DFB07EBA7AC11545939A110955E01D6E08A52986C3002E3
311
FAFB04F2950D00BFA21CAB637C6CE87EE35CE17E4D5E71FA947E7A0384C2F71FA3FC6937C6B2DBD0BD2CEEEBE6CAAA8923E04280015BA73B00870100532529D0829CF7F8B6BD8200C9AFB283A3516673EE86CE3040017D0E2B6F303B511B391E74C8F7101DEA8F98BF3CB587C3380713594647DBAC8CD92750BDCC7062FDE8
311
F10E6CA02984F145052B477342769BFF6E057CE90FF85A3D24013320E06C98BF196AE146D7B7DDED41C6E5D735DA86214EBF854A4B24CEC445B3F69CAEA68C9149299CE07278CDBFF00A37F33DCEF8C712A303346D9101740A4800EE6FE78CDE961784564400F0400E6083E5033A6774E988724F585F88798C14FE1890CDCC
311
6A4B17DB90BDBF7E3CE9FDE0476F6E8EF6D62D008433D0017231808F840EC02E90E3757D7D80F2074434E03555E09ECE70FE5EBCA4FF771F1460121805BC25F239B1B212CD4635412B9C763980029F850FE8CEE116799C5D3E1223F137B85A7A3780CD1178CA7DBDE58ACABC8E00440F4608B8A07E93F35508C87A688EFCCB
311
FE6ECE5773CA9EB00E46933161FEA3A373D6A3383E6412C188F04E7B704E2DCBB3FEC6DE60798D89A10BE7A7591252E147FB1761C0EE810E1091694E7038AA5F50EF5F30D6A5CE4FE75FCD777373B5B3CB7C5D7B12F80E34533F0CC795AC31BD533462F800C74CDA4B5C36896E37747E9AB7005E72CDF884FF0ABA2F16504D
311
183E50F1B3097CA3D1FEAE30439420B63EE0536A5FD8DBCEDC53FE99F2050608FB5BD98FA4DE2938E01304017EDF20756CE1CD676FBDB15A3D6529029C2337981F55E84C3786F6A1BC437CF87F09F7610522FDF8C018451DC2A7675BC3295394EC48D6691A21066A4DEBBAC48B75084D6860093A3162C4DE0C3BAFE5141C78
311
03C9AEF6C7FC908D03EE4309E203B003F80279D947090609D536739322F3C25F70A0EE1BC104EDF684C0060A704AB918129CA9704BFEE0F96460B803411832BF60BFBF753C5A6198F89D670BD573166C102D1A01EDA146312A1023984D3708051047C0551BD89EEE2F1D4E6A8654805ABEC45B292C0BD7CEDD76F421D1B7F8
311
F43AD9BC7454838CBCB518D45F71C88E1E8F807BD18E8E0800789C404540BF4743A8999703D034B17339E25C9E80F8409F0D3E77630A9FABB221034800F389A81AB18752C426F039150436A03903E88DEE0F7FFC937F7CFE6396323DDF63540034600BC402B90E6E3728007D0087BEC1107E93DD01F29E768FDA35E885E8D3
311
424860F014F70C3500FC20831DAE1C43316243279D5D7A35ECD271C16B15622E8649D2D5F5C8BB5A15C8AF0A04B73E4CCFAF60416B00E4351401A20FDE053A3B9D01A81F003501930953DFC66841162522C9D7A190ADDD21EEBE931B07E323D668305EB27E7AD27CF5F63326D23D7FE7870B355486D9B08A447CC52B7B8E07
311
5B1BDB241D0E0F970ED219BE22ED6FECDAC7B4B7DEF557992A8DBF026D945C3A13286EBB2C3D24983B384C3745548819C106212088777A7C261B81083BFBEEE5143A43D9C87A10110F8A4046900D8A1E84253405EEBEA77D644139400B0CA6132A5910EE7355160A403338B0439707F1E0C3116B436C6FE11AEC53DEF0B856
311
5B646EE1073F65CE1073A7FEE1C9EA66370F26E57CD0AD63736AA35D162BBAA24778D55FDA238800A5BEAE23F9ED06BA9519B7B826C6E1204DC8255B4034A0978BEDB2891036E85DBA39409FBE6C0F2C7100E8BDAE1F154E11018900C0087803AA82B2D103E2694A035880F3830D8F828262FF10739D40E0C712E007200564
311
4D0DD759DA05D23E661ECD648428F0E914B6B706F93E792543B2D96B6B6FBDCD14C1B79861CA3CB13729B3F6068E6C7D74CAF40F95A275CA2959D5AC492DF51198CE6C01D533ADC049AF56C542AD4AB3E15B98574478E8AEDB84A0109E1720016D0D4E902F3882153CF23A3C81151015B2BF57B8CBAF07070A83DA008C8373
311
858086A0030A17B057C8E1812A7EE018A1870952D72B356F2CFEE9D25B0EF891E9DEE68E930B2A0998DC8E4B4C82D1F0FC747CC41A9548C9C9DE0923CBF4A3F088D08C07FDA5217390A8E3DEC5E4D7BED3E450B784843907D8A5055C0083A21179131B94FDB7AB6AAFB511CEC8299A113ACB0EBEE46FBA4FE18AE80D1409BD
311
5A4262E10AF9401E2AF640090816843FCA00D8DDEC0D2087EC74FC4101A0610EB1856C9434C016923449B63BCBFBA0E198C3BC77CA640F50C03DAC61EA6C60CA23A314D20FA0678068EC5FED6016BDFB80F500F6A84683BB49CB69053FF18D8696455E34BDBA1FEC144C94136D81482A6A7C58C9E53760015E2809FBB36E3E
311
0758E838790684014C86C8471545022690F4252E904FE4886617F0ED71DB2712D5B001AE006F801E3650C9690ADA4CFF66930B4ECE8F98204D257CEA0D1FD0F9A1ABB3C1149EF323CB92AB10B098E313E6843A3AEE5859BFC3080AE3C7E6863123394B99F06B0ABAD08E260C210C48AFF0B7AAECA4028E808DA9B29C4B9853
311
AEB47DD106702DEDB6C56C604AC741D186848A0C60F94190E2694539005C4C4979533BB0450CA212F21C7D40E8AE029005A00464209341AEF00C1C40A509633DF4092EE65CF0780BB78F41ADDBAB2DAA8C50971B4D81B4A013D4196002FFD1811250C205BD272D6C580B5C814D3EA683418E0D5E071FF2CB8376DD86485063
311
34C0522CA2B02912D21E04483A6E100FEC3CF0A3F916E0F9484E68344180EE021CA17A40334408D404B28EB764C703EC0983702C71A84F43E91D00BA4E11C7104875D7767EF849910486CB4C29A6CAF3EC962CC66D72AAA933409F4196C674664330F82249616A53C026710A8572021EE125F2499894EC0DED919DEFB05EE8
311
97B6D9BCC2E8C23A3F04765CFB22C07C2E2AC497F7CD1184D470943BBA3542624507C800184CB5A36E953202FFAB4BF9A22FB10BA385D7E439A9658B94014E804079801368FF1430F50A287ACE9208D8347BF5F79754B925ADF6823E031527C884940D7CE1469D9FC00C019BE238CC1A35019D8C1A6CAB13D346635900A653
311
EC2582CC6ED3A07F80534FC1052A6B1AEA0E18819A3D0D663727A36830FBF881BC8A8032A07700D4107E2E08808F92C08CA80C608DA0801FE5E1B0BD4F04F2A20D6817B828BA008B001E98DD0C2F000ED5D4A888BD4E2DCC7D66B41AD6BBB922CBD812BCA484EC994777C1F0B818416AC8BA7673D87CB847BE18972F183E4E
311
AD304751E13347131176FF699D3414C45C40130A3AD0F24ECB04BB5CF0F3C2095CF17EB1106AFA5629B02307719B7037C305EA05810737AA06050369531C78067B1F955F895A403C685D9BD06EFA895A06D8413156CAAD7A8BCFA773030E58067176778D57C420BA2954264A992B46B2258B223DA66AA1796316A1B34E03A8
311
410F30670AA58121890A94A4D83D1A519CA130668C811FF0698CA4E2AAD61641708EF8D162F82D3E0114B4037E57C391215D641821A8E04D4D806320D8021F5CE02DF08BA081BFB0130F92DD7C92A80E4BF0EB72A97A4C52291068F1298C7D78BEC722418F09095C5F33BAF10736A25C74F3EE8872262C82F9C7601C1831DE
311
310193CD52DE24CDC205888225C334A63CD72D70418820830654E3B2075239347CC2BB9F8004DFB91C8C7064B3E7686A362AFAC5013DAE32B80019452F14F2A3240B2A4404FFB11F410496C516C08CDA4A9EEBEFF8787E5F443406DF4431A0C02613F5994E22734DAEAE88FA13E8F9FBCDD8CF9D810F83E63B3BE4D9984C61
311
89AE0B0A15904531E51F55A9ACF9741F0FF00625F35F4DEC46C6CFCFF329929E5B4491240FF89E280134B50849B559A19735DFEC28C43FF64041F02F08910B801DE52843808FB09FF0F33CC077EF9FECE5EF89187F13B28413D0E05A3E2246F496600567E1B344A1394EAC0F0D37C8102FE108B2BFE91CE20F5135D2B4538B
311
86A23149A18AC644B3205AA080120A5219F8D907071A29AFE517A1BAE1AB726EDBA4391FD9226EE73AADF40836AE94D800B1A4C407E4007A1173E8610E2D822621BA12E1C04B1001D8E0E22A00AB680025802F0A408658E6380708681C87E88411D68F4449B030DC35890437818110E3FF0C77BB2408C51F1004A2C8595419
311
6D2802F62C552006C821C51AA85EB4BBE85B640D5023EC9AA48026730419B4C24BF42024463E0BAA2492F2A06D0315956543488EF1210B610521365C928081DD04ED036A01C86322C041F84059E06AD1893C14E07D72A097170A2EECB8E1B7E92B65D3031A8FF10C3102145762266AC68C40844121FA028E229278867348F7
311
C09903AE6AA02B8914E853C779F071FAA48A1A814AD100468A6C0876813D381121D1575CE403694F2BBD81A672A9B24CE0CC88519104FAC842FC106B93F0D9E696D253420FB28058C8500276B2C0CEE355AD4136F210CC88065D7554671812458E89A49A8E21344248761EFFA6474CE7897FC794373AFB1DB20885DF9452FA
311
D7D44EA6CC203E14D813036D6D2D61591502CE21DC0FE83E1E6324A78B0983D71C165EE0588510F350C0E604DC810F94E072500016124C94091CF95533E65825294BC011984A1150C756961EB49D5012C741291E89E64514C8FD0D9C55D122E4F082E8A03DFEA63A217E339454B1011BBCE08413D6B077C33466DA20359C87
311
2C9C80CEB8C01D485E115230D5932EAC04D32304181AB85C88C1009888F47B405BD41252DDABF164B9CA89B8104FC28F0E4004D8081E13341419B082A133C366C23C970B3000F045378082202223E89106A374C2ABCF2DE78BE5A022B0CB1FFE1AFB7069A3011B40C6C974C04C41BD46E3A9CEC2359CC21C34669F3029139F
311
48E9379F0CEA1FD9DBC6122A01449D7990CF0209BE427F81062CFEE40449EC2EB007FBE17D9BA1F6B33179AB91245564803D8830844C8C79AE1259DB618E05080F2A6A092500BE1C60C4C52DD2A03A403FEAA2AA5BE47C7180275D7E57D3137240A7F0ACAE02C5302770757A3DF41F4E2E74FE8F481EA45A1250933BCDBC51
311
2ED16BA2628D71053A11F12EA8A4A23DE44910DE170641E86530490B12FE9FFB698978F083420AEF8048B2089D213335E481E8424658348BE2C430243B4D2239C80A0248C02628035A0251A262E43FA6010CB8F163801A048B0A24435C6B1FE4063C7939D2E6D1BB21CA21396105CCC3F484F1255CFF788F632A6BD20FB027
311
A0FDA30F2DE51359A1EBF540739EC3D6AC0E8446A1CF93E7904B603E1574210554DEDDA57DCA2A8240B340002367217CF61EF92F2F30034C81885208E05A861631BA6808C503EADB95084EDC17370950358B20A344146A94CF0B1A34C8851EB63CA64C4E501E4006234C060CEC1102EF603C1D30CFA2A8BD874F72372AC0AF
311
4A529F2270BC048DB74838508B13055E42E793BCC90361CFD23B52382B8CA732662616187373E38C5DC1824709A3830E83A8CA04AA307C905D81BD7005F0C3139A4605229D07879CC446610019B0D62CE36E36CE0643B930333E33CA8DC26A2040A71FC6980F3AE84F1375A2DB0CD8C02EBC88B7DDC24181302A4DA728E4F6
311
73A9CEB9D0CED951FF4F754C63D20A8204A152F3FF00C79ED8398E2F0A8F0000000049454E44AE426082504B0304140006080800523B235D28BB58AF800100009E0500003D00000034374545393533352D413334452D343142352D394345342D4239363735364637433534412F536368656D61732F436F6D6D6F6E53636865
311
6D612E786D6CBD544D4FC23018BEFB2B96DE15493C78601010A34B880709DEDFB52FD0D8B54BD70DF6EFED3AC0B12E6442E2716BFB3CEFF3D18E26FB440405EA8C2B1992E1C323095052C5B8DC842437EBFB673219DF8DA659866649B798C078B48AE6410122242F2A4994AC7F93815DF85C049C8564CA0A901499DD886B2E
311
B9B1E02448F358701A9235880C49A0119892A20C89D1B9FD768815CAD268CB5E0355B40B1E47F3E37A2020464BED06AA57CE8FCC20C3C3446D46761A2632A8C1283D07031EFF2AE7CCB1BFEEE916E406DFAC8E36FFD99A9D60A6944090EEDC3B670C7DC13DE86B6B2C5C240D6E503BB85ACD579D513F1B9F9A69DC9CC22AFA
311
80C426D40AF0B21EA168559156B6276F0F726A6BFF04DCD513A87A62CAD41FB24FCB2858B3952E3D852084DA25B9303C15687973CC8E8AAE11DF2836C38C6A9E765E8C1BA1BFB1DC29CDFE518C8B5A7655A4ED7E77291ABEB80DBD82EC866ADE1B8D05AF9E35CF09D7A061F38A986D9EC412B8F0F65E5D81534D9B231D1E5A
311
8FE577A241F3A5FD01504B0304140006080800523B235D1004A04F380500005C1700003E00000034374545393533352D413334452D343142352D394345342D4239363735364637433534412F536368656D61732F47656E65726963536368656D612E786D6CED585B6FDB36147EDFAF20F41EC7F69A2005E214768278069665
311
709ABE0A3445D9DCA80B44CA89F7EB7B0E2FBAC4B2A32643D10E33505411A9C373BEF39D1B2F3F3D27926C79A144964E82D16018109EB22C12E97A12943A3EB9083E5DFD7239558AEB07B6E109BDBA7C5CDC902D959360CE535E0866DF07A7579733AAB85D5AF234E2C51DD5B081CA7A87DEE56E47E2D6689E735AD0947194
311
500A22A249308DB6F82682A3782C52A141BD80E4E54A0A3609622A150F48C16994A57237097451C2DF462738529D3AC5FCFFB5B401988BC78824973CE1A9A628D91CB968BDBAC335B9A4BB379C6ABF5D2474CD7B9F773F7F78C349F055EF13FE2CF856F0A7379CE2BEBCCE6456F8E316A9E66B5E18E4AC77BF5812F5937FDE
311
F0F5BFE3E3C785576D96659253EB54863A87AB5D98ADFEE24C3B8E38FE48BAE2C062631799EDC8BDDD833C6E88585B9287340B23AEA990CA49B1A473421E81F856D06D9125E45E6F001C4F7F85D6DECA8C6A835753A250DA50DF92F743409CBC3BFA4C6EFCE2618D302A0CEDDB264D93950002937BC66489A18D0A345DD650
311
415124BE376A745EA9F0E016108E328D14C979C1302CD6BC0A4191B2C2C49112FFC0DB51401288D6A44C26C1B87A160AB6A11E5BD862514BE8B3DB750607BABFF6F781D6A74EED6EA7AC28FB3BA68C87AC94B2138A99DB41AE7147A71F56659287340123812054CAEC8965690A74E111C5BCA7260158B0963EC50C07E38FED
311
DFC5C5C70AB6A915F446D44E46C321E46087E23E221E2BC0DA6EB440EE6F44E80CE5AE2E2D2F31AD7AB71B8B139AF730773909401FE0D8DC3FCCFCC3D438DC1176062076C3CB4A9D953ACC72CA84867CDA0361E0910F4EF3B109A07D332211C72556825745A215835F47678059E337068E3ACB0E2EA2B507175B0818FD1082
311
EB4D26186F85BAD33464988F1420E1B9E43D522F8452A450106B04F01362BFF1B2BF5059B60F687C9F663A54396722163C7231012E7480FE916910E6572B6D8F4A54CBF92C5CD324A163C8508058D3F16A399B13B348C6830FB5FD47257A1B8D2CF08253EE776B3A72D782D895363D96020B6C18D3C86359B3C6D45E728B4B
311
9D716893D091E4D533045F495D2EFEF633FF5A660A520A5790765FE52E12F0AC82685E7FFA0398D65528850A132894DDE9F837B1DE48F8A74D487795A482C7122A6DAE377BDC5DC212A465ECD8B03E7E2E208EC88DD9DA89456CFBC477FB798C74389668AB1A75C820AB7568FCBE0B5F94DC9AFF0D038D9F77E49D45B8278F
311
C7177D0DDCE732FA0BCDDB42720FA90E87115FF76375C5696F368AF83103F6A5911FFF03561EE06AD10ABE933AA9DEC398588888137017449E09C377051FCAEED1E8BC3BFA9CB27DA2CFDBF533459F374FC0C4FDECCBF3E06CDC6874E0710421EEAA6CEDBFEE60EB913607436C3F5BBF713F6F42253B9A4A0FD64C08416FA9
311
86EB02254B1846D82E7CE2584EBE31E340E9A8247483F07D5B84AE3A5AE0D4C5B202EE585468BA84105B1F5EC00C16FADB133FB7399F390FCF245CBF9027A137FD26D1D651058D44D9B331A93985CAC2046CB4ED9E0314977128A42C13DB06879A273052525D16BE833B8706BD1269FA69F2B9B109BB55D30D37679986D858
311
48B86F026CF21E74809100180B0D280C36F6015A7DFBD06AEB6F8D503BDCD7DD6DABBBEF54E1FF5EDF0E3AD53C03509B5B816FE9F51BC8026F44DAB82BA989F200C4220B24166C3037854094FD46C5648D9C42F8B07E53687D824917FED3CE56F3FBA68BE3C6853FCD64F4A00BB85831B1243346654A134805AF5CF39A9DFE
311
22C9906A6EAFE8303A5F4AC4FBE637489CB62EA59B9D529255F326CCC28ECB77F812A7D6E63DF957504B0304140006080800523B235D8A56E75334020000A30600004200000034374545393533352D413334452D343142352D394345342D4239363735364637433534412F536368656D61732F507269736D436F6D6D6F6E53
311
6368656D612E786D6CB5555D6FDA30147DDFAFB0FC3E5A5035ED8150015D11DA8AA6F4437B8B2ECE4DB0E6D8C8765AF8F773EC7C4009AC7B184FC6F63DE7DC734F92F1EDAE10E415B5E14A467438B8A6042553299779444B9B7DFE4A6F279FC65363D03EB20D1630193F2FEFC82B8888FED4DC147355144A86337A3519CFC0
311
60387E7FB2941673D484A7110DF75F023125DB722D388B6806C220251A215552EC236A75E9FE7BB62F15FA210677789A2B9D142A4551DF720D0858A353F700D53108F2B4DF62553B5742057653EA0C182620D6982A4A4008F5C69494C82CA650356B226A9C0922B0C7CE1B4FB06816B36631F58B9AD35378AE8DE20C7DABC7
311
6409AB5498ADA3AF15771B895436315B643CE398B68D04DDA1C475E1915F409401FE7CB977ADF363A52CE9C02B3FCE239978314B72280A18DDD4325DFF7593269E2D883F24A3C14DD76DAF26C12582AE31462DC68FB0ED545C051993F1A3D5CEF03ECB4A2D6B80B6FE395E55C4F742813D2E91DC28ABD576FF81B146B4B367
311
DA153AE03E31ED85E4BCA01833D4EE093A1E3D2BAD2A2D25D625D1651A77B6D46EFC7F8D5D44DB869705E43EC53DCA02FC0555C1E2239F649A25959CDAD826A4D5769EEF5ADAD5DD3D3D4DCAE1ED35B2DF05C866429DA1B36FF3EF0FD3959FD3FBA81D02783A9FD52E628BC5AF6ABC6D36FA6D954A17E01EFCFF646B80BF60
311
EB69FAB4B260DDABF443B3EDAC8A9BB2FEE435A8FF28A5CC37128DF99896C1E8FAF8371C76E3885583754E607D7E41E1616EDFC0B2CDC95BDF67C08FFDF073F307504B0304140006080800523B235D705234CAB1010000180400004100000034374545393533352D413334452D343142352D394345342D4239363735364637
311
433534412F536368656D61732F507269736D4D6574616C536368656D612E786D6C9D534D6BE33010BDEFAF10BA6FBC1B0ADD839D92642104B6657149AF662A8F53813E8C24B7DB7FBF23C98E9B423FE84DD6F8BD7933EFA9BCFAA7157B44E7A53515FFB9F8C1191A615B698E151F42F7FD17BF5A7D2BD7DE63B8150FA86155
311
1EF6BFD923A88AFF75D2EB6B0CA0728917AB72031E5F54B7566B6BE67278EEC7B286804E8282BE4770600446B8D4BD428D264020454CB615DF9F5DEDD0104C70D60FF74A8A8A77A03C72E6105A6BD473C5831BE83B09BC86E08B596531821734746CB637018FE852972CF12E6FE273EC97916390094E3BC14E1A19557F0EFD
311
5ADB2CF3B09F04DE064746A406CA0A5006348DF6C1E4E9CFF335448BA2D8D77CD18D2FF0ADCF2CDB5A65F30E75ECD374942150CA3E096B0C8A802DC4F4F88A7B1A46656F6A0A5B3269371D36D3619D0E0AEE91225663A788638AC7F6C14A81692153B346C4FEBE070A50767DBE688C0D8DEF51C84E62CBD9489A1567C8AACC
311
9C77A0864CFC363C658AA61B696E6C603339ADF71D265FEF36CD11B486E5C52893E61F897CBDD9B15464CBC54534EA1D26250DBD97916379E2F893AF095B64F099DBA7650D8EE299E638210FF54D6C59BC7CE3FF01504B0304140006080800523B235DF702076DC3010000E60400004500000034374545393533352D413334
311
452D343142352D394345342D4239363735364637433534412F536368656D61732F52656E6465724D6174657269616C536368656D612E786D6CA554CB4EC33010BCF31596EFF405481C9AA2A64851255E4A816BB438DBD4926347B15BE0EFF1236982021512B925E39D9D9D59677EF3510A72C05A7325233A1D4D2841C954CE
311
6511D1BDD99E5FD39BC5D97CA9359A0DDB61098BF9CBFA961C4044344599637D0F066B0E22C074BC98C7A0319C58A9B254B2435ED23BC2F388AECB4A6089D280B18D139496815152EDDF046711DD82D048498D902B293E236AEABD7DF74D5D839F69EE1D9F48E1F3BF448FC9E6BF144F351E38BEFF9D662D0D16587B77825F
311
AF2195BF515C395B563BC5197A0AE68DCF363BA831CF7C7C8D7F0DA23D42898037B451BA833673DA92BC82D87F636ACFFB0CEC96F4EA30EF9A0FEAB85D91CAED89348D80E9B178DDC3ACFC71D06F2528A182138DD8672E4DC6DC57CF91467432BA985E4DBE3DB399079353607C0A5CDA0B70D4E65A122FA41BAEEF6C272908
311
D315B076451BD55EB0FF9E092E11ACF8C6B5306028F9D5F15EB95426D31532BEE5D6EC700FBA0C1E94211D7ADC8341143D429D2671564059C2EC72108B4EE3847890CC4697DDF8A708DB01FD7AD8209A41EFC2DCFD7063A504821C7869545188D6C16DF801342CCE6B276363DC8EFA4AFD0E86ED0677C3B77747C7FD3FD617
311
504B0304140006080800523B235D4F73B4FB76000000BA0000004700000034374545393533352D413334452D343142352D394345342D4239363735364637433534412F4173736574446174612F41737365745461626C654F66436F6E74656E74732E62696E536160603075737175313670D375727433D535313774D4757472
311
74D275357532703136723237B3701402AACB4D2C492DCA4CCC492C28484D2C4ACC4B4E050A82012F90744FCD03CA26072767A4E626EA02058831363E20BFB8C4C8C0D014BBF94C40635880580088038A328B737D534B127320560000504B0304140006080800523B235DC55C66365600000068000000410000003437454539
311
3533352D413334452D343142352D394345342D4239363735364637433534412F4173736574446174612F53747265616D56657273696F6E5461626C655D8CBD0A80300C06F73E4B29FE6CDD8A2E82A083B8B7F209014925C9FBA3AEAEC7DD2555D896CB85E51C2A1BD834F6A1F56EC4494C4695278364ABB24ABD2146F88CCE
311
BB89D5321FF8F3F43D672A3B44DF3CB6A1710F504B0304140006080800523B235D8F03D133350100009E0400003600000034374545393533352D413334452D343142352D394345342D4239363735364637433534412F4173736574446174612F636E782E786D6CCD94314FC3301085FF4A648931B19B4A052AC71582A51348
311
540C6C57E7D25A75ECC8BE20F8F7D86D0650115387AEA7EFEE9E9FFC4EAE3E7B5B7C6088C6BB86CD2AC10A74DAB7C6ED1A365257DEB162A564F09E7E60AC70D063C3729929B90B7E1CA6528B1D8C3657AD7187A9F81023D206B6169FBB47EF081D4556680B31362CEA3DF650C148BEC578A85A20A86655C0E8C7A0314D22D3
311
E334490704C296A95AD48B52DC9762BE11B7CB7AB19C2FDE25CFA4925BEFEDC49BB42CF8E1A616FAB49729217906941C8399A8FC1AA6FE52596D8D933C914A460AC995A983BE86D401C3608D064AE671AF09A94C10422FF909569267177E79F1849D7126B7AC9334201F5E92400C64F00A3DF94FEDE5BD59BB48E0345EB323
311
E71A2FEFC3EBF117BD9D6279CCCDF5A5E55CE30572C28FA724C5265F16F50D504B0304140006080800523B235D1F64EE56E7000000600100006700000034374545393533352D413334452D343142352D394345342D4239363735364637433534412F5265736F75726365732F35464445443330462D424146352D343731412D
311
414241422D4535423044333242373638412F7468756D626E61696C2F302F636E782E786D6C4D90C16E03210C447F6585D4E32E6423A56DE4253F91532F15659D2D0A8B1198AAFDFB42CB21A7B1C64F9667E0F2BDFBE10B537614167198941830585A5DD81651F836BE88E1A22111F103268660765C44B385862D5189DD5AF1
311
668A6FAE77E1DECD0D032667DF63D8C460BDC97911D97EE26E26539856CCF769356CA6C39430534916EB01763BF60336A1615C859ED57C1AD5EBA88E57F57C9E4FE7E3E90D6423357C10F9CEBBC098283ECDCA521D43FD47816C8086925CA75A08A11F9E0359971A32A79ABF43FC132B6462F4CE1AAE3549B28C3C5608CD0E
311
F21FD6205BDE2A7F65546DDDE85F504B0304140006080800523B235DA233C2345D000000800000006500000034374545393533352D413334452D343142352D394345342D4239363735364637433534412F5265736F75726365732F35464445443330462D424146352D343731412D414241422D453542304433324237363841
311
2F7468756D626E61696C2F636E782E786D6C4D8B490E80201004BF42E6EE76F3C0F216234B883063108CCF170C074F95AE5473F5C4C06E932E4F28601967600677D21E9D8092EDB002539227A2FCCB80E1168D80A6417297A89C5D6963B7129A0D1E8F2EE73AA7B62BBEB8B27DE50B504B0304140006080800523B235DBE89
311
762363000000880000005B00000034374545393533352D413334452D343142352D394345342D4239363735364637433534412F5265736F75726365732F35464445443330462D424146352D343731412D414241422D4535423044333242373638412F636E782E786D6C4DCC3B0E80201004D0AB90EDFD75167CCE820A4A845D
311
83603CBE602CAC26799919AEEEE0D965E2E908050C6D0FCCE04C8BC355404EB6198129C92351FAD580A10E464065907C8D948F8F166375F655BDC3FDC3B4E530A176BE7057BDC43B2A593FE403504B0304140006080800523B235DA5F4F8FEEC000000680100007000000034374545393533352D413334452D343142352D39
311
4345342D4239363735364637433534412F5265736F75726365732F35464445443330462D424146352D343731412D414241422D4535423044333242373638415F506F7374323031352F7468756D626E61696C2F302F636E782E786D6C5DD0C14EC4201006E05769483CB6B0DD587543D957F0E0C9CB06E96C250B0C81C1E8DB
311
0BCAC1781AF2E7CB64F8E5F9D3BBE10352B618567698041B2018DC6CD85756E83A3EB2E1AC6442A43F8C0D417B58598B99927BC2127BB4C15517D75267C3AD8774794E36FB71BE5F2E31EC6C304EE7BCB26CDEC1EB4917C20DF26DDA34E9E93025C8589281BA84AC87BEC424D0041B53B39897513C8DE2F8221E4EF3723A2E
311
AF9237A9E41BA2EBDE068284F16E1606EB33D49B84E40D285992EDAA7D84A97F074A5E81929952EDA143FA8A15EA189D359A6A5D1C0D018D1581F692FF622579FB771D3FA5D4D93A52DF504B0304140006080800523B235DA233C2345D000000800000006E00000034374545393533352D413334452D343142352D39434534
311
2D4239363735364637433534412F5265736F75726365732F35464445443330462D424146352D343731412D414241422D4535423044333242373638415F506F7374323031352F7468756D626E61696C2F636E782E786D6C4D8B490E80201004BF42E6EE76F3C0F216234B883063108CCF170C074F95AE5473F5C4C06E932E4F
311
28601967600677D21E9D8092EDB002539227A2FCCB80E1168D80A6417297A89C5D6963B7129A0D1E8F2EE73AA7B62BBEB8B27DE50B504B0304140006080800523B235DBE89762363000000880000006400000034374545393533352D413334452D343142352D394345342D4239363735364637433534412F5265736F757263
311
65732F35464445443330462D424146352D343731412D414241422D4535423044333242373638415F506F7374323031352F636E782E786D6C4DCC3B0E80201004D0AB90EDFD75167CCE820A4A845D83603CBE602CAC26799919AEEEE0D965E2E908050C6D0FCCE04C8BC355404EB6198129C92351FAD580A10E464065907C8D
311
948F8F166375F655BDC3FDC3B4E530A176BE7057BDC43B2A593FE403504B0304140006080800523B235D536CD8BF8D000000E50000003600000034374545393533352D413334452D343142352D394345342D4239363735364637433534412F5265736F75726365732F636E782E786D6C958E410E83201405AF42FE9E8A5AAA
311
0BD14090756FD0988A8688D028363D7EA53169B7DD4EDE4C5ED5BC668B9E7A598D770CD21301A4DDDDF7C68D0CB630E0125053578BF7E16706C875B3661031D4D5B8F8ED71A05E0FDD6623B5C64D07A44AB632270A0BAE283E1729C75C70815B2A88CC33515C4ABE1B4954FE166F57BF868CA4F45B483E8FF6603C58BF0150
311
4B0304140006080800523B235DCB2DEF93260100004D0500003400000034374545393533352D413334452D343142352D394345342D4239363735364637433534412F536368656D61732F636E782E786D6CCD94B14EC33014457F25B2C498C44DA50295E30E0C4C951030B119E7B5B56AFB45CF0E82BFC70E1952C146876CF6
311
D39175CFB56CB1FB74B6F8000A067DCB56156705788D9DF1C7960DF150DEB162270521C619C60AAF1CB42C8F991447C2A19F461D1CD460F3D41A7F9E860FE81CFA177D02A758A1AD0AA16561DC566A88D84138579D8AAA5A55040107D2904E88C6C174822650113A261BDE6C4A7E5FF2F52BBFDD369BED7AF326EA4C4AF18E
311
6827DEF80884FD4DC335A6A54F81B8A83320C54066A2B20593F37455EA43D4899022444A2D4C64FCEA13A9FADE1AAD622AAB1EC11F468A3ACB5E283F8207327AA9CE17F1AE26FD4426B8799DCBBBEC5F11AF2BBF87A8EC522F7D749F25BC9AFA33F80E689F5E2899E5EAFF95F27F15D4E3CF979E7FFE08E537504B03041400
311
06080800523B235DE3603EBE7A000000C20000002C00000034374545393533352D413334452D343142352D394345342D4239363735364637433534412F636E782E786D6C6DCD410EC2201085E1AB90D9DBEACE05D09878023D01A1D34A8419C380F1F82DA68B9AB8FDFEC93C3D7C52546FCC12980C9CBA232824CF63A0D940
311
2DD3E10C6AB03A3397DD192872090D3406ABE7CCF5B5D18893ABB1690CF4DCF02282E5EA8A5BB96FFE536F285CB347F95BEFFE81C9ED5AFF9D5B1FB575BB00504B0304140006080800523B235D309F4D7F7E000000A300000007000000636E782E786D6C4D8CD10A832018465F45FE7BB7459A13D4A870EF11CB42663A5C8E
311
1E3F1D5DECEA83C3778E68F7D5A1AF891F1BBC84EA720364FC334CD62F12D236E33BA0568918C2F67703E4C7D548281894586248EF134D661E932BD459FF3A21615A735A53DCD5446352F514F34113DCF386D1E6C1064ABA6C5C8B92E7D7CB5BF2EA00504B0304140006080800523B235D1E7A0675A4000000320100001300
311
00005B436F6E74656E745F54797065735D2E786D6C95904B0EC2300C44AF1279DFBAB0400835ED02B8011708C16D239A8F121795DB93D22D20B1B467DE8CE5BA9DED281E1493F14EC2A6AC4090D3FE665C2F61E2AED883689BFAF20C9444F6BA2461600E07C4A407B22A953E90CB4AE7A3559CC7D86350FAAE7AC26D55ED50
311
7BC7E4B8E025039AFA449D9A4616E739AFD7DE8C8338AEBEA54A820A61345A713E0B17153F7257E37E705E3371913892B25F02FEA0F1FD83E605504B0304140006080800523B235D3DEE336E64000000790000001B0000006175746F6465736B2D64657369676E2D7061636B6167652E786D6C35CBC10E83200C00D05F21DC
311
A56CA76D41FC96062B120735B69A7DBE268BB7777961F8D5AF396893C2ADB70FE7ADA196782C2DF776D7A97B5933C430F15651E5469C55D70F80A4992A3ADC954792C525AE70A1E4D6AD9816CC044FEFDF01FE3FDE907802504B0304140006080800523B235DA1EC0679F9000000960100003700000034374545393533352D
311
413334452D343142352D394345342D4239363735364637433534412F4173736574446174612F636F72652E786D6C8550CB6E833010FC15B4778363288FC83802917E414FBD59C6A156828DFCA8FAF9B50395DA534FBB9A9D99DD1D7AF95A1FD9A7B44E19DDC329C790492DCCACF4D243F037D4427661D41AE37FD120D37C95
311
3D2418185DAC09DB0109A3BDD409D5669607C89D931E32F1884D0F4E7CC895E73CF8C870F77CE3E2CE17999FF29DC768086A3EA46A8E6EEAA6A405F65A7535B90E57D4E0A141558B07D48E5387AA71AA5F465C3643476891C48C7AB5FE6C1756722F676004931AE10EE1F20D3767529FCBFA9D1689C9A8F336FE7C2C4DDF01
311
1BD2D513F79C16FBF48F6BD8E6FF5D83D2BE2487EBAE70C04EF1C8E780D122A514CB33C25853A2EC1B504B0304140006080800523B235DBC013EB4F40000008E0100006800000034374545393533352D413334452D343142352D394345342D4239363735364637433534412F5265736F75726365732F35464445443330462D
311
424146352D343731412D414241422D4535423044333242373638412F7468756D626E61696C2F302F636F72652E786D6C8550CB6E833010FC15B47783319447641C81927E414FBD59C6A156828DFCA8FAF9B50395DA534FBB9A9D99DD1D7AFE5A1FD9A7B44E193D409963C8A41666567A1920F81BEA203B336A8DF1BF689069
311
BECA01120C8C2ED684ED8084D15EEA846A33CB03E4CE490F9978C46600273EE4CA731E7C64B87BBE7171E78BCCCB7CE7311A829A0FA99AA39BBA296981BDD67D43AEE315B5786C51DDE11175D3A547F574695E265CB5634F6891C48C7AB5FE6C1756722F6760049306E11EE1EA0DB727D29CAAE69D1689C9A8F336FE7C2C4D
311
DF01C3B4D8D13F6E619BFF770B4AFB8A1C6EBBC2012BE371CF01A3454A27966774B1A624D937504B0304140006080800523B235DC122377BFB000000960100006600000034374545393533352D413334452D343142352D394345342D4239363735364637433534412F5265736F75726365732F35464445443330462D424146
311
352D343731412D414241422D4535423044333242373638412F7468756D626E61696C2F636F72652E786D6C8550CB6EC32010FC156BEFD8F8513F224C642BE917F4D41B05E2A0D86019A8FAF985D895DA534FBB9A9D99DD1D72FE5AE6E4536E5619DD439E6248A4E646283DF5E0DD0DB5909C29D98C71BF689068B6C81E220C
311
944C9BF1EB0171A39DD411D546C80364D64A07099F43D383E577B9B094791718F691AE8C3FD824D33CDD799478AFC4215522B8A99B921BD0D7AAAB8BEB70450D1E1A54B57840ED78E950355EEA971197CDD015248B624A9C5A7EB6F34D322705D0021735C21DC2E51B6E4E457D2AEB7792452625D66DE1E76369FC0EA8BBFB
311
E5433335936C9FFE71F5ABF8DFD52BEDCAE270DD1516681E8E7C0E28C9624AA13C230C35264ABF01504B0304140006080800523B235DF4BD4A800C010000B10100005C00000034374545393533352D413334452D343142352D394345342D4239363735364637433534412F5265736F75726365732F35464445443330462D42
311
4146352D343731412D414241422D4535423044333242373638412F636F72652E786D6C8590CD6E842014855FC5B04711FF27C804A23E4157DD11652C99118C40D3C72FCCD8A45D7575C9E11C3EEE21D7AFED917CCAC32AA37B90A7082452CF66517AED817737D882E44AC9618CFB650389169BEC41940125EB61FC7E4AB3D1
311
4EEAA86AB3C85314D64A0792F9110E3DB0F387DC442ABC0B0E7B4F7731DFC52AD33C7DF928F15E2D67542DE1357553F200742ABB1A8F6C840D620D2C5BC460CB870E967CA82B8E8A86759864314C8953DB0F7D3EA470720114235C43D44154BCA1E682EB4B51BF932C3A29B1EE083B9FD0B81DA0D5348C438126C8D954C1B2
311
C919649C713806D65060DED42D23D92BF807E8F7E57FA057DA15F804BE1216D03CFCFF794149160B0CE3D96E98B16CFA0D504B0304140006080800523B235DBC013EB4F40000008E0100007100000034374545393533352D413334452D343142352D394345342D4239363735364637433534412F5265736F75726365732F35
311
464445443330462D424146352D343731412D414241422D4535423044333242373638415F506F7374323031352F7468756D626E61696C2F302F636F72652E786D6C8550CB6E833010FC15B47783319447641C81927E414FBD59C6A156828DFCA8FAF9B50395DA534FBB9A9D99DD1D7AFE5A1FD9A7B44E193D409963C8A41666
311
567A1920F81BEA203B336A8DF1BF689069BECA01120C8C2ED684ED8084D15EEA846A33CB03E4CE490F9978C46600273EE4CA731E7C64B87BBE7171E78BCCCB7CE7311A829A0FA99AA39BBA296981BDD67D43AEE315B5786C51DDE11175D3A547F574695E265CB5634F6891C48C7AB5FE6C1756722F6760049306E11EE1EA0D
311
B727D29CAAE69D1689C9A8F336FE7C2C4DDF01C3B4D8D13F6E619BFF770B4AFB8A1C6EBBC2012BE371CF01A3454A27966774B1A624D937504B0304140006080800523B235DC122377BFB000000960100006F00000034374545393533352D413334452D343142352D394345342D4239363735364637433534412F5265736F75
311
726365732F35464445443330462D424146352D343731412D414241422D4535423044333242373638415F506F7374323031352F7468756D626E61696C2F636F72652E786D6C8550CB6EC32010FC156BEFD8F8513F224C642BE917F4D41B05E2A0D86019A8FAF985D895DA534FBB9A9D99DD1D72FE5AE6E4536E5619DD439E62
311
48A4E646283DF5E0DD0DB5909C29D98C71BF689068B6C81E220C944C9BF1EB0171A39DD411D546C80364D64A07099F43D383E577B9B094791718F691AE8C3FD824D33CDD799478AFC4215522B8A99B921BD0D7AAAB8BEB70450D1E1A54B57840ED78E950355EEA971197CDD015248B624A9C5A7EB6F34D322705D0021735C2
311
1DC2E51B6E4E457D2AEB7792452625D66DE1E76369FC0EA8BBFBE5433335936C9FFE71F5ABF8DFD52BEDCAE270DD1516681E8E7C0E28C9624AA13C230C35264ABF01504B0304140006080800523B235D22BF1FE015010000BA0100006500000034374545393533352D413334452D343142352D394345342D42393637353646
311
37433534412F5265736F75726365732F35464445443330462D424146352D343731412D414241422D4535423044333242373638415F506F7374323031352F636F72652E786D6C8590CD6EC32010845FC5E28E8DF17F848940B6CF3DF4D44B856CE2A2C41019A8FAF885C495DA534F8B86D9FD3443CE5FDB2DF994BB5546F720
311
4F1148A49ECDA2F4DA03EF2EB005C99992DD18F7CB06122D36D98328034AD6DDF8FB21CD463BA9A3AACD220F51582B1D48E65B78F4C0CE1F7213A9F02E38EC35BD8BF92A5699E6E9D34789F76A3956D512AEA98B923BA053D9D57864236C106B60D922065B3E74B0E4435D715434ACC3248BCB9438B5FDD0E75D0A27174031
311
C235441D44C52B6A4EB83E15F51BC9A29312EBF690F980C6748056D3300E059A20675305CB26679071C6E1185843817953B7ECFDC55887515E91EC79E10FD9DF97FFC95E6957E083FCDCB080E621C8E383922C3619C6A3E63063EBF41B504B0304140006080800523B235D35B06124FB000000960100003700000034374545
311
393533352D413334452D343142352D394345342D4239363735364637433534412F5265736F75726365732F636F72652E786D6C8550CB6EC23010FC9568EF4E8C4313821CA320E807543DF566394BB02036F2A3EAE7D726A9D49E7ADAD5ECCCECEEF0C3D77C2F3ED1796D4D0F9B92428146D9519BA987182E6407C54170676D
311
F84583C2C8197BC830083E391B1F2BA4AC0968326AEC882B28BDC70085BAA7A607AFAE38CB52C69018FE563EA4BAC909CB4DB9F0048F518FAB548FC94D5F343A10AFDBAE61E7E14C5A3AB464BBA303D91D4F1DD91E4FCDCB91D6EDD0315E65B1E041CF3FDB9543197004C1286B08ED08ADDF69BB67CDBE6E3E78959982FBE0
311
D2CFEBD2FC1D8837F4363A859E57CBF48F6B7C8CFFBB466D42CD56D745E1416CD291CF81E0554E29956784A9E644C537504B0304140006080800523B235DD99D7C56F8000000940100003500000034374545393533352D413334452D343142352D394345342D4239363735364637433534412F536368656D61732F636F7265
311
2E786D6C8550CB6EC32010FC156BEFD8F8513F224C642BE90FB4A7DE1010072506CB40D5CF2FD8AED49E7ADAD5ECCCECEE90F3D7FC4C3EE56A95D13DE42986446A6E84D2530FDEDD500BC99992D518F78B068966B3EC21C240C9B41ABF1C1037DA491D516D843C4066AD7490F067687AB0FC2E679632EF02C33ED285F1079B
311
649AA73B8F12EF9538A44A043775537205FA5A7575711DAEA8C14383AA160FA81D2F1DAAC64BFD32E2B219BA8264514C8953F3CF76BE4AE6A4005AE0A246B843B87CC7CDA9A84F65FD41B2C8A4C4BA35FC7C2C8DDF017DDBEEB424DB677F3CFD22FEF7F44ABBB2383C7785059A8713B7012559CC28942DC050639EF41B504B
311
0304140006080800523B235D9AFA379402010000D80100002D00000034374545393533352D413334452D343142352D394345342D4239363735364637433534412F636F72652E786D6C9591CB6EC32010457FC59A3D7E3FEA08132591FB055D754761E2A2C46019A8FAF985DA55DB5DBB025DCE9DE1CED0E3FB7C4FDE70B5CA
311
E8018A348704B53052E96900EFAEE4019223A3AB31EE070689E6330E106560745A8D5F764918ED5047551B89BBC8AD450789B887CB0056BCE2CC53EE5D20EC2D5DB8B8F109D322DD38469D9ABFAC6245EE50022BF3B225794FF2EA29EF0E657BA8DA679A459251AFB4ABCABD19CE2F2813B3B810095853D16C7B0E98577287
311
940C9F5457852BB0BA1BC7BEA91A72AAEA91D4C5B921FD65ACC9B96FBBA67DEC2E4D7D0A45829951EBD6309ABD481CC25FED9BF15734BFC87F46DB1C1658F11D2A8B736634FB5C4238E34ED807504B0304140006080800523B235DCFA9B55808010000B201000008000000636F72652E786D6C8D50CB6EC32010FC15B4776C
311
825D3F224C642BE917F4D41B35C441B1C132386AFFBE10BB527BEB69D1CCECCE30ECF4398DE8A116A7AD69E0901040CAF4566A3334B0FA2BAE009D385BACF5BF64808C9854031106CE86C5AEF30EF5D67865226AAC543B289C531E503F864703AEBFA9492462F541E1EEC92CFABB18547248361D675E4F3FABFDA284571238
311
25B4C0A4C6247B23E59116C7AC7867695472B6AE5AEE565A06777DD56A01FE9AD705BDB4175C92B6C479455A5C75E71AE7DDB978E94856B63565695CE6CCF925FC793F12727AE4C423FAB274A338FBB076DC05219444D68C5FC0094B23F127F43ACB7F84D6C667743FB86D38E08710E84904E3D86018CF7AC38C6DF36F504B
311
01021400140006080800523B235D6B4450BC6C010000B80200004F000000000000000000000000000000000034374545393533352D413334452D343142352D394345342D4239363735364637433534412F4173736574446174612F446566696E6974696F6E4974657261746F7250726F706572746965732E62696E504B0102
311
1400140006080800523B235D1AE2BF05B4010000C80300004500000000000000000000000000D901000034374545393533352D413334452D343142352D394345342D4239363735364637433534412F4173736574446174612F496E7374616E636550726F706572746965732E62696E504B01021400140006080800523B235D
311
B5A795FFE3790000DE7900006B00000000000000000000000000F003000034374545393533352D413334452D343142352D394345342D4239363735364637433534412F5265736F75726365732F35464445443330462D424146352D343731412D414241422D4535423044333242373638412F7468756D626E61696C2F302F67
311
656E657269635F706E67504B01021400140006080800523B235DF3CB91853C7D0000377D000078000000000000000000000000005C7E000034374545393533352D413334452D343142352D394345342D4239363735364637433534412F5265736F75726365732F35464445443330462D424146352D343731412D414241422D
311
4535423044333242373638415F506F7374323031352F7468756D626E61696C2F302F745F507269736D2D3235365F706E67504B01021400140006080800523B235D28BB58AF800100009E0500003D000000000000000000000000002EFC000034374545393533352D413334452D343142352D394345342D4239363735364637
311
433534412F536368656D61732F436F6D6D6F6E536368656D612E786D6C504B01021400140006080800523B235D1004A04F380500005C1700003E0000000000000000000000000009FE000034374545393533352D413334452D343142352D394345342D4239363735364637433534412F536368656D61732F47656E65726963
311
536368656D612E786D6C504B01021400140006080800523B235D8A56E75334020000A306000042000000000000000000000000009D03010034374545393533352D413334452D343142352D394345342D4239363735364637433534412F536368656D61732F507269736D436F6D6D6F6E536368656D612E786D6C504B010214
311
00140006080800523B235D705234CAB10100001804000041000000000000000000000000003106010034374545393533352D413334452D343142352D394345342D4239363735364637433534412F536368656D61732F507269736D4D6574616C536368656D612E786D6C504B01021400140006080800523B235DF702076DC3
311
010000E604000045000000000000000000000000004108010034374545393533352D413334452D343142352D394345342D4239363735364637433534412F536368656D61732F52656E6465724D6174657269616C536368656D612E786D6C504B01021400140006080800523B235D4F73B4FB76000000BA0000004700000000
311
000000000000000000670A010034374545393533352D413334452D343142352D394345342D4239363735364637433534412F4173736574446174612F41737365745461626C654F66436F6E74656E74732E62696E504B01021400140006080800523B235DC55C66365600000068000000410000000000000000000000000042
311
0B010034374545393533352D413334452D343142352D394345342D4239363735364637433534412F4173736574446174612F53747265616D56657273696F6E5461626C65504B01021400140006080800523B235D8F03D133350100009E0400003600000000000000000000000000F70B010034374545393533352D41333445
311
2D343142352D394345342D4239363735364637433534412F4173736574446174612F636E782E786D6C504B01021400140006080800523B235D1F64EE56E7000000600100006700000000000000000000000000800D010034374545393533352D413334452D343142352D394345342D4239363735364637433534412F526573
311
6F75726365732F35464445443330462D424146352D343731412D414241422D4535423044333242373638412F7468756D626E61696C2F302F636E782E786D6C504B01021400140006080800523B235DA233C2345D000000800000006500000000000000000000000000EC0E010034374545393533352D413334452D34314235
311
2D394345342D4239363735364637433534412F5265736F75726365732F35464445443330462D424146352D343731412D414241422D4535423044333242373638412F7468756D626E61696C2F636E782E786D6C504B01021400140006080800523B235DBE89762363000000880000005B00000000000000000000000000CC0F
311
010034374545393533352D413334452D343142352D394345342D4239363735364637433534412F5265736F75726365732F35464445443330462D424146352D343731412D414241422D4535423044333242373638412F636E782E786D6C504B01021400140006080800523B235DA5F4F8FEEC00000068010000700000000000
311
0000000000000000A810010034374545393533352D413334452D343142352D394345342D4239363735364637433534412F5265736F75726365732F35464445443330462D424146352D343731412D414241422D4535423044333242373638415F506F7374323031352F7468756D626E61696C2F302F636E782E786D6C504B01
311
021400140006080800523B235DA233C2345D000000800000006E000000000000000000000000002212010034374545393533352D413334452D343142352D394345342D4239363735364637433534412F5265736F75726365732F35464445443330462D424146352D343731412D414241422D4535423044333242373638415F
311
506F7374323031352F7468756D626E61696C2F636E782E786D6C504B01021400140006080800523B235DBE897623630000008800000064000000000000000000000000000B13010034374545393533352D413334452D343142352D394345342D4239363735364637433534412F5265736F75726365732F3546444544333046
311
2D424146352D343731412D414241422D4535423044333242373638415F506F7374323031352F636E782E786D6C504B01021400140006080800523B235D536CD8BF8D000000E50000003600000000000000000000000000F013010034374545393533352D413334452D343142352D394345342D423936373536463743353441
311
2F5265736F75726365732F636E782E786D6C504B01021400140006080800523B235DCB2DEF93260100004D0500003400000000000000000000000000D114010034374545393533352D413334452D343142352D394345342D4239363735364637433534412F536368656D61732F636E782E786D6C504B010214001400060808
311
00523B235DE3603EBE7A000000C20000002C000000000000000000000000004916010034374545393533352D413334452D343142352D394345342D4239363735364637433534412F636E782E786D6C504B01021400140006080800523B235D309F4D7F7E000000A300000007000000000000000000000000000D170100636E
311
782E786D6C504B01021400140006080800523B235D1E7A0675A4000000320100001300000000000000000000000000B01701005B436F6E74656E745F54797065735D2E786D6C504B01021400140006080800523B235D3DEE336E64000000790000001B00000000000000000000000000851801006175746F6465736B2D6465
311
7369676E2D7061636B6167652E786D6C504B01021400140006080800523B235DA1EC0679F90000009601000037000000000000000000000000002219010034374545393533352D413334452D343142352D394345342D4239363735364637433534412F4173736574446174612F636F72652E786D6C504B0102140014000608
311
0800523B235DBC013EB4F40000008E0100006800000000000000000000000000701A010034374545393533352D413334452D343142352D394345342D4239363735364637433534412F5265736F75726365732F35464445443330462D424146352D343731412D414241422D4535423044333242373638412F7468756D626E61
311
696C2F302F636F72652E786D6C504B01021400140006080800523B235DC122377BFB000000960100006600000000000000000000000000EA1B010034374545393533352D413334452D343142352D394345342D4239363735364637433534412F5265736F75726365732F35464445443330462D424146352D343731412D4142
311
41422D4535423044333242373638412F7468756D626E61696C2F636F72652E786D6C504B01021400140006080800523B235DF4BD4A800C010000B10100005C00000000000000000000000000691D010034374545393533352D413334452D343142352D394345342D4239363735364637433534412F5265736F75726365732F
311
35464445443330462D424146352D343731412D414241422D4535423044333242373638412F636F72652E786D6C504B01021400140006080800523B235DBC013EB4F40000008E0100007100000000000000000000000000EF1E010034374545393533352D413334452D343142352D394345342D423936373536463743353441
311
2F5265736F75726365732F35464445443330462D424146352D343731412D414241422D4535423044333242373638415F506F7374323031352F7468756D626E61696C2F302F636F72652E786D6C504B01021400140006080800523B235DC122377BFB000000960100006F000000000000000000000000007220010034374545
311
393533352D413334452D343142352D394345342D4239363735364637433534412F5265736F75726365732F35464445443330462D424146352D343731412D414241422D4535423044333242373638415F506F7374323031352F7468756D626E61696C2F636F72652E786D6C504B01021400140006080800523B235D22BF1FE0
311
15010000BA0100006500000000000000000000000000FA21010034374545393533352D413334452D343142352D394345342D4239363735364637433534412F5265736F75726365732F35464445443330462D424146352D343731412D414241422D4535423044333242373638415F506F7374323031352F636F72652E786D6C
311
504B01021400140006080800523B235D35B06124FB0000009601000037000000000000000000000000009223010034374545393533352D413334452D343142352D394345342D4239363735364637433534412F5265736F75726365732F636F72652E786D6C504B01021400140006080800523B235DD99D7C56F80000009401
311
00003500000000000000000000000000E224010034374545393533352D413334452D343142352D394345342D4239363735364637433534412F536368656D61732F636F72652E786D6C504B01021400140006080800523B235D9AFA379402010000D80100002D000000000000000000000000002D2601003437454539353335
311
2D413334452D343142352D394345342D4239363735364637433534412F636F72652E786D6C504B01021400140006080800523B235DCFA9B55808010000B201000008000000000000000000000000007A270100636F72652E786D6C504B050600000000230023003D100000A82801000000
310
504B0304140006080800523B235D000000000000000000000000370000006662782F44373242353239372D434344342D344535392D383046302D3838353332374544333632362F617474726962757465732E62696E504B0304140006080800523B235D000000000000000000000000350000006662782F4437324235323937
310
2D434344342D344535392D383046302D3838353332374544333632362F76657274696365732E62696E504B0304140006080800523B235DF270F1330600000004000000360000006662782F44373242353239372D434344342D344535392D383046302D3838353332374544333632362F747269616E676C65732E62696E6366
310
60600000504B0304140006080800523B235DB5A795FFE3790000DE790000420000006662782F44373242353239372D434344342D344535392D383046302D3838353332374544333632362F7265736F75726365732F322F305F67656E657269632E706E6701DE79218689504E470D0A1A0A0000000D49484452000001000000
310
010008030000006BAC58540000000467414D410000B18F0BFC6105000000017352474200AECE1CE900000192504C5445818181B3B3B35A5A5A4848486060605C5C5C6464648383835E5E5E6262624E4E4EAFAFAF4A4A4AB5B5B54C4C4CB1B1B1858585B7B7B7585858ADADAD7C7C7C464646787878ABABAB747474A7A7A768
310
6868707070B9B9B96E6E6E6A6A6A8B8B8B666666545454565656A5A5A5505050A1A1A1BBBBBB8F8F8F9F9F9F4242425252527676764040403E3E3E9B9B9B7A7A7A8989897E7E7E9393939797974444448787873C3C3C727272BDBDBD3A3A3A6C6C6CA9A9A9A3A3A32020209D9D9DBFBFBF8D8D8D9595959191912626269999
310
992222222424241E1E1EC1C1C1282828C3C3C32C2C2C2A2A2A2E2E2E303030C5C5C53232321C1C1C363636383838343434C7C7C71A1A1A0E0E0E121212484A484C4E4C1616160A0A0A4A4C4A787A781414147C7E7C9193915E605E464846838583878987B1B3B18587856668665A5C5A626462818381A7A7A5A3A3A1B1B1AF
310
ADAFAD7072705C5E5C9D9D9BABADAB7E817EB7B9B7585A58BBBDBB4C4C4A8D8F8D747674B5B5B3B7B7B59FA19F606260ABABA9A5A5A39B9B99A9A9A78F8F8D6C6C6AC7C7C5451AD12700002000494441547801DCBD89771BD7B5A70B8EE04C702641712605CE034890E220088028C93245451215B713AF388E7DFD9EEDB8DD
310
CE6ABFF4B57D97137BE50FEFEFDBA74049B6AEED74869B7E87404D2814EBB7F76F0F67A8835CEEBFA0E42B854AA5B2BB5B6BCC951A8D52A93657A914FE0BEEE39FFE2FF395B9B9C6CAD2D4C4606F4B7FFF8D1B37EEDCB97587F7CD9B4343BD134BABE7DB48E3FFA7A228ECD6F6574E4786C0FC8B5FFCE2CD5FFCE297BF7CF3
310
CD5FFC92B52FFE58BFF9E69B776E0EF5F79E55CBBBF9FC3F5D3DFFB07F5898ABAF7CDA3B74E74EC0CE20230561BF096E97E05712BFFCC59BC80539DCE83DDD6E54FE61B7747DE17FB8980BBBFB2BBD4337DF487881AAE6C5ACC6AF25207877B2B527BFF1CB3B77FA47561ABBD7F7FA7FE146A5B6BD74E3164C7F51449AE95D
310
B412200EC539418717E7F2F11B376FF62E95FEAF1442BED0581DBCA1BD2780D23F506AFA16E1A7AD974EF17876F00DD7BCB187A1A97AE51FCED5BF2BC1F2BBE5B3C19BE27B43CF26DE00933658FE129B109C2FFF922CC22C4260FA01BEFB462A77DEBC35F42F600C3F5B0795D2E9E02DAD5E650B4438A92801B65C35CBAB7B
310
1EE5041CE69D3B6F1822DFB873EBD6AD3B6FBC71EBC6C86AE967DFC2DFA4CEBFF1BF54F6276EBC114E2F43FEC60B01A0D440A868B2920E5C4BC10D60931ADCB871F3268B21D3851B08E1D6AD9BFD4BF57F7577909FAB86F29B982571136AF01DF5FE32AC3BD9406CAAF2440A54CF176EDD01FBADA1FEFEFE21FE4C9858DFF4
310
183458A9FD2B6708A5A5A137E0EE1D11A9EC0C7C58B2C73C0AD6B479BD76B7790CF899E287FA5B06FB7B07C9195B7851FA8794031EF1FC5F9406BBFB23375420286399B631E93B08022A785C4DBF9996EC3551874094D71B6F487E80F6837E50F483BDBDBD83232323AC420A18C68DA196EDDADF68A77F938F78FD972BABBD
310
B7B87FB164AC6FC2CB760365821ACB74AED44FFAD7E7431ECD7E08AC421F391D199998989A383D9D98E8E56F84A318C58D9BFD2DAB73FF5222C8EFAEF4DE7AF30D756E5108683DA471E70D0502099A7240F19E4089D3FD203E620F1B47BF43501E85031AE44B4B9F2E4D2D9D4D51D8970983FA861B3706FF950CA170DE82F6
310
B312CC4F42C8966295F7D725ED29882415DC055F36DEA1FE96FEC141493F05FAA9A9A5A595B333DED5B3D5A533F62183323032F46EFF13EA0AAFA5FBF7C8976F8C10F7280A014832593B90004D52341980D907EAEB73411EB2F1EBC9F507F92746C40E7AE0AFAE54292BAB2BAB67CAE0746264A277B06508168C94BF772BE9
310
765F7BF0B548FE1E07F3B5A521340A5CB5297C4B12811B89E82191ECF3E41B3259C529F135E23CF4C7F961FB13537F5A02ECCAEA76B5BA5D3D3FDF3F2FEFEFB3AA22053E5008833428DC6C59FA2F770595F311F235D427F379BB8A121BD901B96076A388DC4C3C61C7933CCCD770FF375A6E0CE9F535FE2534BF5ADD3E3FAF
310
D71BF57AA951B6D4CFEBFB8864758A26154430080B06ABFF557610ECC93726224F155D1471041E0D42F82F4891C926C1355B0831649FF365F46FF05300A7A790BD8ADEEB0D4AA9569A9BDBADCCD56AA55AE377F5F3F3EA2A34983A1DE91D810543138D7F28E57FF4E2B5335A3928B76EA1CB9B00BF158C8F63A2E788826896
310
D0B5E7C461949ECE089144F8EBEFC7FB4D8C9C4E9DAD60F7FBE572B416C2F2423ECF8B86C439E450DA970634ACFDA977629098D0B2FAF313A36B3869E37AF7853378CDA1171FBEBA95DF1E44FD5144A420588641B0055A79ED91CC0DC41E27064512FB33F1F04D09D0D2DF0203A646A6CECE80DF28356A348CED8C4F1EF137
310
B9319E1BCD29867CA556AA97F7B757567006A447FD375A26CAAFDED9CFDCFB2BB0BEEE8AA5911BC2C7F85DF88A3775389990AA72219D582409210F85A4E66F2987D875C30848023088FDF77E87F96FD7CBA5B9DCCEF4F4C9FC7C676777577B7B7B67E7ECCCE4E8DEE85E81A6D55AA3BC7FBEB242589CE8ED4770E785D7DDE2
310
3FF2587EBF57F50B9E820527316488E5C32D50F979BCA58207297E2B6D658702FFCD211840FE43FC9F3A5BAD9E97E6F21B9FCF16BBBB3A3A5A175B5B1787875B5B3B86DFEFFC687A72674F19D46A8DFDF3EACA59E405375ACE76FFA922C817CE86A89BDD92F400F2C55B7462F610459837D3A61ACF50C7471C8F2F2A9D38C3
310
DA2F068007F80EFCDBFBE5DCC674B1D83EBCBEB8BCBCBC3ED0D3D333D0B3DE33BCBEB0D8DA35FBF9F8CECE68AE020BCE61C112A4C1138CD47F9AD13F7DC6AB9CF9CFCFAF9D0E01FFE6CD503F5B91C5218E2899CA15098714848B04FCE5654884ABF0E554F11F6C21D73D5D5AADD64B7B9327DDAD8B0B7D7D6D6D07070763BC
310
0F3E38E8EB4310EBEB8BC3DDB347E3E37B5842B97C4E44A0C630427E5CFDFB71E03F471E12CA9FF70E055AE141042DD81234B879EB4606361D9328149037D7D76A571A7E974FA20AD0323832713AB5BA7ABE3B3E3D3FBC30307070B0B9B645D93C3CDC3CDCA41CFC6AAC2D64D0D579B4B1B397A7C1BDBEBD7D36657A3CD4B2
310
F44F4909F2B9CA597F4245C59DEC354316F0587020D0C661742BC02869435FD12CF195C422DB3C5A3E2305C000CE6B7B27ED8B7D63079B5B5B878787C787C7C7C757C76C51B60ED60EDAFA06D67B965B3B672677080BB5329E60E9B477847AE2E9EB53E35779FD37EFCD2D0DDD68AA355B6B0D81860502B8B68C801F5C697E
310
9AD62F4B406244CB975560BAC756AAA577675B07C6D03778C17E7C95CAF1B3ABABE3E3ADADE3CDB1B1B6B681014470343EBA979F8B90383545727C63E43549D14FD0F927E5F1FDEFD7263058FE02EBCD1BDCBCA053496BD58E69BC44F9F854D4D979AE9ADB908824382AC1D4014E9756EAF9CE85B6B54DB01F02F8EA5908E0
310
D9D5F1B3E72188C3C3AB67879B07C8A0A767B8B831FE5E7EB754DEAE5261460243FFF07858D8EF0D658BDC563A2C5EF5833C13C90B69248C4DD97842B61DFA7F210A2F6108A0F96B62E2D3B3F3DD939EA47E30ABF5AB2B903F4BE5F9B36757CF65021E616DAC6F60A1FB647274B4B05B2E5341B082D43278F67D8DFDA48AFF
310
9A13F22B34C7586C9992BA6E66CABC190E313E7C811AA57304B421A75B289B9D174CC868C24548823E230B9A5A2DCD2CAFE1F98E61C015CA7E96B083FC59F3ED06EE60F360B3AD6F79787ED278D0A86FAFE00BA9220EAEFE1D5DE1F7855939C3FCC1332426B377F692406E022C010DB437EF009803F0DCFD3B7C94440571D8
310
F2C328F115F47FD324802070BAB43FBA80EFDB92FCA1F7E7CF9FA875CBB327CF9EB08C4DE4815BC4210E2CB7CF1CEDECEDCED5B757490968286899FAF95583BF46F9393CEE6A86D6F618CAAD9BFF0BE22B042412C5CFB50556815CC5BBE33E9F61ECEC26A9BCB8145FD10590078F9C9E953B513FAE1FE387FAC246E14F9E3C
310
E7F5F8194BD6594140876B6B84C5D6799C61A16434201E5237582AFD75C07EEED9863F463284E2E13425A036BD41061259289B6BDC1ED656FC8B8592C9D00701E27CEA749F0D8EF44EAD8C1F80FFF8F8F9D513191F6803384C800097F24069C407CFAE88136B7DCB3D5D4A60B711F19070D83235F77331FD35E71596688903
310
8E2E0B346EAB7936C4162043E1A1F144093695443A570144898BC4079CEF1912809A3035A1D3F361235F90FFF1E3E0FB93C7E2750719F88E7D8E68123883ADB5B18185AE99F1D11C1238A792DC4BEDE8EC6FF503DF377E0445F68FAF4E08D43082D02170F30131A154206CC559A8D9CFDD762B31273E4947A581E0D9BB71E3
310
3FFA07CD02CE2A6BE1EC80167497F2A81CFA3F7EFE58D0CF5D5D170DE4F89070B0BC4040CC17BEAC6B0586C3D3FF0309BC06F44B04A1E13729929B4DF73C44070692C810B08AC3012E8EE9EAE22067796288C193B2139B970B86F47FAD0F98382B1E035D9C32FD318A4FAFCB274F2E1FA772F94411B0CD42493C23393A685B
310
5FEF3E1ACF554AF5F3552A478383374E6B2FDDFC4F6DFE38F4F4ED7A7FE838F488EA852482F412D3CB07E293D02C9F074F12E84C5AAC423271450572A385449844706475FD38DC3C22486A0639E5F1E38B0CFE93CB4B25910EF309A2224BD8DAD40C682C28341AD69047E8539A6AFC14EC573F7FAD10AE0FE6EB13E87B28E0
310
93B513B5803514DE408809BC12A14876DE0A25F643009E9176D9F0C330164285A7444DC8CAF0E9FE41429EE0A2F6A6DE91C0856C501272404A8468822E24C807030B1D33D40D4AFBDBABB411D093D88C86D7205E05FC57EDD1F805FA4CED5920F0CED39157E007CE21757C5DE440ECBCB46CD283E378029B43FB077B4F47E6
310
0E9F61E8D01BE017D7E843EB49F50A2028F1E442FCC90C9EE308E4C0C2C94EAE30B75FAD3A0EAFA57FE9EF960F14BE15638840EAF3BA490BB6850EDB38EECAFD21A0C746D0C4234DBD035EFC7EDD121FA585FAB73DB89FE6A03CF833AB0730E5E2F1A36CE3F202A128934B44E396961121E1F2C9F32BFCC0C140CFE22C1CA8
310
E109B182919696BFB98120234F61B59F7BF46EC30CF067B21A33B0FB3E402448EE266CCD93135A8E823DB31F85E677434E608F53F8100BC0098EA2FD6BC01770E0F2F2D1E5452A711C4BB8486248FAD756D852026B6DC90A2AA5C6B69E9068B8F27AFABFFEE8AB36F1D23985D5960014FD711940800B560250D2272CC54FF1
310
D3A660B275AC3881E349689C1616E1E9044129D032313509DE4700BC867C71F128C400159407C761022BA8A040F40A244788808C60B3AD67A17576279F6F946923191921B0545FC2F12AC0EFEFBD7262B6935679FC7F80629160ABFAEC88E8430E76D82A8DE62ACE50BD4A42FBF03B387B37FD321B37E31C3F063D99703F51
310
60E6C9E5A300CF32A91E0A085A29C0FC507F6C21012303C6104B82C1F1E156DB3229D1A855A32A8352C9077AF733A0AFE0FB3EF81FDF2F0F82C21B0EB06998866878B103305E31EC17F4FD43831E570A2118D1667632D4FFFFB125782F96168A833DBE78C3F11F8383A79D49F58F1E3DBC780417AE6581381E8610604888E2
310
913E12492881274822C221AD04CB0B1D273B8542837460898C686864FF6F801E8269F40AD0481DFAF5E6E9C1F3BE391C325004DF0746A4E4448F7B52C0D5EAD39EC46896B888C4210D68E99DFA2820DF7FF850EC407EB55C3EBC5028611409BFCB8889C90F1C52355AEF98B18100094C9D0EF6F64FD47E5CBF3FF5293DDFB4
310
B50DDD54F351446FA1F14580DC3902C085F593CB24ACC917B213BBC11B3F0A61042FD8B24F4FB9C4556D0CB9E1A880DE89934CE9607F18F81FDD950DD0E1D143F41D56110E227C250621FF098838042BC85B5B6BCBCBC31DD37B34966E9FFD9936A2FEFEA9EBA4182E5CD3E17AE35501FCE0707E5525A7DBC64DFD077825BE
310
37CE0BBE1BBEC061410C660B6E49912665E2B3749C7C9F93834022F74CDE6CA5EB501D9CBC04B768292C5CCB84478F3CA83074092C6082169015E5800D5839DC6C1B58EFE83ECA513BDE3EFB8EF1242D2D4B3FD55AFE03D42F8492AF8A3F21444FA2FA9ABBF525EAF84C09F0168527B0138A85D1EC0443C467B28BF844EAF7
310
6323BE13D7C11F72FED783837B970FEFDE7D7817E077C17EF7E2A1C2C0FE851FE4C008388C15E818958746129E1009D054B67530D6B3D8DA3D59D82D9D57CF70039FF50FFE0DE94089DB269C3655A4F25B38C49D0BD48E59F1526887C18FC5272197F85CA72862A593A4843CD25F920487DDF7AA0441A2C0600D062001F103
310
FCEEA3D8560CEC3EBACB01CAE5A51E420349F602191E5F901893142381351CE17047E764BE50DEAF9E4D8C38B6ECFFACEB141E54A6865A88A60133EE9CBB4C256930B0B168C1C3AB59FE1743FB422C7166082E934AFA5EFA3E4BCE0B69362FA7041818B7FDECE1DDFB4D022007CA23E521F0700AAEB5888BBBF08023E128B4
310
045381542FA256B0D04E28A0C3804E233A1BFB476A2F48FD135BAF9843BEDA3264EB42BA499601F16B566E72C7EA35908ABCB9176BBED43204C696AFD3D7B24B08D3AFA44BE243D88A6D9D0B6562B52F741E1610C0EFBBAF2B0829289A640EC4C8A4FF66A24430786CEBE1E1E61AF9507BFB496EAEB64F8F49B4129EBDEC06
310
5EC1F8A3F228A3CD0950883B41BEC6D1944AE06147289600A7726313AC69A3F91197F1438BCB743E76F01F6EF1D1C854071670FFFE43FF1EDED702EE5A14C85D0C42DF90B86068800659AC88981855E3E774A71C0CAC2F76754EE7CC87C808D1E1E0F6CF47FD4224731337BE1E39C5010823EE997B1491BBD99FC8D8EF7748
310
2BEB5EB2CF66499A8E0F7511B19B3EFBDACB6507BC78731B1B383D02FFDD7BE8DD9256F7D0BA7B46015941097B80018F700FFA024CC08078F51806100ADBFA163ABA8A3B95B9D2F92AC30BC908ED31FABE0CBEBFFF0279B675868F9AA24E9530B08C174055B7F48E4F58002F3E82F0BDFA003E8B431EB6C4A91E4D9B5FFB79
310
1265BA8827BBE5F1BCFA7F789F72F75EC800F8AE43FFAEC42F13009FB905A9A0132015D0068ED7682AC608BA6771038DEDB3B33082891FAB1ABF5614F93238079726B833958796B845B731FCB86316713C1DC581B1E19B424EE32674093F80776F7E27C6FBFAC85C536CD955B96EDA2A3FBF770FF4BE11845470EB3E42D022
310
000E0FE07D161811020742162444668308801E133A4C163BE68F6826A5523071CA78B2FED51F28F8C70FE4190073A3E5D3259D7A288CD19BDE623F10021BAB0C6E327FD507B2741627727EA00D31856492F9F009D7F152D930704E642795C1C1B336E0DEBB7F0FDCB79318543B25341F36802D64A981A690B94259607DE0B1
310
9D466BF8C1C5E1CEF9A3FC5C639FD6117B4BAEAB453F8EFBDA500A67E8BAF76C8A06566E36EE1184E8329419161F83D843D5DE7D8221163E145F56921C3EE383978072129E290A9B7166E63D26BAB1FCDBF710009E4051842390031845F20077CD079407C575F20364C4910ED2A574BC357630B0BCD8DE39335EB175646A69
310
8458F6A346F003A93002E846FFE0C459B8006E506D79BF902908A0AA05CB5E73530E33BA1D3C2EF99C712B7C8B41DF4D2A7830BE8707485FCFAEEB85A09AB6D39BBF7B4F23E00509C20DB04E240822A4B810E04D8D53D10D504C059ED86BB8697F514777717A8F8144D48A4C89077F7EDB00E2D89DC02A7B975640A282C49A
310
4AA84B70B12BFED8EA6584860DFB7EE23FCB00C6BAF7332FF259FA3C9346508813E372F1DDE425065BB61FDF8300F7EEDDBE8D0C6EDF46F7D8823478590AE23759D60DA6B7A9F125EDE8F4A5D2B37470D0B63C30DCDE3D3D59A8D1501EB1B0A5377517BDD6E301F995E3F955F0F58FAC2E81CE172A8344AC03DC6781939D24
310
84B8FFC15E8F3ACCD3954CE19576B942D0A029188EC7013FE59AE90B71292DE774F1F63D60230180B30A2EDC65291B6211B4081128856001A680015CE000708254891851D4B3BED0FA4D7166B466BFF1D2A924885AD12B387FC0FCE6819AC3AE06A7AA4B715F0927B74D119D4A668FB54B8A8C268D8B038A207D10A7B1E95E
310
42195B695BE0240F7408B311257C23F581E987C180140C584A02B1670CB817CEC0A080F259F1360E58452013200E3EC107AC1DF4FD7B0F6D23F33347F9527D9F51E6138E31AF35F1BDAAEEEBA3D71BB402E2FB47CECEE96B4DB85536772B07C82A34F3E66D0BCEC207FEB9E70643761276F7B50D5EE963CFF80C7AF4A2130F
310
5BF8C4EBFB5F07B709840480DBD8007FB7EF3F90104908BA457D43AA2A6A02C91422285E5AAC143F3313A0CB74D9D164933B86C25587134E8D342B453FC982860D09FD13ABE72055ED020E85D3E312F74C25CB0293D978A1C4001927C80B86FD06349126EC219F0C735C8053D8F5F310817EA01F1B7851F406144C211C6362
310
C27DD51F1E310C0102280ADB891E9B085CC528A2B1369A46BA195B9A2B351862CE43174BA73FB7CBB430A5798F4C54B7333B96C3224A9863AD02B9FBD8E63092191924E77C199D92887DA594B6DCF0112857162FD0949FE6A441F5E62E42FB2105BC405A2301A3424601DC807912CB2C39C604A27908021CDA30C4C8C2019A
310
883B3A8BD393BB3546136EAF561980FB63E9E035FF73B96D09A905ACB2C11D79571C5159026227DDBDB81396EB03F14100BEB66DE1FA9EF82C3ECCBE318119C4269FD014E66361FC8BB0B4EA9A98EF3D8848A01360430284335004C183CC25BCA82D2302EB03B8419241C64DF4F5ADAF77B533BE786334BFCBB8DA72BDBEFF
310
C36103AFB30608A0B39B58D93F0BF42180841DD26BDC22CF0A770E90240006BAC65197D90920131C7B2EB3CFD3C71C6378A305EE8488FC1FF8D391E2BDDB0F6E3F45E7C8207C419800DB410073A3173942CA8D5242642A74496FF115832A6314D9FA4257577BF7FCF8F8E8CEE8DEDE5EBE76DD3CF892BA7FB8B90F629431B5
310
525E92A15A3A4A6FEA3FDD73136172060959206591F4C927196CF645AA285CF3014630121754261C0D31E1A7E3DA2DBDB54B04703BDE3A4209F02045C4BB0F529A14BED07098A2A1CD47513DA64B512F409BC01663090796D787173B5AA141B1B39BB470EEBCF1E30F9D263ACC4D05110797CEF7B923B027F089F74D1D06F0
310
A4D8C0CDA6604023FCA45B76C5CDE0BF3845ECBE13E0C0ED73700A8A753C1AC8AEFFF1B407FC8A20F42F0D94019121DE304077A027D4112283BB8FF0072444D68AAD111D6F591BC0061854BBC048EBBE9E81F6A33A95C21BFD13AF3C7E7DCDFFEB0DE8903F77B41DF178E99C289895B0EA8CD640549D68935BA7C5294E0A1D
310
66DA0CC419BD398E6265789CA1241441AC94532A3C19C95340BEFC68703077EFC1D307B71F3C500859C11494838E902203A2BE90EACC5135B80B078804340C920C2300BCC06F7A1C71B875DC572C9BD1D84BD5FB9363CA6BA7D03E5C40FDFC54FC23C9B4B9DDD028787D89219038523BF64E638BB37CC25335937A00DFD328
310
69C5B390C8C32FF25C8C47A7181B4A599A224A9DADB0E0406FEFF9F183B7448F081E3C55024FB33828784AB61704482CD0160C04174F9E33BA9291D58C2F1F1B1B3B5863B0D9F3E51C35C253D54A23E560E2C0CB3A6F7A81382601C2079CAE96B7B1560D20A341E85A928A4E01083256420576C2ED477E2E565FD9223BCC69
310
1CF394D3D8E281501E0EE5C1C8159E92585D255CF30CC854C75318006EA4A01028EC853F9407C6053910BE105348324002260254886C156260F9189EE0F8C9A3CBAE9D5A992184568A69D5183A7DB97DB089FDC57AEE54F858FE54F577DBA85309640290F2D220952620750C5811FB772A7876D1E4040FBFC6474D51246D8B
310
3FB378283FB514F8AB3C20B8BF7DBE5DE541C9A5D3D38DDB30E00151E02523081BC89C2214103E0BC1B3D0199A08E002681A2613A2616CEDF0F0F9C5DDC75DA395C25C0309C03DEC8091A4AFD3FEB504AAC6633930556DAC86EE3561941E862C4A75DD6B6BB3A0C59BE153DFA73EDFCBC3CE2188D3D378FC976D0EF9A95B7C
310
8532F527CE3CF539581E0FE501291E9139FFB65EFF5DBD8E0C18DE3077170A64E033FD278F18068028802F156C3809FDEB11B1019C208D020C9BA2870457F0F8E1FDC7EDD393E3B9FC9C4308E9315704233F960E554802C14716B0B45DAB5EAB5E25AB7830EBB8D25E6CA94E4AA01794FB1EE164FE9F040FE82C940A4BCEF9
310
13075D087E85A7237D3CF29C47E4E676777779528C4781761F0BFBC1D3A77880E40C9A2E5109180D5255317890394229F0F082010354082D574F1E3FBAB7D6553C2113DACB97BEB5526C7C6F69F9310A94C46CD89FF8F379AD1AA035FD00FF3F320180F01417A6F255A3A8D86319FE0C0B0E06A0DCD33F79841339C01E5BBE
310
1911AFCFF7C1E0A540BFBDBFCF2372352686D863F83F59CB6865F43104007EE06F52406F680341102048A01BB048823082CBCB0B6AC48C313F3E7CFEF8F2D1FDC3D6F6F9F9D9E98D9D7CAE5EADE2A6512FAD7AB526E17F600C85550DDE9ACFE9D97E694513103BC69F8A2813176032C890C1E9C49FC09C61670FF8705B1D73
310
86260E7C8E7122C7F8208A55139E8C8D4763F7EBF5728DF9C34677364E3A3F9AEFDEC9CD95470788834F9FBEC512379890B38C94205B2557987C4186DF5C0837608DF0F9F3CB87B7EF6E920475752A01460E556919B2B64296FB9FB70DD5F47232A0F77465BF140CD001F00ADCA175090E2665A14E6329B62660E02A1CB50C
310
6025E3DA252A670B3F0FFAA5EAD94A509FE7036B159E0D1D9F2E76B7AE1FD5A606198D3A747AF450023CBDFD162278B9446688111009B4029B0F2180AE20A542D40610C073B47FEFE1416B2B12200F3C991C2F54EC2491027A816B0A34A9D05C6F437AC23462385DADD75642EDDA738AF1600DBE07EE8437804D2D011A94DF
310
71C2085EDD40266A407FFA1D1C00B0C03927E60338E3B9D8C47D1F8CAED578E06F7CFAA4BB63B175FA7C301B747CB377F45192003CB8FD34B12009224543D8604494011A80C1903CE0518C986208E1C5FDDB8FDA161686873BBABABAE74FA637BEA894A44078C19696F326E057D7F95D061A6B0394A9D5F2DCAAFE4C2388D8
310
A6E9AB7695CB0BDD0A332430F1A9333DA41D1FFB97FA09AE84E738C75C407C260408F8DBD5EDED7DE1570A7BE333C54F16963B46AB0C2B71208EA3D16EF4EEDCD7005241166C005A73C03164792151205C007288AE337B4D7103741BDE7B7AC913350B348B2D767515674EC6F72A0402BBCB41C81305AFCF05F2758D3ECAC8
310
D26AB97606DB9581A4B7A8FFB068CD5C0604E6849046B70C2B60FF0CDDF93C13822B4E82FA0479A68220E66D9FD775FB3C1A9CDBDB9829B6AF2F77EC9E0678FB20ED8D1B1A1A39D10F9812E20D6281F5673121AACAA9C53424000DAC173F7E18C3052EEE3E78E7F1160F5AAEAFB70E0F7775CFCE4EF384DDEEBEB9C0889D52
310
43BDF557559FEDE5F17AB21E118C4C31A3DF6A96B56AC62180293910ECD6B721047664BCFCC6B2DD3C65CA0F0C823DFEF84083C7ECCDF05898EEF158F4FEF97EB9C123F1B9D1D1A3D9F9AEC5F5CEDA84A3C96C14A55584D62893D6A54D8D2028D05C8B1F124884543F3223B29D208B04910D3FC43F5C52196AEB5B5F5E58E8
310
E82610F08C21BD443801233C0CE8BD1E40F84A1CA86001990048031ABBAB11EF83F9283EA89F181F2A0D9A9F62D94B7F625FD727E6A93F63F200F614F7CF100D4511C07DB45FC5F0CB4CA359ABE4774631FDAE85E599EA0878A3C33D5AD6430CF4C055EE5FDB80629000D7855DED3F436F3B61B3DC7FFACEFD2B1BC6FB0696
310
312CFA477CE87A87070C7998E04FBA78AE3F915A065E819FCF35B410321D9ABB308146A11AD5196CDDD7C477A171C8AFC74B45CBC6F641AB53C8D4ADA5870C02379BC0470CF83DB55F073E29CF5CE5F7A3F8FD62EB7AEB1774C2C6780B9523F9287193FD23DDB79FBEA513B45200E2E0C1B51350163AC19043C600F2C1DBF7
310
DEBA7BB9B5457BC0D840CF325EB0BBABBB786D301437000020004944415472B491ABCCEDAFC0591201CAC8EBFACBF367FE7B6E40E69F551BBBE7123E3C00AC560CE20C62436E8C3C54CC225EE08C0D74CE26148877689EDD004FB2BFBFFFBB984035373A7954EC5EE8591FE531348654514DB1D1C56411DFA2A7C212BE5ED9
310
1278F2851A432244C6822C29C85A8B320ADCBDFDD63BF71FD32648E7D098CD018BC35D7FE89E250EF2AC75F96C15271602687965C844B8807C6E7729D93F22E81D39ABD62A0820C1FE9F11CFA7208125D33E96FD69E83AF6052DD32D49FF0802CD9F9DFD39260389A950887A647CCC99BAB17132DFB5DED35138FB3A060F62
310
95AA5E195BF0BB56495A5A4A8FA440026E46A047D40ED2520A441C302D240F201FB8F7E0EDDB0E12A04D8816215A0579E8FE1B1281E9F19C9900DE79842E2A7CCD48E9876EB01C75DBA0E0C8D44AB5512947A00BE7CF5DE9E1A6A6BE43CF1A78783DFD5A404E4477336C1ED8B18908B2A847B2AFE9839E891137A6673BBB96
310
FBBA2A4B8E9373B001F08369BA11BE8ABC4302FD2345FD6014A127068427D007BE28B41D9B0D40FFB7EE531FA673C8870A69135B1CEEE8D009C08042A5B4EDA314920B635BF941E7487E45256439DFE9D276295F87E698389CD49FB394FE19720412DEDDC40E9CE9C6DD605E0B719FADC416CB15AB3A61F9B5B9B9426E54F8
310
1D8B03DD950946D432B40CEDAB7BB5AF11213CBA73C9BCCCDAFBCF06127C7980FE6D1DC9B4DF14832D6568FEAEEBA76FBF438300B541064ED33F3AC0B0D10505306FD370AED02859234402F6C3FED006766DDED2034D90D119057225EEE3DAF787EBF30EC51ACB4F551678BD6728E1944730C095F13E4D81A4DFFBF67C5BEE
310
37E62A85FCCEC6CC6C7BC77A5B477E22223ECA4FCC0F87E2A5E3EB782BDB25B8CFC6736A044DE5A7CDA604526361D650484FE283B77EFBD65D52C1C73C4F48E7D0D81ACF572F2E2280F98FB230508FA906B42DE240ED651B301CEC83DE1790C9FD96B6CBF986BECF3BD332C18EF627A0B6EECD5B152E02088D03D828AFFAD2
310
6B05BF671B4F9A09A8CE0CD2707F67F2A4B3BB75B9ADA331C1305BBAC182FB4A79820B7EEAF73199B8404C0B81231CDCBB871B80FC41FF5860E8E108222A1A076C29E6E03B6F3FBD4F1F295DC457573C7ADED636D6B7B8C88413DDF3B327E1046AA51040B40CB50C7E3F1D2E44DAD34CFA604029BFFBE714DF0C069908027E
310
B275F1F366C132E1A7450B04011CF82B2B647CE754F650FF6E25BF37AAF65B7BDA16CAA791F1D09F6CAB989EC5AB7809BE145FA459E8D3E4B0FB47DAEF093B946FED585B80FE1A0305FD5330FEDB4FDF79FBF6BDE81D8300CF6815E5F9896552412A03F31FCDCC7CB5E32365550CD9365FDCCEC8752E943161D78047336F8A
310
F6539840A1F2E764FDA2970999F205CD2BD1F5CF496571F76EAEFA0E1CF8FD2A55FD06391F9EEF8B9DC9994E72BEBEE1FC928E2F223EBA0FBFBFB4F2DF137BC894B8087643D64ADE6EDED67F7680FAC9060239E845FC94AE93D880F994FBF71FBCF5F66F9F32C292EA900F9C1E6F1105E81C5B5F58A067A448143842008D72
310
75EA3BBA3D2516FDF02FF79260020D6B3C714711F3CFB61BFF56A826E627E82256F7400FB387FEF23C1C1E77FD6A21EBB1B2B35F2F95E7760BE1FA3ABB3A981423477517EEE36FF96F122B942F6FB64D9502BD1B9089162532A2FEFED255028FE653C9F46FA321E0B588B7DE79FBED07C44106CC85133CA65190543004D01D
310
02D8181DDDA5A9C91A7110805B7875B689FC3902200FB192E7DFD936B37B57D9C338BD49E99E181F4E5FCAB2ABC1CA7AAB382CBC7D515457CFABE6FBC63D525E5CDF74B16378B9AD6774A58531912D232DF01BAA913DFB7D3AAFF912984302B84D0500077800D26C60A4742101DE420C610C2E92FA93056022EFBCFD5BB6B3
310
8651470CD33BD87630C05831BA864C85997B8754B05167F0706499DC442FCD22592AEC2ABF3FF13F950039BF159FA9B36ABDB2778EFF83F70972B83BFD3F4899E64DD8346AA495CB155A7499F2CE39B0AAE755125EB84FD8CF8D8E4F4E9FB4B72E8F1DBCCB98B31BC4607C2CFF21C8145FB48EA0F2159F86A3098415609554
310
DEFA7B27EF1301033DD06D274BAF6821D220DEF96FA4CBB60B3CA241C021D38E1AA76B4406B4767576166766A6C7F77273F5F395291BBA19F64F2E3095C14F3E60371827741CB27E89543857D6D96BF9A47C6A9A26057840332EB843717AAD171880217B71FCCC0355AED3D4819911F79D0EA8AD6DA31A83E36C5DC2D47029
310
5C011302387069158F6C9966022367ECF1D00BA9BB95C389AE7B6105A1FB640689033A7FCCFFEDB762189103A61C3A4FEFE0D6A6B5A19EC5755A443AE78BC5E9235B047890A65919A0D2F96AA3C01CEE913BB3ED239C3E0CD8DDAB99E4348BF3F8B977B6C43DEBEFBD7721A839A63B94C06A10DB87FCBFA3C2932F8C26F88B
310
6D6BB30C3C4E09AFE40FAB52EFAA1EC0316920E031A46D65A0FFE45A673432E907FBCF86717AC04F2CD0EF512D665FF53F05BFCDC43489F150890C60A8E0314E70A06F619D30D841189CA15D3417F3CD50191AE4396543F0C42BCFD696C58DF163F5B46D708BD5FDDA5E5E5FDF9401BC4F7E00E8A17520833D1CBFF495B5D1
310
CE037C664123EEE74737268B5D1D3DBFDA6AAD8C08DF2C0BC7A737E10AAB2A7B958990CEBF556CDBEE823CB09FB344143463C630CFFF585D330CF0320E921744A7918280FEEF981161008E9FBC78C830217A07B7D6985E83F9A79884ABB5AB383B4D7D788F9FB3D867A2112A43F19042B33A108690CF6F472F8661CFAC9714
310
78757F6E6F2F7AEB82FEA85E5715941778B278281F28C268AB24BDB470EF3303E09C359E9DF1CF990D8A096106E6A66C8620DDE7D281DF0B2831F20439A30D68386CE13E002F7EDA8D7806162B205D6A19AA1FABFD6B1B400EC2BFFDD66FDF7E8755B4883C043F43046C1326136680404F1F934EBDDFDD39CB58A98DF1BD78
310
80E0532E671FA1435E9D6EA5E9071000BE8F262E7C4044FD95D5FD526EB40A05A634775F32205C3D779FDC168CD5E56BF982508BF572BDA4F6F57D3304BE9EB18149461B12F760D7485891CA47CFC44909136FBF4931716A2E100123FC6CCAA6A644F25EDF4AC980B14039009BECE8B798BF69A05DC5B6885CD23F8E13A46F
310
F0C0A986D617F001C52241801E87C2974C31411DA3A5D7B6175472763D637D3E57C33B908F867F4A59CFCA7923375E5F027A983E18BD7BD4E6FDDBB2250C1529F4202EFAAF979DFFB1F2612E87EBEFEC58581EDB9AA95AD1D7C1905F7305BF8182D5BBB524D47C4E3B81CD843220DE1E6536497C0962C225F75A2D6A998303
310
B23FC501F0B3F736EE1FF01200FC8C99F5515207C9C40081DF304C0A17D06E26CCBC5B3C47459308178301FA8057C2C0AE9D99B05F038828B08400F2E3251254DD7EB8BC4853B101F99AB48E387457C96951E5DB670648BAB70A7B04FE93EEC5F5B183F9739C98952C6845C380D401B8FC86E70A20744EC720E09D35955D96
310
A9041720196D183AC2CFE6AEA816652D0234883D788BEC8F5DF2615261DB031C2381092401B48D8D2D870FECEA9C3D99DDB036C8A051058030E32190976718C89F031DFBFF2EEA3D88606A8A19BD0AE305BDFD12BA4FF46F1A0002B07137989C748936E9DB2C91F43B07E4E4D16C3779CF5A4FFE8CC981F07C29E34B7C012A
310
F0054FAEA4A6A3D49D3A16D2B3CF220A029003366663053C89B3FB1827080DEC2780076FBFFD8E39810CB0593CC68B5D9009F2D400418028B0BC6CC74067E7C9CC0C2690FBB084AA5254A12AF63543B35EB40D17B693F7E3464D5094C00AA9E04E0E0524F5C35C5EC6BA94B21AAF2440725E2A9FF94FE7A8F0E769EB83FDEB
310
039B631B18BF396F5C13CF89ACC02C387DA56DC3B1CD84B96CFAAA37B55FE723B611062258257D331F186AC93D8AD600B4FEF4AD777E4BF68F2168FF08C081A37AC13446C859964803961928476D78F68419390D830C1935B5C2A0A22A3AB17D3D6428BF12DC373B8D464E04C0A496BB3B3B75639DCC2500E0F0B15FB6F47B
310
5A7ED0183A87CAE8D535F2EDBD4B3B7FC762DFE65A07C30B2851DB890082ADC07131EEEFA3DB7DD5CD32C0860CA83CD4B7993A175F422A8149B1C1D94C1145059D9C78A8A572A90B7C8B1E3392FF77A80C50220880FF3669004E90F101740D2B808181455A044904674E7482CC3EC85C4BCE339404C0B0BF6A5611E4F9B815
310
7BAB6DE327EC9BFBA1B4557ECB609C1F45326499EFB90EE78F18227F09E563C9E63D847EDB3B68EB9C39E95AC4F7ADCF7D87F6752BB6912040281E4A0D8A8314E80D60470999B8A51FB1488A66A9F3F81FFA61C83F4FA6969E472288FADFD61B005E0EA4284822E018911828E868614DA0C36E11F3A051070BF2F0840E35F2
310
00E2C0C80A776CC9E7E6841C0503D0EDF15ED9AFE527E798D23BEE5F0604E58DFB7099D739BF0BA5D332EF29F1535995BDBD0DE681C4F71DFE6A7AC5A13554AE6910963E9ABC9A0DB5B202225545F5CFACC942B5B93C207352B6E5310BF349AF200175D7DFDF78F6D683B7C87E087FA9B35812C4F8F13452CED610A2207541
310
E6D659A739441F3833CD0C9C3C3DC2B0712F62333C4FA9327C9CA1124904B4FDE0FE21C119776CB0C212AAFBA5CAF80EB43772ADFE77CD9FA8A4144C54C2FB2304C65F62FC3678E4F6C68F30FEE1BE8383CE7DB86F58B1AE0C51F0F055E188D02F00911DDB0991832228B3172B3E623E513FF1734FF414A611A603163F401B
310
EA790FC9FF7FC3FD3DB02DC00184145B850D01D120424DC03C00FCEB7880EEEE939399F1F18DBD4AA54C939899304D913CC2D5CFBC55E50C7FBE4C0E14AEEF53D6843DFF56BE2D554637EA047D3C210E2C61077875FB5B40E19F43AB7470CAFE1C0D3ED3B3B4778D1DF6D4F837C08747180FE8394F2CA1E0A46B6DA62CE2B2
310
DABEDE0B1924098580FC16B369730E9E90541D3730D47FDE16EE1FFAD3419CDA05ED1F2715C607F2E81893AFC5936303F40EB776F1D808BDE393A3FA401E1C706E154C892860AD74A2949C409E28A8FB3349C764D13E4D1D3468952B7B1B35001BF41142CAD58D6011C8B78961EACAB66E9AFBC627673B61FFDA4167950A27
310
4145BF11EA17BA9AA60815C2C43AE1F648E3772E53C94E6364AF826019E723069A8AA353A3BF7FB5359281700061FF64C28C10B9AF0B70B0B0D30A31CD1CFD22F68C76DA1E44558869257892363C091D313EFA46B57C3BEB252E9C6BF5B4799EC58F1910F469E25AA17B343799DB3E33CF410061F96C6D63FA91B1000CEBB7
310
D2971BDD39A2A76361E000F5DBC1688D47CB812DD60F8001AF25B328D173A9E4BAC18CE9F1F628704330741B2649B92E9714447C68559C6CD2F681919367E4811100750058809D0230C087A89FF3C80C23C4C60882E481F48D531764BABD5CCECA308DE2F63D3BB50373D630796126803C2D1FBAC148F7592881B395ED7D26
310
B7DD38D7096AF98841CB37592561D9C6565317AFBE9FC4AF7371E060736C7635E0CBA1809FC80F544DBAA1F2F9393D970D44C0615A0C6930E758B9E63AE690F73045F0C8C0731DE9CD80F718E94652383458799E02C06D328010011C7090D8C5E5336A83D4059953877EA1E1D66FBE994F04608C4C991917230FB61F9AEE18
310
3A40AB9108D032449FD1A7283DD25ED15360EF7EA9303EDDC0043403531EDEAB10DFF87F5E2FD56DF0F1B701A9F614DB17FA0E0EDF6FD0B1622A81FA3D1DE5A33F551930335C353A87F9AB05C60455193448246944A232C5D07636D864CDD7A50D0B4440CDCC465D1C418321F50E1648D500294065D869559EF3C40C8FCC6C
310
323E989AD0F0C73142480B200842802C061008B480A9954AF282052B3AF67350FD0DD30D1F4075AC303A5D490250F5400ACF479656861E4C77AFF327F3EBECA4B57B6B6C8FF62602BF150744656A87DABD7BC6BED50527B2120C001A0B3718C74F0C65CD34F275164D7968148DDF259AB8AD6CA81CDA4E8819509B996A7F64
310
2D987A401A2B04018C01E6C169A8700F9DE3B489DB2BC49C9B7B858A4F50D22AE15428FCA4A1EDB20C83492690CFE361CC7F8C8066FFD0D77AEE797977F468A36E0B0DFC87F90EE6348BC748F7CB73B5B9DD5C6EE7AB19ADBF6DF359F1DC2A0F9E44F213F8041F64274C0859A2AB7C37440FEDDD2F95BE44065F22067E3EA0
310
CC3BD8C0D8194EAB291CCEE20B9CD8E02950AD806080047A279F19024C837C848816719AC4A34DF8F0706CED904E8185753A458A27E4C1E37B5F30A104932BE140E0BF4E400160F320B054A8705042FFC47B4940810173F9C9E97240C7FCC3F3813EA239B745DE9F1B1F3FC2F9330374DBD1A7B475923F9A2ED81716D18D1B
310
577DAAB9D1A0458655AD3CA7E211867AE7C702DCACCD291E0F798013DC01BC326087775C0833E04EA3778FBCB8DA4687A0255CA0AD210C15661E4E92001A4449031D1DD27D327334BE830B64DAD90CBF537A45FBD4E94A7A88888E715B7E74FCD040E818BDC1BF5AC609CCCC015DED23877080FCDC47BD8EF3A7B783A17D33
310
F3ADEB6D6BC7AD75EA7C7852C5B6FDADA6AFEFC2D181C03F8C40DD8A4AB5024F0B72E34B57BC1182472DC80946789AFB711DB7F1193C03C893B0345F420246114D3EA71D04FBA731C0DAB0D3CD311B218F0D5A15ECC105D02F3AC32F13600084731A83220040019B03180634B5923D438300B05BAC80881F061095FED5D572
310
A3323ABD83F1D37A2301A8C930AB3F66ADF7CBEFED30BAAD7D78A06DEB6A87F15491F5AB7E25842B6B34BEFC12C8A159F187C64B3CBD2356DE5FBAB98BBE9583F0E3280C0076DA15BF34C15238145742B07080B1EFB83382F9FEF2239D003541041083C5AF9EF3C8944DC2030BC3ADEDDD9D27475800693049E05413BFB3FE
310
B4308731512F13400D06F813368A0101D8D863EB3E75FCCADED124F532AD3F123F131AB46A93DF1ECE7F96CE9EB6C365C6D6A07EEC461FC919FE288AF7AE1A7D012D291EB073735FF26BBB1C99FB706E972192819B7A34BF22424BEA1CC7958AC2E04BFC8E02DB90A4A1DD04811ACDBC181037864672C78F6C0EC3073A40CC
310
49D5E813593B7002763BC6A909D31AC86F3F6E335C9E1C309BC58F16418642E2AF6B290A34FEDC0CFEE08FCA0F56700699CB73B9C99302AA17BD516D7F1FD755A2B32B3FBE7134D3BEC813195BD355020A7DBB541539CD2C06E45F46FC0EE08293E6C0E1972176D9B678340AA1A4823404EF79B1E2347E47C35D0A2260730E
310
0B513025DC0BD1C07E3366E9B9D17F767405FB531070700035618606F0B40C73C974CFD321B0C174A80C0F3AA54945FFEF348F5488895713E89B5C98DA501E06D8D24FF04FF0CD7ECD7BAA755A854EC6A180AD13BE094E8D5D63BFD6DFA5F5D3E4DB1BA18FD8473DC6E17FFC9832B71A2A94D96E808BB53F9192955D62C82E
310
282B05168AA0927D54AB20A20A74800B7CC9655C8B15F62377CA4C91641F9F4D0478F4FEFDCE273A002CC0A725EC165CE3A149F0333E8E9600B2C05A7D15FD831F0938DBE5D0FF13E3C0F0765965A0961C3FA86DEEB0E28304747BFBA5FCDEE44C23544F7BB7BF7A132DDE34F99E44EC3FEEAE92F667A10F7E90B0E8C6442D
310
F5A5318B0F816311DB2E6DC6F172C363FC800EE09186BB9EC82A24C0117700CD884AA42023B81EA6E0CF8B3056411110D78606EBC5AD5417B45BCC8E61EA01C4006AC233933E35D860BC1B6CB9C9CCCE7840D2E0C1C1FFC11CCE54D59300F2B47D66A10F09D8E24B71B9BDDF98FB62A3B897C53EC88D16D1FFE8C649B17BB8
310
E760EB20B784F52F992544753F2CBF642CD3C9C70D8722C197142C567E74FB431EE248A8F3FC00377F5142144A82FFC28AC2970A780C85A7EE9146FA4B2981F3C93BCB0F3FBCB6DD3DE69C72B6073B99140DE28B8E919D9D9E7C2F5FA99FC1FFD07E9AC0965CDAEA0A945FADE52C791EA989E8E7A21A355FB37E44405D171B
310
98A6E946DB26AE71DBD01FEF07FD378F5B4B518724481820890E7486E3FCE61A60E096D577701890EE07CA5D7F2B086040749FCEF3F81972E510A86359C9BB579883035887542090614E5C4461705D7CA1CF84DB564838606CF1597E8119790D021080C935A908324EDE9F60A04B7830A33F0670CB08605B8D01BF9A3D4356
310
93FAB4FD84EF6754930640C1F9D74B052A7ABBA9F502B39DA3BF6BC7514EA4BEC71D752BFDC198EDA8DFE8F32B3EF811E4576B0A2074B99B070A069F60173E7427BDF285024E35A4418B7A412914F2800F1965C4F1120A2D5D2C64400563D5942044807BE7C738EBF3034C4A6F4D70C04ED1F97673C039FABC4CFF18866E08
310
200BB66BDC9CCDCC3FFD1E43BEFC52C317F0F5E64900FBFCDA4DEE68768FFF46350E0EDADB7B34DBBEDE3776BC55599AF84E312229F931E700D04478D66A0D88D09B2276141AF0F8811C5F8067DC04C0F90929F7F1AC9CCD368488AFB965C97B855A3E2E93AE5B4866502E55991B82D4388614F2C36B8484A5FA06E3EFFA98
310
4A6AF17D5C2073299D9F12FD63826F67FC460E54030981684E9FBFC22009A3006962285FDF4FC84B699FB5BEF3736C6072F6844C15EDF25883037DE6BB7AFAD6AE164B367812FA8CFCA6FA25725D99AEC5C6EDEEC64ADDA2BE0056002032E1D7A20A54CF444E360D520A5B69816C0A953CE0434A8A898BF18E2B704588C01B
310
DB2133342F5404FEE698957C200EF54E31BE6DF4E888C9C67F5F3F1B41F922777E7FA6332677C20098C59F762F5DFE4A23F9801A3BB6F8A4F66E0D40EC867E92DEFCE84C714FC7CE8DD3DD3BDBF9C781B1C3B549FAD2C89D711808CAB100E09700BB85240374A7209212F320CA577222A7020E7824500179FC7096C714884B
310
DFD9499E027ABEB3CB0226CD293CAE6E0C41A6788F396606A073E28CBE5CC67D584D36CA39D37974FE1023253E3FFB007A26F657FFC901D851130DDC2BF54884F20D5D40A0B7E5C7BCC7CC87B84F2ED820192CCE1AABA1FF24ADBE1D03635B5B3B53D4A5F84120125FADC36A0E792D3AD7E255792CD5241A4C84171F110409
310
0017DA493D0A7790A7BDE6DF326180398E4B0DEADA5C2763825E43E05C388E184678C88CE6422606C017F030366981353DF03A753DBF6370879F79889DD0BF75408724DB53C5B0063AB6568D02DC47AE4627B58D7E367A6000267E7840C23A0940B992DB98ED1C4731B4FB4DCFB6D3EAFB6CAC7646F0335C5031888CD74E21
310
03380260AD47176D703960230370FBBF28813524C17FFFBD6288BB28E4F905ADB4A788B40B4A6201C1878BED224DE9906C4C79EF32EE679B9F5D3B5DFA137327320643909A823F62106CB8F9BFE4BFEAFF0FC7A6393EC7F64A698EFF8ACE31BA05ECE6DAB6DF124118D1D13F892F3D3530602E3F3ED3D59DFB821ECFA3D9AE
310
85B1ADAB9E328DE738BF55D5DFD039445AE76D0194180F57B15BEE5F09C07F952F9A10372BC894CF7DA12CF6507E2A8916E0DF430C519485C55D61EFE209912D8C32866214E121611E22A0B1238DB18E86636A3BFAFD5B4EE02FF1E505F902BDF424D0516907BFC95EF3A76B6B3872769D67E25B548F0DA46E2B93DFDFD5F2
310
B9E9EEE1EE1DCC7FBE6380DFBF38A165CAC73DF912AD76A4690D2B766A3EB4AFA2D05BE543EA20B095FB17AE3F1928D84482049B659E671A4763CFA567C08824913D37F2F92F841FC244085C1681225C04AD6DE1684831682CE0D6096B56101C0D4FB3A1BD3F11FC1105AECF5660BD3FEEDF162B0D9DEC6DB55AF27FC98050
310
BDDEDFF63ED14B01336053A19DE9AEF5F5D9E9D9F9E19ECDADCD497BCC57681922F327EB41FF681E17C1921B04FBAE371AC69E53F98183E91B84897A5DB164158BD1D12FF6F6BEF0E02847727BF2628F9FD48B6FB11DF6928C868B29590A0606F92140D0C08850DAA7DD8A5FE8A50389F61288AEB743E9C801BB67DBE0A7F6
310
4F63BC87770FDF57AA73FE1F5A84F8DD3AADDFC32087FBC0A7D645C327B97D65E7A8BBA76DFD9BCEE1B1CDE3F5F7CE4E6DF4013ECD7CB60BD1239E8A4E9A5722AD9C4FAC8F7FF17B214AF8801950430639A08E3ABD05A0D94E253BD5951C885B0CE750309070555FF21F2EF83FF53F4E15038B8D8A244740A5C9CBC120043D
310
A0B323FB1DA0A4EDA268C05A304619505000BE10415DE898809DB6B66896E60AE347ED3D6DC707CB7D5B5BC374A158EDC343D0EA61C217D4878CBBDC1D85686782C3CF4272E7DCFB5E9EF628F5A95AC1AC0C6848F5771329EF8DF2BB79EFEDEC8DBEC72EB7F245287FD4B31008AB38EA4D52F2BF57167159E3004CD8950E21
310
7DDD6F699FC763E9D1A0AECC701F7BD4430A3E030374066938F883C01DE40E7DAFD609345E33570F4CE6BE467FBD7F793B5AF2A9D331D86DBA7BF98067918F9FCDD609A0384B523F4413B574B818C6889FAEFC5E7B8F90CEFD62BC2C85B2478D54DD076635BE434FCADE68B3ECF1C8708E27863DBEC352D87BCC7A92A8E135
310
700CDE65BC114026DE5DB68275E656D2C0D4087293D43BB4C9C14EA83C0D806783B40DD7CD4F19EE9F33801F55A3F1FD600017A6CD5DE607783D5F74E34680E7DAB98D99F6E5B5ABC7F7DF19D8278322F6A97FDB2FADE1539BD945DDF868EE2B8B70D9EDAA45D1BB0A5801198CF1DA891540474745BF0317F8A3703E02510A
310
E94B084221F887FE950272D62D4232781054A87C58D015CD45EBF9B70E60820A2056E9D4D619E8494BBFA68B61EBDD8CF52CCBA124BACD4A4077E8420A7F36FCDAF661E577B792A7E1B7E337C7CF1FDEBB3B49F501F3C7366C1730E793F51FA20A9C3D2E9F18E63DC277449054CEADA36DA0807467D45F8A744E1BDED725A0
310
33868703F1392BBE221158220588F30574A0B0893D0515B0B7C404AD0E7F40C11D504C49BD7DA39A85A19CD7357DFC966E5D92272FF06D59CA5A6A1C8AE30E52F1247C1F1D78F81887F9F3E387075B170F9F5EEE4A7F5BFC69DF02FD8795FCFFAB472E7C88D563DA514861B85BD41594A75F5E866BE69471110A9F75C8609C
310
7E6BF6C7C727431EE3E9E3773D2378C25226E82C08104A57ED273FE0921D6990E02B006BD038263BA360355E8DC446A380F0BA35FA9945A80CF60DFD54054202F91897C241C147D59F8E0FC67CD0F2BF377A3463F8BBBABCFBD6833C57E214AC3F5AE9C2FDE88852968F20337972C7E04EE5658223008AE82D93BC37D8DDD9
310
00BD6B16EF221F0D4149045D740A8A215D4FC186C658E01994B8CCD317465828704BB630DA2243B3B4ADD3EA554A97408454148C04A1A0CAAC2E04033C04073851F54380E0BF2DFFA43FAD3D6B574F2E1E5EF6E5F4FEFBD1CA87C161FCBCF5C7AAE2F726F814027BAE10F79BC3D765D61D1803952210A9AA07F8C6BB2105B6
310
1145B324F96014EF223D4A9261080239F03FF6F4DD4975C183B887E081F7A467A25EAA0C94028FEB808637768B07400A8235D4EF33143253198900E079E3FACB0C59B00F827A5785A6FFE2FCF0C0E6F1714F11CDE5140D931D707950631F3DE877F300002000494441540ADFB08704E252AADE1BD4E8DF55796A32B9B6F177
310
37C67702E5C638682737286CB0E0A89B624D5BF28222432848C9AB8C07170C97B814FF492A61072407D638006F7C8400860444C01B1930A522788045633DFA9507267A3A42BA05925BAD705CDD3792FA23C1075C6EE768A673919EB6C3FCFE7629B7310AA794CC9C0D14A1FB88F95C845BF22543F57996E0B26C9E4C2ADF18
310
7F979F8A55F11B47BC26594C52588518D25E6C2B1CCED231EA1B748F093E5726A21A54C91EF95789041030C20FD5AD68613432E19A4D0DA2505B6BD843516E10BB00AF9AC315EE9FDB39CC1F9EA59CD88F9CD071D470C86C4647FDEDDBB1CDAB81DA94034747A779F4CED497CFF817348F69F52E55490840E48840BA72DB71
310
F3E84F6DA2F4717AA928F153DA6E4C7E8E00363CEC9A2E1C8E65F298FC4A52F087FCDEE5CBA38A80CBE11FF7BC2AFF249203FFAB77A128A001B1987BD334AD9B901890A8C2005B6B248196AD09C0025ED841325B31845032E327C531C839E66DBAB39566B631C2FF0A1DA5A3CC47E665AD8751B47CFE33899DF047C9F3C365
310
E3B11278D49DF939298E09002F6430F9958803309827A7C791048CA070061B7E9A64C557D235F83EE24822E5EAB805F9862F20FC58F483DC0EF02181F572930205107E00E523861895A2811309808F2B6C14B2AA579E893753C155D2F54302007E9FF36AC5FEDBCAD47E182D91A73920CFA5C18E01F8FFF4C3F1FF553BCAD0
310
E58DEF85DD63B91BE38ECE1A9FFC4AD4A1FBA30D462C328C5A0340DFD393D3D3D3C0659195C96990F391EFF4175213BC74C020922D4830FE215E76940962BC0713A3B82784C0CB6623DC40D6E1485BAD454F6892200B225096127FBD82D2B12006BAE2E329C771E25FEBC0DAB3B5395289D56D7A8A89081B34EE06F80F819E
310
FE75C67DEEE95D227E283FE98A7B9F1C97D2D05B4D07A469153C3DA3048EA68FA667A6D90E291C7D7E2D063E4D044964D055F2DBF3E31BB851AE9F78A0A7314F0AD24901F581D74A6929142039C65AF5830D1C809536CDC05E4BA51038F79D713DA930CF18BA3010E385351CF47F74D439BCBC793556A1F99814926AF12835
310
E251C59BEA3C083EC2B2760FEBDF4304C9EB87B35769E1EB24B648542CFA4EBA9EF93CD42F03C08F249A2C98897D8E2225E90077823F4A52171A61219998CED6FA050992B6B0A74A2220ED12123004FB977084208F8E2AFC80F456CB110BCA647A3A0F854085D84FE0052BE31FFE7F925610BAFEC06FC33F9931BF063F39DB
310
3D1BB20EE357F594045F4226131578582CB055A59A073AE0413989D215019B6EB8A21CF154D71164E0D8F4E730C2CD382D098DA5261456A425643686BC8301710F2C50665881399156AA2B4C3191BC555728384800CE10040F746A3D8A80A5F0E500A93456FEC52833BBB45203DACCA37FE1D3EE4B9BF0EC27ED47D89B8266
310
F11EA2DB8B5A8BB93EAEDF0C06B7AD0402B9EAC6E787365535AF19F15158308A9D9785C1BC1C01377F8C6B4D07B50DAD25649764A91DC9812C7B34CA98184084F7C01055466B48058CD44085AF26648520C85C41C67805462D8425680425559F4440F3ABBE1F3F81B1EC72708767DDC8FFB6465796C8FE310FEABE0C9B242A
310
74137EC3E0427091967023299BE5D6D4D0C6D15747DC2AEA4ECC57C72856E827D33CBD319D70FF854369EB841282F84B7CA4881447ACFCB257E252E00FBB3272120A75B99119840858486615636E0E0334031AAA8C08A62E080053A0AAA4158431EC727A084021D41CF5D630C94184F6FE7432E8F5F9A4FCDF3EA7CF136FC2
310
988093F98ED622E38E4976E1BF0CF49D2889E6DF3566719FE1F9B47A2D3BF89C69155DCF24F88C609EE551160F0415900B4C48FB013D8900A9192A700748002924771A3686A0A580FE4009E00ACC090253E280B90AC15048E047020483A038A60ED232831F2CC90498648690D960C48E439F18F4DDBEB0B6F5AC7B7B89F623
310
0243B4FA160A7B9327F3AD5D937C8BFFE5FF8B3A5E64283BEF8EAB9F71159514CFED62DBC880614AA1F7994CCFAE7D8C87057F451733699B8DF87056E1F0654B5021E38097E4E23221B810DE20559AD183A61C2C88A648DB096081E9801CA00BC1DA0124E08DAAC15FD2936905CA8DA1C40E42B13F1764E0C4015EAD7F8BFE
310
C99A310B1B7C0BCC7746D3C0702759C89EAD57122092122D1F857067684A578F1DAB7EAC400841F493A468113282FFE42316CC74C756B1C880FE78795C692813CF4644480EE9B02991BCA257A71861F00666D9410288487618D120D0E80D7773E2B7DD180E100EC98B221C94BFC4FF531A09B986230F1CD08378A8E4D0FDD7
310
D9B1BC75F5C12EAD7FF83F3ED19EB018620303C217A6A35D826E72ABF2D8E2BB1B783F6E48D2E3F360806E1D192085D022103473A10375B63853EC54F500B5B064DBC20945B88160DCF7E4F83A0200BF6FAEAC88E9F54D22D898E43F378D20B51B5D6B1457000922202800DD401A9266483029C0D6D57ED80D42A0E6E08835
310
F0F3AC73D7FAE6D56185F04FC44472B854EB7D9CBF7134DF3DDC35A9F6B38417DD6F508B37C1A718B0D054124176F7222F62DFB327F34D451799D56216880193254FF782D7DDE26C271BF38C6E422E271CE4AB8823C9510F021126A7A944E00DB4031D013C88EA0746C96D4574069BD5439C4110403B40020C30B07A604F1E
310
41D19C21A93FD9002DFC35F23B1E7B98E95E38387E3603FE7393680410D702FF9ED5A3C5E5CE68B5827D721FA78F3A9A0C08A79722D9C9B418F46C0057BB1640C70AA4A03D29CECF33987596D53CFB27B32C3BE304C540E14BF8464E080918268D254838C91A01F0FFB99154FD8A9C0495EAA6534A6C464440B4A71E16100E
310
7405088122A35F7A511DC003D002E6C8E7E15F6D1D2FD09014139EC11FDC89394621F77B9F88EB5A583C41E2FEDBC8F82334494C0BFA97FF3C3A34ADE60385B60E5A30CF036E5E75370BE3B83AE73B3B7DC0BB337DA0045299ED0C66681E4AE223D01B1BC3BD4C921E2005FEB5114739040758189BA8A320067B62A3995E47
310
20055065AC2B4A8006BF8CFCC907C0063EACE41813C5F017065AD46CFDC6FF1BFEE052932CA3478C8E5A6F25DC8503D40F61FC1B047E4DFFE8E84407C81F1AC7B5C79DA358551CD0D13785A9AEB38D6EB68A0A8087FC6543E7471082873CDCE5CBEA1EFC5CC0579469E225428E9A43D6A6000B4219DE52E8DF00A55F4BF503
310
5960661C2DB88AC1F67C2890A93FC420193C8326409E7B595FBBBA9AE1D1511B3F6D65B09AC10A71C2317201A603E88C56CC68C91279E83F5C147787EFE6C675F00941D23EF092920330982DF38C65EDFCA89DA98E8ADDECCD77CB86D85118F3DD9884820B1128010D02F1060F582871CC8FF42024C02239273A1CC3BF71E7
310
70DFB7E96081682803188118B50310BD620234F230B12711B063E0F0490FCDA9248B580D3D3DE944A30CFCF2A1E0F6E59E8FBEA289CCCC943785BB8880ADA9C2FD70F6A13F5418444E3A669273C006C4B4EEEC067827539FFBEA9CFF04D84E7F170480037005AAC8829084329899F90B5E013927F8E646514B4824B01D11F7
310
2C012CEACD163B6358A4454A4221D06E68A71062520649BF9E9127D0772D6E5EADED52FF216BC2FC513C7D3C5CC4C8AF009811826AE20203B076A2AA66D8D32E317DEE0EFC000FCE16D9E0BEB17C74AB009256C5D8AD1CBABBDA61402612C675FBD72D07E633B1A42F2421208CE01397560811204306617A5141706105C9F4
310
984C459F2D0F6C392FA05BED808512B0B9A8A9FC6CED89640EA347D31F0DF76D3D9E61E800FE9F7601BE4C9614A1C58E6C839F13A12D0EB426DE6386B82369A9E6A7F1F9146EB578A2EF4289AA109B4F6CEFEC0463E0072A05CC9DEDEDFE08407B173B8AA65399C80B2911252E6290C82CC1B8909140C11B7AE161B42B9390
310
5045D017E00CED6D27AAA15F2C2179F1E83D411A7020B9408D202381E7E5DEE5A9E7E5CDE3B186433F488AC81554BEC09BC579018ADD1DCB3D9D70F02B14BF9159A4DA376225FE43DA224FED327941705DA582B2FD1BB5DC0540667B650BECDD1D5DDFB0C7F36DEE2B94F6EE2EE4E426F20A1174C31DF153321A24114C4FFF
310
25E505475F6906D4149B21F1BD9D9DF7B059F8E0FD83323CB97991FE80EE131A9003B81C491B218B1D42C0C0D593D9D548003839DC29A740298B0C23F0CE14BB167BD61989AEF0B985C8FAC8F923A73F31953989F0F6C96CA6C4D0A9A88184BEDBBBDA3BBADE77CD8E2FFEDEEF46184A86671D7DDC51417477BE9F04804F30
310
5AC82C2D018A21EA903866A0F959FBD4139916D036635EE03DDB7408BCF0627A03027AD314C09B0A27F0A79490D53839D0DAF1416995CAB24101FA63F75029D57A4CBBA9FB4D120ADB17FB5A999FC9420DFE04FA670430B90FE7F589F7FE8D50A4B5F004CE5F07EB4EA007F8AEAE8E8EF7DB3BE2F81F42166C7246FA9E62D0
310
2C8209BA1024414C483498B50229FD923F2414040B2081390AAC353B5283EADA12A30B1080866D746B9ABF5BC107F33C2A015B275480759334B83AB02175EFD0DEC785DFC505E0064F4EBA5A97073A74C5C9FEC97BD25D819E28AEE661FD2732B8BBFB1BF13441B3C1F45E8AC1752BBF80C113DE960E0AC7D9D02C58C80505
310
A19BA0E84B14402601A590A4AE00A825E98C3212342302EE10FC5100681F86834A2804BC409D70270A2091DCE874B16BE0706C974EB3D26EFEDFFCA6C4579AA4DB781708469F055532A7046C6BEB0CF39F3ED2EC4FBCA3D00EA91CA68FD2B87B5C191E0EB2C300F00A1C9881F263571C6CFD83D079D09F176FAD839340CF03
310
0F70458F81F09AEE1329505150CA0A00576B56C06D58070B23086F685E44232D9D53DE3FC3731044F286D19F459351863F749F1104198D6E14BBC68E17CAE70D7AFD958E350BEBBC70C9C4DFBA075240DA27D40AD7DB063A097DD3F041EDB3E4B682A7A12A548F3393DB01945547175879989302521EEB1431B08759B632B1
310
74E0F700E774FCA1BB83F95029ED1A084288C8893520E49415E00DA080AE8027C34206D35491D050A4C6B080F6A20889A2FF82379AB6234F6710C05F9080ADF002B9C9F9C583AB220F45D618D7E7F7547FB27CED8A8B7A7D24EDA4988B0C1C2A1AFB53FDC61BF3DE50D63C560F0120B0372F0839DDDAF13E583B868717C1CB
310
8CC71D1D7F440CC82184803144196EFD58BBE00B7EE77DE8C015942357FB06FC906A5E2B8882CCF9FFE184B0035A5CF186A962A63F84B3AAEE3D5A2C830008807568B6A9F424086D2095A3E262DBF124350082C4B5DF4704A9D2C93553DE47BD6766B69349610716999FA25854F759CA9792599D3837ACF6247CE8597B0F96
310
0FA3EC45B61715050260C5844FCCFEC9666BC71F875B17E3BCB4CB151405D7D08F846B4CB952248B4603CC402B609E90F0044A007FA800EC46D07A51232B00E5683C55D5096E1374DA4FCBBDE2C25A5B8D26008227CA7758033D7D70DF12CAF7F247939F93F1CC63047D63ADA0B7CC8771B234D8095FCDB577B586D1834062
310
035670E204B245EC093FCBE15626C10D210CB38A13F50E10A0D5C0814B0C4B30AA9858516001669002229618F100767AA3D6D2528595FE7A398C2D2300ED0013A0AE60B91644A057327BD3C36BEBF48C91279B45F8BD145494674AFB211A91977CB838DF35DCB3D6D6AA2FB2784B591ED785DFD7DB77747DAC9D2F7674810E
310
FC2895F9ED8007EC7885101679C06F21E4B1C8A6120956F80518D1DAF1717BEBFB5803E20C6F2A11B2E48AFF4AD2810A70054623E341B3D1ACD92DA91150DE631EEB2C28882D092049C0DD38E262A7BD6F98549930C9D44B7C37028AEA9F8C5628A2BEF5704C0DCB2B428181B1BE766F43014498D2E57791E4C8DA6BD2ABF5
310
003F0C40202E2E32EDFB02852D16C30B7F646B98FDF86C7891690043128B0A0DE6B4EA27F08C30CA34C9D0AA0852A5997F8D11A6EE84E040B20472020256F4AFEBBB74E6705A12083B249089218E6452C8E5A69717E904A3F5EF3D5D08EC1F4D4E85086B238CFFC11AB9AE972CB775616C6D1DE04DDF073B4DE3747C41FBAE
310
6072901CAD0237100670C5A00C2C3CE063610ED824826C1F6650700E88C00B62468903A0D71D3A390255AD7040048348C56C4647413C2C2561216E0C469203EF06A5B101AD40D0E207F78B124747DB5B4BBB4E88B1C373C114E0470B345156EDDBCE1B4DBDF81DBC400746B0B54E05F693707B89A5E430982C2AC7D10DFF11
310
D5B102B9505034B35D07E8E5F585757F088B390F2D4C85CF7218E8418BB4F25B885053D07D5A908326809F31D6CC6B77CC948413B28664484439D118DBAC27DB5AC40C1AD166F25E6A2F0AE82100C0BF220405323E1FF80DFC518CACA8DE1003F3C9FAE9C7B2D60703A0004F8EAEAD2DE0F5485452D15B77B4B67F4C2403B8
310
D8F9C533558ADE058A9E177A1698F75DC0EB4C800F74C0270178C8579C1FACD025F0560844502D2BBC01E620030CB93636C1041636A693949CD80139FD15BE107F905590A292840F8860706D07E2970A2F15E5B13B87C3143CB2930374CC46A6F9B9D7A5CCCC14E11B9E879A49FBE27ADBD6DA82410FBB94FAA8487D61B51F
310
4BE0A03FD08743C31020D6628ED20305A22C2C2FAFA7ED1E7881C438AA5B9035F20759E243C51F34D0D5F02F11403B9E204CC1686C0B6C9000470561519CBE1B0E4FBEAB37A39EE4B84C05F023858779341991F36D9D9F351E7BB3B5ADF00148D9D05784F9AD8B037D48C01BFA83D4247F03BB768BEEF973A14E610090D4B9
310
6B1EEC5C5E66928F28EBEB6CF578B067DD83086081579848E60DFC7684044D8174993C39F886043481F6A2B743B18749E52447CD4D230513032D20D20206E536E15BCF7B7D211634F98FF9986287F33F9A94615A5A0A7CACF8DF5DCC1AC6EF9AF1945EB78E0A2FED1DA2ACC00EF983F9A012260BD722EF61C9DBCDD8719703
310
ECF839029010CA0B9F100B1D2842153E01A1A3837AB579516A31982FD2908A09100DAE591016CBCD4B011A2F4DE299E1338CE065DC4841BF9895D8C81714800CD08F5AD39601BC929B55D291F6CDCEF2AB40DD5D98F4E6F107C47AEE4A09A079C05316F479DAF4C2BAB83221BCC0CE23FE3D3D4C7BC9AB673D89A3677D6020
310
F6E182332028012FA0FBE0B2668FB85485902A8E7FA0BA2105C213E20BC2169211A4BABA7D693C3F1DA961F203694853137073AD5CD25F1C017DE0477626D7BA55B88F83B5EE513C41D814639FD1BF759171F4577D3CAB0C3DFF68B2D3B1F8478C18F67BEBB2598FA76A4545E9E961BACF657E0791D2373030E0EC9FAEDD17
310
BEA7703A738185D08236C407448A4CB504CBF01FF43859D3115488EA01B55078000DF085911805790DE1B41B6F8CB2889C3834FE02AFE07D85143C6C008438A944EA63E047023A7EF37E13B0903AFEA7BBAB9579330FAFDAACD540022980B65A75FBA17D388F1E6576405CCE7032D95BDA420E7DC0EFA320879E5F8B3B04C1
310
D2D9C1114210C19FCC49DC6A855E12010184DB8968109ED016E4683CD552A36B3AFA13BFC2114068935A7E774CD2C7225642B73325938052D8634ABC18DC9442BF9E0402E85B42F9F3273672DA8E8F1070405D1DC3248487574CD98092B8B956E6AFE1566530B78FAE05B4A0DE51FBAF85DD075C7E11939F80E015A58D1F87
310
E400CFFD2306C4D1D3C634380A201545A92BE01F445800BE12302AB477BD6F62600D211232EB061448A0D2B877BB940D63D059C37E0569A83DE93E214F4BD86209FF6F479C640AFF8AF6D1BFD987D029A94DB7C329B4184D4BB013BF912FB88FEEF913071A8D82B651BC10DB067A7EC52FE1B421883144C00F64FA23A11CF7
310
08BF16CA59F18D4C04B8085964B2D8DA4A855187000BE440BC816FFB13374640B0EB1D0998AF38A1AEF503F14302E2811081FC12EA6CD38A63B33035125F40F170C0B0AA45E9FCA38FC6D688D48563B5C4B4B7C359D3C7AE0EFB16ACD5E2FAA47EF8307044B4EBE1C71E84E742D81431FB06B90B600B9C239E277A57C94C42
310
7EE10E7826980C0136600D916A06058CBE8604DB4D314FBC014EDAACD0820F14BF75449B70339490FE5A0491221BF95F949DF1235380E969AABDBE2D32EB4403D3FDF17F42F9A0A7C28ED75BE86BDB7C7EC80C76F86B8800F77B305EB88F00A4352E0F8089EF811EA02A3DF08F7DA008F803BE4B4EF5F41E56087099E92070
310
8C3D720916444440FDFA013D4E1201414123A09290F5BD7AB729298209C4306D007BB0829FD4EC3A6D7E4F00B67DF38CA0764F832F0448E58439B952CB4F70DF964AFA74CCFDBABBDF273E2FF4F56D3DBFF2A78D42FFF2755DF307066497F44062AADFC0CC546F6DCCFECECFA232E14F408F05477D311B683A35BC245FCF8A
310
5CD2AF20022C21022266905A5BCC8B20235D6FF04019CC04058AC80023662E25F342063165956320BE50370F2A657BACC817DDA3DDD3EFE04028645780A768FE38DBA88BF2EF3ADADFC7FEACA952E5A77568ECF0C971DF32BF1D24F8486B22A649EC81B1B60315CBEFC026091CA45F858D7D04C1B437079431E63E38F88075
310
8842E780A9E03791C0FAAFE10012588C3C592FE35461A6047802BA18686887023A422A49599399893103942CF6DA53A8E387825FA0678B261F139F801E2B17C901D0F5217E07AC2401A87D0480F753FBED44FE949C93A1D042B879FCE499B3D861AEB23F9C1F372F0C24D0B7D6E70FE1AAF60F84BAE642D82F0A9F53E22783
310
915518494FDBC0AFAE7DA282E5050B703570E06319A015E00D693A6BEFFAE493941C3B08C13B96BD20D0115A9565701DC58568A3009DA13E965765C03091F0FF339F7309D44F6E61F837F1B1FF920450EB8FC48F9B40158BE89C81A597CFB0DAF5F5755D3886DC13D4479599B583758CBF35663AA234F133F91D3BCCFCE0A7
310
94367F385C59B19431780F1C099131384056616E15A1563B50021D369C593FB292685A68A8B2A50A0A2085CF05434617E05FC24A6B077B990014421A68401AC4D65788EE25F737EB780D08A6E38F060F2ABD889E1B889C44852C2FF368C1E3E710D73B6589EA83F7417B341ADA1F639A23D15298F087AD0326410E116C3A1B
310
325218433C71AE62C07C1480F1C045629724A076A4BB8D622D24690486727F56108D07046DAB065000678E04C4F8C342DE27F4AC102D854F2D08D59B4ED0E4F697B0FF62F113646BC5B7F3131D4EA8BF8B265EA3F2026E7061B96F6DF3D993276B2180B8E57067587428579460551049049B074CF8B1066C7E14C705F0B392
310
98C0997C17F701097023BAC31081390196801FB0C2A12380042927503D5A01CA127F9841B460310639C674BC8CDF1A320501448E0068905B07F6E5602F8C1F07786253438CEC51AE61FDB25FF71B09893AC026A9EAE3F30F369F5D5EAEA5801FBAD3C98B38C13EE017B054F81A56F05259DBDA64FE270B1FC4C77200FE276F
310
E814B916E222575ED717A62A92956504605268408CFE13FD61F84252228376060206802B9550F00B9D47E6AF1022538A752CF4FFF1F5931384A9FF8700EDD4FFA2B93FCBFABB3EA6C607FF714B0B8B04EBBE83B52B246092AB018C0D0002FC490849F1E214AE6FC42009D6D86616C835B65DB9862EFC4480C14137603C3089
310
D0A5588FA27E693DD184131BA4E88C35045ACEF1CDE1A82323C20B842F2419604821196EE8185BC834AD44F8E9B7549A32900196E9ECBBE20FFB4706861AACADBBFD9B56A23FFD3AB8BFACC18B1B5AC0ECD7B6AE2E2E9CCD2BE8AF1B1BC3A813B94107E82DE67A42E7CC7D4A6116700B5B2EE3C338A09B840F07C40A64800D
310
7C605AC42B72227C4C7020AB1F20056E26F542717F56534261DE3766AC10A6ED2D006DD03BA9DBA507AE0510A8B385C92363B9154167F1230C40D76AF6F3BE0CA08F8BA2FFBBCEFB09D0986550E0F0EAE2F2780CDF850CB0F88CFC2815FE87BD83909F474F45DD47F1C821DB2107A8817FD45384F57891B65F2543D0C1E20A
310
89B4A8DF806862AC27C60F6A054627FD344250718AC0FA21CDC4E28DBF2650D1B39D8B8A420C348A4F846E2BE824BF8C45E1DB8EEB52F576F47A75FF95F90FCE0FD3A7A08D48D5B9AFBE3EA658E1676FE3372FB57F0AD8D70ED4AEBA3D4C2BE0AAF1C3AD63A6004D12900CFC481A47430C9EACB390038642C8C41B13303166
310
614210592736B8603AD4FAB17189DBB32F3915F0C380795A089A15228460BDE8E52203527D41B5470901B088D84FF8B3FE2BA7F4FD30ACAB3DE0B7E2FF95807AB0010FFDE3A048F7360F9F3FB9380EE537F16F8673131325D3351A3F664022020811A0FE8C019CA17370725CBFF64132025DA1BE2555102212E80A907FB43E
310
D80A991A8AAC183932C19AE17524B06590B6AD286EB99BAD18FF4BD64BAB519202F992A963648ED30E7521F909F090C0213E367A77D8836BEB6F34D92EDA624183070248351F1A079E5D3E7A9EE81F2CE6678F92E299EE312B6C0572C0A7B5EEE07853612403813152C7125E2022A20C18F855DBAFA399817FC97FB6E1CDCA
310
31D348434ACD0012F0D32A5456B4007E6E92D72B1A4E9971223A42C1042819E4049C0C5801300C0013FA48F8944FBAE71DAFC27F1826FA2304ECDF3F6C10FF47D5C7E49748DDD687DE8E91C09394EE0682A4F84CFD6067EEDF43E67EA46CB2F4070160439245F00343D03BF25D7E2F26FC400A896DBF19FB8D4D0A66DA669C
310
3D608F9CD048A0533621B25690EE19D5D15248E390F042B12C682511B02BFE3E5700E4C9A9B2107A8F45248FA48234FD23005ED1F4EFE80D1320836F04003BF42856D478D1DCA3ABEEE3C68F9F30C3A16E5C238EA5DE3FF37DACC2F8B7980033F47FAC34421EF0418A045394802CE032D61C70023D788136788613887C0011
310
A4EA316E005718AE191F8D0D841B9C679CD2FC478442D005429166F5A24403B1E6ACF3298F388B6D0BA933D92339D48969A5C11F09B4FF017A9900A4F887010C474717E10F36468032FF33F4AD610517777104CD920C3CD15FC5F3B3A0C75BBCA3B00F2724863C10BCD4A0E00736C7981F2F72E4B001438B99714FCFAF713A
310
2603BC710376A1715FC602022202E06FDEBBC680A3DF1C4C095A12C50B554FE7623B50374FB2129DDEA4C392C9188077658C87F55FF92FFA507FF03FC8DFD3F31BDAB46DD51AEB03F7E1B38B8B87CFF47EA1479C3EBAD5C6B382C221C0F1B358B39D76D9D3142C4A20935F541E492E0EF081BA41B3620A8E172B584EA14856
310
32E22A8221CEDAC6110AFA4B6D43E2B76A18AB240BB24337721C9321D2C033B2D3E2641A55A400A28403C12D1DADE39AD23FC5FC08C47A64DC3FF6DFF76B5235124022D7E6D6D5F3CB870F9F31C96FE477FAFE54100068A3A87FA5908A2C08011CF31309C10025B089FEF9C510522B8DC07C30AA469841723A10C08E27F00F
310
7FBC181C083F2809EC3B2B328E294AEAD5A071B3A95C81D2DE3F930372D022C9C793535B92FDAD5426E90490C3C81D000017C6494441544698C416520C1C40C71FC204B22448FD9303782FBA67089A1A7D4CE38E89050FEF5F1E078A4DCCFADA058032C34C1CBC2E1202B1F8962B1A8024F0EB7A11F209E96FB369D4B64202
310
FE7BA230AD24C46413536EAE955B341B726C593B5D4630C0BE822480908522B0D85430230352618DCD4F7BA6D568BF4343801480006658EA3EDCBFFA9702B4FDE9022163C43F9B72B58001A23FCE6F0B3FF0E4E1DDFB9801A6FC42FD0132CC1F2224F89933107AD30B6C9131A53818AE944BE25A70810821C38F098411980E
310
46D108F483DC63F49B91B852351604091D60546702F58A3872A1716411B642C7629C267E64E77719F46B0548FD6BFFFC86A38DBFADFCDF700228C124C8664FAA02BFB1F92B09800876FCE4F2D1C3FB4FD0A44E0106A8DB8079751CBF0BD9340066C3D52BC64706467C05B5A54401BE4A1B0132A55EAC1CCCB10D378A3DFEB9
310
812022327745EF2102886A9142C812A1A2C9708027BB55B7006357459F9C2080E0BC34489FC629510F3017B62D5073E2A2C64048A0A42580E413BA9E08274091A398EA80B5BF31C87BF5ECF8F1C5DDFB4F22AAC181F070AAFDDAE5650C4000516440D8806786D874215149E69ABEC43FF0EFC820FEA112B0522003C84BE03F
310
B76623513B6D840820358B084119B0CEC8C00AE888826339A54091F5FCA513AFE147975BB1A86FC50618D9D74502F0C7C8815AA306602FEE3A5E79E0D7DED1B221001118B73182CD439A092FF801105D1AA14E1918EC282F6260869D55108065988BD67F68E5581720A708051F7C8070F582389C682BE53F2AFD85853F2A01
310
3D21564028E06E79B7A71E43212180A81541EBC88F451E02385100491AB0C4A3BC5309A95911E66D04C0B448366988ECD204C2FC930F8CEE8FA410EE4C25B58DD1B6EBAD83F6196670F7DE635282C0A56A851AB035831725F0471A10FE52097089C80495804100318405F0DFC2136004B4C40705EC9154315129205EC35793
310
0035688F61AC02188250CFA9A980233925F16A117A48CA54DAB6400221976B75D863330942E20EE3B00B08FBB71AA813B0E502FD2B023DF70114E0D7DF2E2EEEDE7B789504200112075478F2FBD6897835C91F0C20782401E801A2F9142700B74805703426023A81CC0BE88B537D0003E0C5181D29EB8D83050964DD258091
310
0A1E7A8138F76253DC01DC2F3824391AD748276C0B0CDF12366625D038603D0003E0266CB42704C8CE7FA7F11B4D59C0BF454A78F8FCF1E50513715D469607031272358F04E0003C90107223A581218F10008B10247CD20D860FF0BF48801040B361808148714764028EAC137E871501EFDD97C89B52107FF1235B0928C562
310
530082573CE137840EFEF82A0BDC602736C595912FBEC69E6A3A26903B3A300C5A098A9E3F1810CDFFBA019D97B4E7A7A075850F2E92569BD960CA7B8304995FD006FC4213BB1448A6F4BFBB3A9F9FC4962D0A1369129B10073771FEDA38B1737B663A71C088D8848027FC3008DAC4E4397A6F76271DFFFCF77D6BD7F1F67D
310
A51E0E08875A6BAFBD6BD7AE52CC04A0B4A2206F650EC412841A48258258E8662C3838FBE21E25172C2A15A4F78D82DCF68A005DCF07047C183E1CE47731BBCCB5469D9169E0D588945BEB637E87802A03D88FB82486210D28FB3B858D13DC7CE75F5E6F3B03C1744D30CC58C7C7A256146853A05243060B850072A7010CA4
310
7CFBF9A1E24F414037B8781E8E9F219A774B36481CB43E48A79819D638C8760D672FAC19FB9D3FC5EA9158DBD0159C27860409682E8FF2595652FE189D2CC2D7C023E944158355806FC320087CC74116030CC376C559C098B93A041C5DDA48AF33827D2327DC761D19C17CC62780D82A170E6CE7415A5E7FE825E053048F88
310
D2AC2A561CA4D4C60098DA28EF1A01382772484698F60C8DD24BF396EA76260542810A625978C03580A9CAB91D10249BE579B0377A3DD15749A45F24C4D81FF3D7D7996F6A1690288008C0FF6CC186DA9D5FC95BB09B1301004B016E707FDFED306A1BE8FA208828F00BF342186839839F1F6FA338DC5A0200FF383DE92614
310
C03A4508DA18F4D85F9354F7E867AA77A42FF49BBE6757A1A7454448D0BFC3C220714FE43A3D8F1547BE10F0BC5A05985AC3C28829A06FE24CD062700601F4AF12AF99099B08E7071DC4626A97C920C3FF96E190C9D1FD7CB6163E800D79E5F3F10A9306C02B799E80F1AB380E0571A584C0370A220C3125000B500900D96F
310
EA40409F980E2083E4EDF4D8D2480AE5667222E020BCDAD4EF19682120818FE18EC7FD6AAD67C03F7DF1955E697456F517AC4F24700C30171C67E9168B109A4F60AFA60F98BE30941BF776DBC7C70792A2FBE98AAA97224F8BEA39B47BFD14A8CD03320DA2B676E3AA397E652E30A42CE2987B7DA1EF7F75242413800A04C0
310
270C62A13372400B435ACD84B8B5009208F5AC73EB149FFF3508E21C2201E0338BE07E50EB47E7FF6D97724A601028C5519073E7978EC88834410450E074DD58AD13A4900103A6444A9CB99103229F0EF8C0C78161EBC68137240734CDCFC349807851E0EB46CE864D2E405ED341B71A390CF2DE20CF5193189E1901E866D0
310
230409684B193D17E2928534D04240937D3C84477494FC5E0FE0B448E35AFC19007926C1C6A6E622FDB8A12E30993C6710E070397C4B26304C0AE38218D19F01FFB15BAE1C0E7E74DF75F2406E373C414E848FF8E500EFAF3C1029C9C0ADAB2313A7426CA9B2C1B9E30032C84EF31A09A88A386F136E8C2F1D582EA0459207
310
015F10F1F001F0B1B7DF7222011EA2001F00BFD36BAEE0850928B08C077030FE3806C880EAA74BCE0863A952812E6008B3A89199C1EE918AF96AF583F1A073B0A355B9D861AF1460DCFB3BFC6B7EFDC834B09700CBED3510E48DC7129041C991F06BA5006CA6B5B34EE21501374E8DFC910042036111EC9C7CFA1C05D48A72
310
70F7F835BF04A4194DA4CF76CEC66718C84CD020D04C412AC848F03E3C61A1C8D50D0EA6838A00376054D3DF61A0E393E1F8B058A6C994093476D601A4A06F0CFD3C0A6BFA910E75CC10400A80FDA93AC9B5EA4303F6C0D188B559086091CC5910137772E14F2376D03181B5CFE74C0EA38440D0AC256D6C4D104CE05302FC
310
C00B60B9CD4D71E08BD40C144A025E60D4C1F45FE846A2105D717EEA84808A5DD90A168E133640311CF05DD870768683F5D2F1800F485AEBE5CABD8FFA3C0BEB33702493AEB551B1EB035EF5C8E5757FA7832141F88E8578A363802B560007AF93D7D470B478C4D00B412D634C9140C4F9275C00DCE8DFE3C7F8C0AFBC5B2C
310
E82E3C3BDF393D4375D50C43CD1C17E3777CD2C170725B7B42B41DF15BFC344DAD089C1E9118522B4A2C60B794E4E8F33081BB7C8CFCEEA0B2015E49D586429C6C78646180B7710E06018A3082243C275F077FBE412C17DE80D3E6B9462C5204C5D980D1DF84A864401C483CD01B143F4A4868087A0F780F37230200A4FBF6
310
AED325114C367C22512750A5C7C3E32D545CE20A0904183BA10015DCAD89864B3E1EE97EBAE8B204266A48E010511838E2FE413FB116E60880C2D8440AC3880DDA6DF6618C138CF1CB2A09637E18D00F80CB0DC05322E31EADB8081C29410903F06BFCDF5AB46024E4A75828056440503C707856EF0C037623DD4922A400E8
310
A6BD75E4D2800905F18450A00CEE88860C8964C7B3F90F56528BA18F71CFBBBCD2D05797E168FC37DB26DBE0DD2EAEF39686C18440820013C1444055402A541400DD362A0A402F1FE51246404E098249FEE30708C10CA0B54601053159480C00BAA9B1223A773234FE72FD5C3BD81804D8D196FE3D5315A0C981D88D04FA01
310
DFC185CA93F9120E1F480B08063364A0A318F08DF95056E4C91F1150D31B011200383502E079EE43CC18603AE2F88FD139C802A739F208E88D06DC78267C448C27C4113C19B0F51B0E9C1C021CF8F9167C6B1F2E10E461002910105D1042792D1CA303F469714C018C23D72179E165049C40E801CB96CF334562E5807291D1
310
E0C70FE6CAD91656715F0E5C5E70F8D7F83290549B1BAA6F781D25180EBCA93EC84E72A74081CE3020789B3790E1A9E478E658C099BECFF01E530E80EC5FE31204ACFF70AF8177A03059240CD074978A002A878BF883FEEC81DD684E406CA630ACFDE87292822A11953710F000885D6F68A67ED40CD772B0828359B753F7CE
310
23D9479AB9845771B389D6A77130F8C134EFC83947392029B10E4425440A84AF0E54825228FC1634D369874739C837A9DDC83C20D320C36042610ECDFA750303710224D01202488012CA847424F8D53F78AB6BECE9B3B35A7F32396AC6B7444566327DBB4DF06FD9616744F4D3A397EB3B0A3FBA8D763702883ED742FE5CD2
310
4146D8E353ACCF811C806AE09914D8446E93840FF4D6C963FF32BFB6AB015D1D3B0C9A0968776F021F21404B6260CF84A14F35180CE20B5E85BDA2EC91FD5A7DBA7E5705F4F0F97AF26CE18E3BA078138202400A62930FA6CC7882F911A92F33E547E64990B0F27323D73B6222863F86425153FA8009361C675554C25382CE
310
148420C8DCC47A20122806CA178A0918C14CBD33440289078A00EC6070184CA9907FD0A1270478E0B325B67C2193694EDB7DD0F3C238447C8A11485562FB4902134E6AC952FD5320A4F7C780882DA9684285CD81D278C0E8FF8DEC9F45D22DC3C2CA99C2728110888799575B6834BF22B0F01EDE72D7F21B672C40F0A97299
310
9E2200B7C91403F9BB3D09C01990819238CBAE5E7510D7D57450507E3DB04AAA0A3C280064E0775380C8C16EEA4834346A04BF0CE847B4B3AF760D06D24BBB267C32E2C9257DE5EB748AD101AF1FD33265E2B674EED8C01A0AC901392211011AC810560F77778E85B13BAFE3E25C95B70919A4862C15928BD8989664AD8638
310
101D009A80F00BDC41AF27602A4BDA0C077E550048E7F1011410F01405045E1C140B4D0E70E0F6E034171C3D6FD12004FCC1FA304312518910356628A4A326EC9ADF5DFFD1B2C0399503F14B4F8E3E0E4E39A06ABCB56A8014687E86E462BDDE5124615ECDB412B7314F62E6E0C76ADEC0F717B360E741960104CF1706CFA1
310
8E0605004B01AE007869B095ED92144A807841EFF2811C047889A04901C809062057192688C92346F97F279449F89B113500BAD282D1DA80A55C27EFFE02C8D4F395003F285B617BBF0831F49B055342DDDD414378E8888E92C16789F269A27C9A221FAA4A0DFDDB9F935B2ECC04DC51481558A69301E0460B02665AC4DD30
310
C03D480866C3409400051811876014C0F294C542821AB045011A3E3F09001FF304E3A0BED05CC11A811B865001769507FC01ADC611F400CF68C7B093606E30F3C7E0F00C1D10C31951C1E2D7252181DA00345842A19130715C736EC9ECE686A712FDB31E4D3E50AB336E5666D7B212C0113C4A4406029709B43D0228F3FBAF
310
49921B19CA0C82A2D5BC4A2079809240F37D3E10F9637607C3983F0458508A98B8B4EFC92AC13530180CF55359500080061DF59B98BB3FEACEE881DC8127F182A885A86FB12B43C590A4380504E32305E3148BBEEB2D2782029765428092545BA5C2C681FC5F8E869C0EE1034A822FF09A12C94084505AA868080303473F81
310
61F7AA0A6610745E280BE4427FB770106F8800EADABA19F453210435BDB2348471B13B65F2FCB554827632C4C44467333E4127095D22092ED492009930413251B5408345065065E415266E20279A40B3F520370BE2050C8360E6BB4601C1673B9BFE007EF5200B6483CD195400A783E6DEA0653515B0FCE8E86D1618FC1EFC
310
15C2E727F24F2A2DAB57326D8D0877D4E298894E7A0C3C7D9CE8A0E2D17AA2020FA1097D6372F2A9F955060FDD467AD0426368C24A8340FD0D6687A76316DEF5179ED9042005A2BF02A5DD810A4DEFA4A8F700EFC50FF4FB8C06410F0303C106ADF8852ACC6A2CA9046E9ED070739339857222CC009E206479886EA26227BF
310
7A341A15C351A8404A6C10080A2140FA4B4E8D9B9A11645899332363FD69887F436A660566964250FD752E787B64BCF8E6C8190DF8EA0C854C062D8A5A1346F810414313E606ECA0AC3A01D6928544029D5F42E202C0CB386F880F7842A31287061F32F3CBE09F2950783394F2F2B23D85386C6F51943E99DD10C8A0000BA9
310
569A14805693274BD0E4F4DC3F28E331EEA91C4F33ABE057889BFB92819187840A08E57A276A8BFCB75B0342668C70C565C8059996D209C2800941A21FB82B2F520BC2E6FE6F1A8827043DE17000DACC8193E78BBB8DF1467978C06F6AFE986123E3A95272CAC122046F4C65C4B88FED2F1CD1D918F7CDBF8903BF1A90057D
310
42F4DC133AF804ACBB58446A0DB78806FC053FA1E45D0AF1112613CC0DD976C5E70AD3282F42725C0D02AC8588DE451B1C01ABF063E7748A3882F0DD484BB78D037F9812240EB88B6034C0AD53E5116D4C6D920C6A89F084E6D0598AD7EB6930CC7B293E27A666E5CDFE9A3FA52FEB3C97976FDAAE9A60008FCA6B33099CF9
310
880D35D419FC687D424378E3099441E110C5B3C6DC311E6653514A67A530D863326C4D8430E0C28024803B5B069B0E60C10EDB6DF087034171DF01F1F3404B27B1056D8C0E56E7CA6056E7798147BE4C2F01CED5987E413AC6A724876DE3F599E0601CE7B9CEF3BEB3671E12DCE8AF9631B8031D3F360B6955DC2342B2A0E4
310
632A00264C0DA002220CFEC3E10D9BADC8904D88DC51928593AA16C91DF6FFF82B3234404C7214D0F8608E0052283EFB2B0563F1D072936C4017706010BCF1B16CDE0C1FA9C777E44E1F5259B0C9BBC8794A82A6C182A3AF56B16921405351FDDC91B5BAAA617860E8D76C97C377FE701A4EB4378FA97C2C8E3CC8950886C6
310
FD93AF70A1F5F676B7ED16CBC56AF5D09110EEB8607CC08A795882358280DDB98AFFE7087C6EB593D62F041CDB4018935238E73F1098100D0C8769818F777057F64C703C6530E142FDF5C837AE1CF66C94C4887D3A3726AB990DEA248F73B5D32C8E04F6714B1E67C53FC52040252E605B322407CBF8C7F05453462A295ABF
310
4D95592DDD76AC23512E9A2DF964715C80DD752CA8E263AC36F02C3C28A133EB22AC8D099BDEFDE28C3E8FFEE3815D5D00C17C00511058354D62443C1A546280E43572A9C661A34FA5891F8E7570608C8DF21DF51DF9D2A84D4501F41B8CD4F4C9DEB2F901E810C0E4CEB6EC08DFB06341C864CF8D0EEE779A606545E1E64A
310
AF30A4324C20FDD3BD558BD966BA994FA915CD162B1978642AD01694E533EC190368A68234657085B5F88E27A0805E04B8BB6A00A51646EE3C10A50FF007FF410F1963CA69BE2002F0F902E701AEC995FD41F83A3F0C3809A3288A083003A6CC2A20E6D703EE48E3777AC07ADD51EB6101603A9FCF17B3D5928F6D742EE7E4
310
CF38AE2B03C5FB39C81D7B2978FAFE85AF3D2710B0582C970F0FEB0E4D1103B8BE2B4D560CA10002FC8F334C891C07B44FE06B2E3ACE5E1E2D1FC32203110ABF9CA0E8381F68EC3C06701328E5A38278A5FCD944CEA5283DA933DF2A2448BD23F1C5D8BE04CC2DC3B43B3EEC29F8B5FF926D11D3E97EBF7FA1BD1E5E5F5FE6
310
D3D972F548547783146ECD84873F377C5820F7F9FCE5E07378D6CBCB7E036DF7F7104079A05B77C6942D1BA95D47424BFC3DB6411009A42E207871B7EE9B06614BBD20F22F7523FB985F3F7068E37600273A3ED0C1CCC380F6EC4AF01CC1CF95E4848B7BF950AD14C44F10460221E02D21D01DAE800F323704C00035DFE97C
310
B37F797D3D1C0E4FBF35EE1E5E9E0E879FBF3DF6F474780A01FB3DAF01FE0C0798218007C2090A3008BA7682A338F4A8804A06CBFE6A80CEC766F49853F15B2F45FCEA3F8250012841315016E75E797EFEEC4ACA6C79F515CF1738F7C36E2406071051043817C9E8C5888D49D0332E800062FF54FA562BF7446CC0BFDFBF86
310
03D1FEFCC9F7FFB5A7F000430755C2D3F72F2D02A022820897ABDD44594475BDCCA4A10AF34C06B08B4AB58BBFAE30999DC66C7CE903A83CF8EB006EEEAA063430F84B05F0ECF644825F5E95073870E72A0771AB89B080022A0C5A9FAF34C89286257FB7BEA000EC65B59750C68E0815B0D9834B15606328F80709DE09018A
310
C2A7817F83F96DB3D562C10A0A31300230CD4200B87F85808BAF64D04600254047F9C14DE93464009E7F5AABB4FDD6D55142A2C0BF1541FCE19C20C899BF4F76AB54B84CB97F88F48ECC029FD253F0C70DF4816B9AC94BCBD653B1A283C4001A0337955E4AFED3FB790B6B1F5EA0B5514074103A38D84280EE0F5F9BE974EA
310
B2D16AB1EA969684B6E4166CA28264B300474C7308D20013B204A65F82970718D05678B3315D442E1C0A327E2F56556040C005D2FAB1326A68A07507C9E46A3648555A7080F5F50219A00E6222E3E0862CE95B5680930530742F1D041805E69B788161F015944D041182B861A2C17F3AF01CF5BFDF6C343F9171F5B004BF59
310
C016719164B888EA206A02AD05E8464D06B48E4381A0E9345FD171625AC22198F57C003BEA5510F81FF78D31C9B033D0030000000049454E44AE426082504B0304140006080800523B235D51464CB48900000043010000360000006662782F44373242353239372D434344342D344535392D383046302D3838353332374544
310
333632362F6469726563746F72792E786D6C9D8F310EC2300C45AF127987122606C71DD918B841D4B851A43646695A717C52A85029031293A5A76FBF6FACEF7DA7264E43906840EF0FA03836E242F406C6DCEE4EA06AC22492573150D1F66C60C640E8938CB705396EEDD86DE9B5042FE27813D640EA63BB001C722AF6E55C
310
B61E4863F58284D5D3F53DD715CE1C3985E63FD7F1B7EBDD617E9F1E504B0304140006080800523B235DE9D1A9A782070000571E0000340000006662782F44373242353239372D434344342D344535392D383046302D3838353332374544333632362F6F626A656374732E786D6CED59596FDB3810FE2B82F659B7E5A3705C
310
C4765218DD1E68B68B7D13689976B8D1054ACAB1BF7E8714298BB26CCB6E0BECC32640E230D470E69B83DF8CA6EF5FE3487BC634276972A33BA6AD6B3809D30D4976377A596C8DB1AEBD9F69539AA645639FAE2528C6373A5BD667D31D4DCB4C2C6DF01695517BF57EFE97968738C1BA164628CF6FF43C7CC431325159A41B
310
9C3F991B542073B77D351DB3DAA88ADD51943DB68ECA10C54901AAC27A025284068EFA279864CDA616DBA06C73FB6DF34E6CB3B8E1AAA224C90B9484075AB5E4B8FDB4F29CC1F2CEF527863F1878C660E83AC6FC7EBE349C91672F868BC5E4F66EA26BB3E93A4DA3DA01194E36E0C5377DE64C2DF69FDA7C814297DE619A24
310
381468766DD8602197E0BC8D8902ACC34D6B38A4B2B5B1E0F534FEC8B65EA0282A29684BE3E4EF66F4A6EBBF0184BC4F94D21CB328CF0B0ABE16D857F9604FAD6A55F10BC9B518159812146911595344C141B0B572902286650B13A531CCB817A5BCA6AE10D8E773A94BCB6D19452C7FF519CFB400F2111739D78CFC83E95E
310
FBE669A013585B92A4180B638BB70C444CA6165FACFEE7B9E29F1590DA36423B881630936DF2DC165E0B560B564B7DF6F17EFDFAC0EA43F7E1194D334C0B16793C9945DE490F36420B82AF072815AEAAEFF6A87C03E83F03F2B52EDA143C47C9EBE075206DA728C9B7298DC13B9AAD1936FCB035F6F1E0D3D4AA1F9E699A52
310
2B8F610A69FB933055CC50CE6E403A9B3E43D0A7D413C63D84288298FE441296E710285A94C212D4FBEDFA559FADA098C2223C8522B01EBEA716FBA8C1AF4A0ED49B9687BACA6F0F47C98469E7D9DE571F206628096B5729361EC3D7FF29F8DE2E1F3E3E94748B42FC4924F6126F49420AB84CBB1552405752FEFBEA33CFC8
310
037B945D219CB34B59E1E8F0CB83F08BC61D03AAB07BB8720D5FF94420DDA30825382D73B1DE55A8C2344A69B07E0BAA1CEE3CEB4F1904D56190DF2C023A8B19DCEE21251903459F09F3EA4A68EE7162755004E0AE726AB046E113833708A1625DA307442DA26DA1659C05284ECB8495EFC3F06E9B667A36FF729C896B4FDC
310
F1C4F745C083EEFC00993FB238D4EAB39362941D3966A1F84BD40D0964954903A8975D3684C09ACA2248331492A23B1A5A66F4547943B6DB3287B2DE094C4B63D373FC0A1BF9D37535FB82D55AA9D3D60AA50212A31D0EB688DD899DFA2980D6C2A5933A91DC45699E9304E79CD31CD4BA168AB609A5A38A7429B5236C491E
310
C4B840D7442CBF245B014BF1360A807D158CFF9E8F57A9A0B86F8F49645C2F4D026EFF5B90A3388B2A5E770E03C76D9DD0892B539A1DF10CF119A022B03798D3F473D2EB4A22F1ED257D72B5F823F050F4CBE191471020EB70AB9EF7AC63FACE847D8DA10C0D7DC71B8E6A579C434B1E5630DE1295C0B4C2B7E00593DD63BF
310
22285D7EF29C1C47DB8044511907D51D52E018681B2A4ADA2B6387504DDA0789CAD04A89C6495B1201A9EE5D66395F918C050EE384E558996D1C03469104FABA5E861C58D119C4DC17BC8765ADDA79FF5F2EF5872B66B3B779C26F2F29DD746AAA520FC9DA24C9600553DC89B57BB9E4D9B4997E316F76CEE33090424485AB
310
3A0B1121143F1336CCE05D5367CF91BFA0228452FAC07F1B73C8880DDEEC7988224E8C46F4191C2AA5496EDBEC8EA0DCB10B44216B2B56526398502056693FB10FD13704AE06B6985B820959D5FA8A5D6D260C63F67A9C90F5E5C3434B0AACF47EFA2BC308BFB42488D505237F27447D5FED396E4B82B0E8FBEAC4E3C56319
310
AF1344D8DDC8C2026DB277EF79FF79634173612D47EEDC77272363B1580E8CC11D4C3EC6F6BD6D8CC7BEE78EEE96DED01D5A14E76949439C5BAE6507926D65C94E0646055D9F2E042611E7DB4519CF6D07FFDF857424AB5A0A2EEC429498EFDB38745F11973159082B20F7C3B1E3BA037EC53AD0CB9BFD576BB279FA42B98E
310
C9F62BFC9732D991EDF8E391E74CBCD1C01E0F06237754E78F686B7E90DBD6A03039473A99AB79A274CE089CE48F9CA1EF1FEADF79EDC289920D5D40BD3CCEBC26A32180E60C2056DA589D3BEB5AE675D871749ED4A02A5771AF7E31D6A42C17928BC3037E39B9506EF28B89C11F29656312799728C2BA688152BBD84CB3A3
310
38CAA909BFFBFCFB255C68F6BD31BFBDF78DC1C8B9356EE7B773E3CE9FDB4BCF9D8F86E3DB3ACA045FEACB3DFE13F7AC54B6319E85B70C791A1178D98337DA0EA7D027C334ABC71D4C639CF3FE1748A2A07A1BF1A6A9C7D3CFD5ACBE40EB483E1D3E2278E11109D65686306C87DEF44617EBDA6F305E67136E3EF4349F809C
310
88D2AE6B2525373A8440418083986B1893F2A13497DE1A8383DB50B2639D75F554FDF7FE31860EC4CADEAE7A4F1F5C84654A74C2C829E3EF9FA0004BD27ABDE9521D0D15F0715D16B531FB85BD350204F9A2A9320EA6C94F02DE5728BFA7ED724CBE4781A4D71B9F93715049350A4477FCB54D03EFDBE5578BBD71597DD1B2
310
A8DC31779EE2848A248371D1A8AC869B53080C616686D8B466F1CE8296E909530BC63751FA66C939B1F67BF502C8E2D457BC0D8271678E4DB4C99F60013C47091BA957082AFEADAB4FC3BF127006353CA6EC5F2D3571D335BA9866F7C2ACE7AF8234C813F60A9065457343636E0DA10E5A55E3FDFA835C985A14DE9DCCFE05
310
504B0304140006080800523B235D43C876BDE1000000550100003C0000006662782F44373242353239372D434344342D344535392D383046302D3838353332374544333632362F7265736F75726365732F322F636E782E786D6C4D90DD6A032110855F45845EAE9A0D6CDBE09A97C8556F82752756A2CEE24F69DFBE9A5AE8
310
D50CE77C0C678E3C7F054F3E21658771A507262881687073D1AEB496DBF442C959C98458FE6194441D60A55DA64ADA84751FD206375D7D57BD8BF7218AAB8508C999EB1E2D25C6EB9C579ACD0704CD742DB841BEB34D17CD0E2C41C69A0CB413C50518274C025D60A36A16F33289D7491C2FE2F9342FA7E3F2267927957C47
310
F48377B140C2FD691606DB1A5B2221790794ACC90DAABFD18CBF78ACC593BCD94AE6925A07032BDF7BC35CD016F803F97595E4FDC9361E0DB4D90B513F504B0304140006080800523B235DFF15A4A45D000000800000003A0000006662782F44373242353239372D434344342D344535392D383046302D3838353332374544
310
333632362F7265736F75726365732F636E782E786D6C4D8B3B0E80201005AF42B6F75B59F0390B113044D83508C6E30BC6C26AF226F3B8BA6360974DA7271430F523308B2B198F9B80925DB700539227A2FCCB80A18E5640D320F996A81C9F32D6E9129A0D1EF74FCE750E6D57BC7165FBCA07504B0304140006080800523B
310
235D217F1F7D4301000056050000300000006662782F44373242353239372D434344342D344535392D383046302D3838353332374544333632362F636E782E786D6CCD94C14E032110865F6543E27117BA4DAA362C4D3CF8041E8C37969DAE5816363018FBF642DDB61AD3E8A1497B23C347F2FF333FC3571F8329DEC107ED
310
6C436615230558E53A6DFB86445C9777A45809EE9DC36F1829AC1CA021B94C04EFBD8BE354EA602DA3C955A3ED662A4A44AFDB881048A18C0CA12141BDC2202B19D175103655275156B3CA4370D12B48EF510F30BD571E24424744CDEA45C9EE4B367F62B7CB7AB19C2F5E38CDA4E0AD7366E2B545F06EBCA99972E968931C
310
C66906048F5E4F54F640C4515BD56ACB69BA173C24BDB69F38DC8E991B47A395C4D428EA14029609023970FA050B4EB3E31FBE1F1F9E8F1AD2A9D31E143ABFBD581B66A7DA709056A544FCAF0B3BF02FF3AE7D4B962F37F79386276167B3BB4F6E48D1FD9D849427697B738D1FE020EDFCF94F8B05B5BA46D37B6567F24C77
310
2B300D3E6F44F109504B0304140006080800523B235DC5EE62AD7F000000A30000000B0000006662782F636E782E786D6C4D8CD10E822018465F85FDF714A1086E825B62EFE1121D0BA191B41E3F685E74F56D67DF395DFFD91C7A9BF8B2C14BB89C0820E3EF61B67E9590F6050B40BDEA6208FBDF0D909F3623A16050DD1A
310
437A1E6836CB945CA1CEFAC70135A757465B8E8741D7B81E598B05B9112C04AB281F75D5D0261BE7A2E4F9F5F296BCFA02504B0304140006080800523B235DA6D797065F0000008200000007000000636E782E786D6C4DCB3B0E80201045D1AD90E9FD7516806B51190811670C8A61F982B1B0BAC9C97B72CA7B1037C6D333
310
2918DA1E04D2CAC69353902EDB8C20262D23F3F59B81A079470595414B17391D1F19B4730A5583A7ED43BBE4025D9592775E5ADFFA01504B0304140006080800523B235DECFD112DA800000026010000130000005B436F6E74656E745F54797065735D2E786D6C7D4F4B0EC22010BD0A61DF525D18634ABB506FE00510A794
310
58060253536F2FD89D5197F3FED3F68B9BD80362B21E25DFD40D6780DADF2C1AC9671AAA3D677DD75E9E0112CB5A4C928F44E12044D22338956A1F003333F8E814E5331A1194BE2B0362DB343BA13D122055543278D79E6050F344ECBC6478EDCD76CE8EABAE5449AE4298AC56946789C28AAFBEABC53F3EAF09A84A1441B9
310
1F0101CD4780756578C173A578FFDDBD00504B0304140006080800523B235D3DEE336E64000000790000001B0000006175746F6465736B2D64657369676E2D7061636B6167652E786D6C35CBC10E83200C00D05F21DCA56CA76D41FC96062B120735B69A7DBE268BB7777961F8D5AF396893C2ADB70FE7ADA196782C2DF776
310
D7A97B5933C430F15651E5469C55D70F80A4992A3ADC954792C525AE70A1E4D6AD9816CC044FEFDF01FE3FDE907802504B0304140006080800523B235DCC9188F1F40000008E0100003D0000006662782F44373242353239372D434344342D344535392D383046302D3838353332374544333632362F7265736F7572636573
310
2F322F636F72652E786D6C8550CB6E833010FC15B4778379C484C8384A10FD829E7AB38C43AC041BF951F5F36B072AB5A79E76353B33BB3BF4FCB53CB34F699D32BA8732C790492DCCA4F4DC43F0377484ECCCA835C6FFA241A6F9227B4830303A5B13D61D12467BA913AACD2477903B273D64E2199B1E9CB8CB85E73CF8C8
310
708F7CE5E2C1679997F9C663340435ED523545377553D202BB7678A887B71191721851D3562D3A766383BA865C49595F0EF870A1451233EAD5F2B35D58C9BD9C8055B822087708D7EFB83D55E454930F5A2426A3CEDBF8F3BE347D17E9B4D8D03F6E619DFE770B4AFBBADADD36850356C6E35E03468B944E2CAFE8624D49B2
310
6F504B0304140006080800523B235D0972A210FA000000960100003B0000006662782F44373242353239372D434344342D344535392D383046302D3838353332374544333632362F7265736F75726365732F636F72652E786D6C8550CB6EC23010FC9568EF4E9C041C821C2340F40B7AEACD729660416CE447D5CFAF4D52A9
310
3DF5B4ABD999D9DDE187AFF9517CA2F3DA9A01EA92428146D9519B698018AE6407C54170676DF84583C2C81907C830083E391B9F2BA4AC0968326AEC882B28BDC700857AA46600AF6E38CB52C69018FE5E3EA5BACB09CBBA5C7882C7A8C755AAC7E4A6AF1A1D88534FCFEDF9ED42587DBE904DD77464D75F36A4DFB013ABDB
310
E3966E8FBCCA62C1839E7FB62B8732E008A2A10D23B427B47DA7DDBE61FB967DF02A3305F7C1A59FD7A5F93B100EBD8D4EA1E7D532FDE31A9FE3FFAE519BD036ABEBA2F020EA74E46B207895534AE51561AA3951F10D504B0304140006080800523B235DAE5DD9F1F2000000B1010000310000006662782F44373242353239
310
372D434344342D344535392D383046302D3838353332374544333632362F636F72652E786D6C8D50CB6EC32010FC156BEFD818C7AF0813A971FA053DF58630715062B07854FDFC42EC4AED2DA745B333CCECD0D3F7F2C8BEA475CAE801CA1C4326B53093D2F300C15F5107D989516B8CFF43834CF3450E90606074B626AC3B
310
248CF65227549B49EE20774E7AC8C4233E0670E226179EF3E023C3DDF3958B3B9F655EE61B8F51AF965FA9B0927B390123983408F708571FB83D92E658359FB4484C464350D36EA5A6E8AEAE4A5A60634BDE6AD2B7E87C1E0FE870A97BD4E1778CBAAEAE487B19AB8634B44862469DB7F1E6FD9374DDABF24DF82F7358A717
310
322BED2BB21B6E0A07AC8C799E0B468B54601CCF76E34C65B31F504B0304140006080800523B235D84E5C78054010000DD0200000C0000006662782F636F72652E786D6C8D52DB8E832014FC15C33B8A97DADA204DDB74BF609FF68D227549150C82E9E72F7889EBC35E628264CE39336726E0D3AB6D8281EB5E2859823844
310
20E092A94AC8BA04D63CE001042782B552E65B1B08246D79093C0C08AEB5B2DD0C31250D971E95AAE23348FB9E1B10B0C65D4AD0B34FDED2905AE33AFA67D851F6A4350FE370EA23D85A51CDA3A2726CE221B806E452A06B7A7DBBC13CBEDE60B64FF6F050DC325864F9258FD3F30EEDCE38F2C3041BD12EEA4C736A780548
310
82921CA202A2F41DED8F497E4CF30F1CF94E827BA39DE759D4BB03E4717FE168C2377CB6ABFEE6B3429A3499F9A6891E90D8AD3716088E7C3EEE3786B7CDD009BBFC0CBD378B85A78306CE8CD299AB54CAAEA58136963B6A148C1F8EA6AA631E097EE2497EE1F99DC3054565ED56A3C65DEFD678F5ED4E1DD77030AF402ADD
310
D2665D6E5A713D57A18DA5659CA946E9FF4C2F56973023FF30C917504B0304140006080800523B235D4DAF564408010000B201000008000000636F72652E786D6C8D50CB6EC32010FC15B4776CFC881D479828B1DC2FE8A9376A888B628305386AFFBE10BB527BEB69D1CCECCE30F4FC394FE821AD5346B790250490D48311
310
4A8F2DACFE868F80CE8C5A63FC2F1920CD67D9428481D1D19A75D9A1C1682F7544B5117207B973D2031AA6F068C10D1F72E6095F7D50B87BB2F0E1CE479964C9A663D4ABF96775B0927B2980E524AF306930295E497DCAAB5351BDD1342A195D5725762B2582BBBA2969815D1BD215DD4B8FABACEB7159E7353E367D899BB2
310
BA5659713990C385A6719951E76DF8F37E24E4F4C8F147F4A5E94631FA6ECCB40B4228818C9EBE80119A46E24FE87511FF08ADB42FF2FDE0B6E1806521D09308C6B1C1309EF58619DB66DF504B01021400140006080800523B235D0000000000000000000000003700000000000000000000000000000000006662782F4437
310
3242353239372D434344342D344535392D383046302D3838353332374544333632362F617474726962757465732E62696E504B01021400140006080800523B235D0000000000000000000000003500000000000000000000000000550000006662782F44373242353239372D434344342D344535392D383046302D38383533
310
32374544333632362F76657274696365732E62696E504B01021400140006080800523B235DF270F13306000000040000003600000000000000000000000000A80000006662782F44373242353239372D434344342D344535392D383046302D3838353332374544333632362F747269616E676C65732E62696E504B01021400
310
140006080800523B235DB5A795FFE3790000DE7900004200000000000000000000000000020100006662782F44373242353239372D434344342D344535392D383046302D3838353332374544333632362F7265736F75726365732F322F305F67656E657269632E706E67504B01021400140006080800523B235D51464CB489
310
000000430100003600000000000000000000000000457B00006662782F44373242353239372D434344342D344535392D383046302D3838353332374544333632362F6469726563746F72792E786D6C504B01021400140006080800523B235DE9D1A9A782070000571E00003400000000000000000000000000227C00006662
310
782F44373242353239372D434344342D344535392D383046302D3838353332374544333632362F6F626A656374732E786D6C504B01021400140006080800523B235D43C876BDE1000000550100003C00000000000000000000000000F68300006662782F44373242353239372D434344342D344535392D383046302D383835
310
3332374544333632362F7265736F75726365732F322F636E782E786D6C504B01021400140006080800523B235DFF15A4A45D000000800000003A00000000000000000000000000318500006662782F44373242353239372D434344342D344535392D383046302D3838353332374544333632362F7265736F75726365732F63
310
6E782E786D6C504B01021400140006080800523B235D217F1F7D43010000560500003000000000000000000000000000E68500006662782F44373242353239372D434344342D344535392D383046302D3838353332374544333632362F636E782E786D6C504B01021400140006080800523B235DC5EE62AD7F000000A30000
310
000B00000000000000000000000000778700006662782F636E782E786D6C504B01021400140006080800523B235DA6D797065F0000008200000007000000000000000000000000001F880000636E782E786D6C504B01021400140006080800523B235DECFD112DA8000000260100001300000000000000000000000000A388
310
00005B436F6E74656E745F54797065735D2E786D6C504B01021400140006080800523B235D3DEE336E64000000790000001B000000000000000000000000007C8900006175746F6465736B2D64657369676E2D7061636B6167652E786D6C504B01021400140006080800523B235DCC9188F1F40000008E0100003D00000000
310
000000000000000000198A00006662782F44373242353239372D434344342D344535392D383046302D3838353332374544333632362F7265736F75726365732F322F636F72652E786D6C504B01021400140006080800523B235D0972A210FA000000960100003B00000000000000000000000000688B00006662782F443732
310
42353239372D434344342D344535392D383046302D3838353332374544333632362F7265736F75726365732F636F72652E786D6C504B01021400140006080800523B235DAE5DD9F1F2000000B10100003100000000000000000000000000BB8C00006662782F44373242353239372D434344342D344535392D383046302D38
310
38353332374544333632362F636F72652E786D6C504B01021400140006080800523B235D84E5C78054010000DD0200000C00000000000000000000000000FC8D00006662782F636F72652E786D6C504B01021400140006080800523B235D4DAF564408010000B201000008000000000000000000000000007A8F0000636F72
310
652E786D6C504B050600000000120012002D060000A89000000000
  0
XRECORD
  5
7F
102
{ACAD_REACTORS
330
7B
102
}
330
7B
100
AcDbXrecord
280
     1
270
     1
271
     1
  0
XRECORD
  5
81
102
{ACAD_REACTORS
330
7B
102
}
330
7B
100
AcDbXrecord
280
     1
270
     1
271
     1
  0
XRECORD
  5
82
102
{ACAD_REACTORS
330
7B
102
}
330
7B
100
AcDbXrecord
280
     1
270
     1
271
     1
  0
XRECORD
  5
80
102
{ACAD_REACTORS
330
7B
102
}
330
7B
100
AcDbXrecord
280
     1
270
     1
271
     1
  0
XRECORD
  5
BE
102
{ACAD_REACTORS
330
BD
102
}
330
BD
100
AcDbXrecord
280
     1
102
DISPLAYNAME
  1
Imperial24
102
FLAGS
 90
        0
  0
CELLSTYLEMAP
  5
BB
102
{ACAD_REACTORS
330
BA
102
}
330
BA
100
AcDbCellStyleMap
 90
        3
300
CELLSTYLE
  1
TABLEFORMAT_BEGIN
 90
        5
170
     1
 91
        0
 92
    32768
 62
   257
 93
        1
300
CONTENTFORMAT
  1
CONTENTFORMAT_BEGIN
 90
        0
 91
        0
 92
      512
 93
        0
300

 40
0.0
140
1.0
 94
        5
 62
     0
340
55
144
0.25
309
CONTENTFORMAT_END
171
     0
 94
        0
309
TABLEFORMAT_END
  1
CELLSTYLE_BEGIN
 90
        1
 91
        1
300
_TITLE
309
CELLSTYLE_END
300
CELLSTYLE
  1
TABLEFORMAT_BEGIN
 90
        5
170
     1
 91
        0
 92
        0
 62
   257
 93
        1
300
CONTENTFORMAT
  1
CONTENTFORMAT_BEGIN
 90
        0
 91
        0
 92
      512
 93
        0
300

 40
0.0
140
1.0
 94
        5
 62
     0
340
55
144
0.18
309
CONTENTFORMAT_END
171
     0
 94
        0
309
TABLEFORMAT_END
  1
CELLSTYLE_BEGIN
 90
        2
 91
        1
300
_HEADER
309
CELLSTYLE_END
300
CELLSTYLE
  1
TABLEFORMAT_BEGIN
 90
        5
170
     1
 91
        0
 92
        0
 62
   257
 93
        1
300
CONTENTFORMAT
  1
CONTENTFORMAT_BEGIN
 90
        0
 91
        0
 92
      512
 93
        0
300

 40
0.0
140
1.0
 94
        2
 62
     0
340
55
144
0.18
309
CONTENTFORMAT_END
171
     0
 94
        0
309
TABLEFORMAT_END
  1
CELLSTYLE_BEGIN
 90
        3
 91
        2
300
_DATA
309
CELLSTYLE_END
  0
ENDSEC
  0
SECTION
  2
ACDSDATA
 70
     2
 71
     8
  0
ACDSSCHEMA
 90
        0
  1
AcDb3DSolid_ASM_Data
  2
AcDbDs::ID
280
    10
 91
        8
  2
ASM_Data
280
    15
 91
        0
101
ACDSRECORD
 95
        0
 90
        1
  2
AcDbDs::TreatedAsObjectData
280
     1
291
     1
101
ACDSRECORD
 95
        0
 90
        2
  2
AcDbDs::Legacy
280
     1
291
     1
101
ACDSRECORD
  1
AcDbDs::ID
 90
        3
  2
AcDs:Indexable
280
     1
291
     1
101
ACDSRECORD
  1
AcDbDs::ID
 90
        4
  2
AcDbDs::HandleAttribute
280
     7
282
     1
  0
ACDSSCHEMA
 90
        1
  1
AcDbDs::TreatedAsObjectDataSchema
  2
AcDbDs::TreatedAsObjectData
280
     1
 91
        0
  0
ACDSSCHEMA
 90
        2
  1
AcDbDs::LegacySchema
  2
AcDbDs::Legacy
280
     1
 91
        0
  0
ACDSSCHEMA
 90
        3
  1
AcDbDs::IndexedPropertySchema
  2
AcDs:Indexable
280
     1
 91
        0
  0
ACDSSCHEMA
 90
        4
  1
AcDbDs::HandleAttributeSchema
  2
AcDbDs::HandleAttribute
280
     7
 91
        1
284
     1
  0
ACDSRECORD
 90
        0
  2
AcDbDs::ID
280
    10
320
84
  2
ASM_Data
280
    15
 94
   264174
310
414349532042696E61727946696C652855000000000000020000000C00000007104175746F6465736B204175746F434144071441534D203233322E352E302E3635353335204E540718546875205365702020332030373A32363A33362032303236066666666666663940068DEDB5A0F7C6B03E06BBBDD7D9DF7CDB3D0D0961
310
736D6865616465720CFFFFFFFF04FFFFFFFF070D3233322E352E302E3635353335110D04626F64790C0200000004FFFFFFFF0CFFFFFFFF0C030000000CFFFFFFFF0C04000000110E0D4154545249425F435553544F4D0D066174747269620CFFFFFFFF04FFFFFFFF0C050000000CFFFFFFFF0C01000000071454696D657374
310
616D705F6174747269625F64656604010000000650852B3B3C6A1943110D046C756D700CFFFFFFFF04FFFFFFFF0CFFFFFFFF0CFFFFFFFF0C060000000C01000000110D097472616E73666F726D0CFFFFFFFF04FFFFFFFF14000000000000F03F00000000000000000000000000000000140000000000000000000000000000
310
F03F00000000000000001400000000000000000000000000000000000000000000F03F1400000000000000000000000000000000000000000000000006000000000000F03F0B0B0B110E0D4154545249425F435553544F4D0D066174747269620CFFFFFFFF04FFFFFFFF0CFFFFFFFF0C020000000C01000000071667656E65
310
7269635F7461675F6174747269625F6465660403000000040300000004FFFFFFFF071767656E657269635F7461675F6174747269625F64656620040100000004030000000703333031046100000004000000000400000000110D057368656C6C0CFFFFFFFF04FFFFFFFF0CFFFFFFFF0CFFFFFFFF0CFFFFFFFF0C070000000C
310
FFFFFFFF0C03000000110D04666163650C0800000004FFFFFFFF0CFFFFFFFF0C090000000C0A0000000C060000000CFFFFFFFF0C0B0000000B0B110E0D4154545249425F435553544F4D0D066174747269620CFFFFFFFF04FFFFFFFF0CFFFFFFFF0CFFFFFFFF0C07000000071667656E657269635F7461675F617474726962
310
5F6465660403000000040300000004FFFFFFFF071767656E657269635F7461675F6174747269625F64656620040100000004020000000702393604000000000401000000042D0100000400000000110D04666163650C0C00000004FFFFFFFF0CFFFFFFFF0C0D0000000C0E0000000C060000000CFFFFFFFF0C0F0000000B0B
310
110D046C6F6F700CFFFFFFFF04FFFFFFFF0CFFFFFFFF0CFFFFFFFF0C100000000C07000000110E04636F6E650D07737572666163650CFFFFFFFF04FFFFFFFF0CFFFFFFFF130000000000000000000000000000000000000000000000001400000000000000000000000000000000000000000000F03F14FEFFFFFFFFFFFBBF
310
A6B8C9E4EFD6FFBF000000000000000006000000000000F03F0B0B06000000000000000006000000000000F0BF0632333333333305400B0B0B0B0B110E0D4154545249425F435553544F4D0D066174747269620CFFFFFFFF04FFFFFFFF0CFFFFFFFF0CFFFFFFFF0C09000000071667656E657269635F7461675F6174747269
310
625F6465660403000000040300000004FFFFFFFF071767656E657269635F7461675F6174747269625F64656620040100000004020000000702393504000000000401000000042D0100000400000000110D04666163650C1100000004FFFFFFFF0CFFFFFFFF0C120000000C130000000C060000000CFFFFFFFF0C140000000B
310
0B110D046C6F6F700CFFFFFFFF04FFFFFFFF0CFFFFFFFF0CFFFFFFFF0C150000000C09000000110E05706C616E650D07737572666163650CFFFFFFFF04FFFFFFFF0CFFFFFFFF13FEFFFFFFFFFFFB3FA4B8C9E4EFD6FF3F000000000000000014000000000000F0BFD6A14B2ACB19B4BC0000000000000000144C8ADEF43D20
310
E93C00000000000024C000000000000000000B0B0B0B0B110D06636F656467650C1600000004FFFFFFFF0CFFFFFFFF0C170000000C180000000C190000000C1A0000000B0C0A00000004000000000CFFFFFFFF110E0D4154545249425F435553544F4D0D066174747269620CFFFFFFFF04FFFFFFFF0CFFFFFFFF0CFFFFFFFF
310
0C0D000000071667656E657269635F7461675F6174747269625F6465660403000000040300000004FFFFFFFF071767656E657269635F7461675F6174747269625F64656620040100000004020000000702393404000000000401000000042D0100000400000000110D04666163650C1B00000004FFFFFFFF0CFFFFFFFF0C1C
310
0000000C1D0000000C060000000CFFFFFFFF0C1E0000000B0B110D046C6F6F700CFFFFFFFF04FFFFFFFF0CFFFFFFFF0CFFFFFFFF0C1F0000000C0D000000110E04636F6E650D07737572666163650CFFFFFFFF04FFFFFFFF0CFFFFFFFF13000000000000000000000000000000000000000000000000140000000000000000
310
0000000000000000000000000000F03F14FEFFFFFFFFFFFB3FA4B8C9E4EFD6FF3F000000000000000006000000000000F03F0B0B06000000000000000006000000000000F0BF0632333333333305400B0B0B0B0B110D06636F656467650C2000000004FFFFFFFF0CFFFFFFFF0C210000000C220000000C230000000C240000
310
000B0C0E00000004000000000CFFFFFFFF110E0D4154545249425F435553544F4D0D066174747269620CFFFFFFFF04FFFFFFFF0CFFFFFFFF0CFFFFFFFF0C100000000711736B657463685F6174747269625F646566040100000004010000000403000000071832333420323534203432393439363732393520302031203111
310
0D06636F656467650CFFFFFFFF04FFFFFFFF0CFFFFFFFF0C250000000C100000000C260000000C270000000B0C0A00000004000000000CFFFFFFFF110D06636F656467650CFFFFFFFF04FFFFFFFF0CFFFFFFFF0C100000000C250000000C210000000C280000000A0C0A00000004000000000CFFFFFFFF110D06636F656467
310
650C2900000004FFFFFFFF0CFFFFFFFF0C230000000C2A0000000C100000000C1A0000000A0C2B00000004000000000CFFFFFFFF110D04656467650CFFFFFFFF04FFFFFFFF0CFFFFFFFF0C2C000000068FA7BE211015F7BF0C2D0000000600000000000000000C100000000C2E0000000B0707756E6B6E6F776E110E0D4154
310
545249425F435553544F4D0D066174747269620CFFFFFFFF04FFFFFFFF0CFFFFFFFF0CFFFFFFFF0C12000000071667656E657269635F7461675F6174747269625F6465660403000000040300000004FFFFFFFF071767656E657269635F7461675F6174747269625F6465662004010000000402000000070239330400000000
310
0401000000042D0100000400000000110D04666163650C2F00000004FFFFFFFF0CFFFFFFFF0C300000000C310000000C060000000CFFFFFFFF0C320000000B0B110D046C6F6F700CFFFFFFFF04FFFFFFFF0CFFFFFFFF0CFFFFFFFF0C330000000C12000000110E05706C616E650D07737572666163650CFFFFFFFF04FFFFFF
310
FF0CFFFFFFFF13010000000000FCBFA6B8C9E4EFD6FFBF000000000000000014000000000000F03F00000000000000000000000000000000140000000000000000000000000000244000000000000000000B0B0B0B0B110D06636F656467650C3400000004FFFFFFFF0CFFFFFFFF0C350000000C360000000C370000000C38
310
0000000B0C1300000004000000000CFFFFFFFF110E0D4154545249425F435553544F4D0D066174747269620CFFFFFFFF04FFFFFFFF0C390000000CFFFFFFFF0C150000000711736B657463685F6174747269625F64656604010000000401000000040300000007163234302030203432393439363732393520302031203111
310
0D06636F656467650CFFFFFFFF04FFFFFFFF0CFFFFFFFF0C3A0000000C150000000C180000000C280000000B0C0E00000004000000000CFFFFFFFF110D06636F656467650CFFFFFFFF04FFFFFFFF0CFFFFFFFF0C150000000C3A0000000C350000000C3B0000000A0C0E00000004000000000CFFFFFFFF110D06636F656467
310
650C3C00000004FFFFFFFF0CFFFFFFFF0C370000000C190000000C150000000C240000000A0C2B00000004000000000CFFFFFFFF110D04656467650CFFFFFFFF04FFFFFFFF0CFFFFFFFF0C3D000000061DFA3AEABF78C9BF0C2C0000000619FA3AEABF78C93F0C150000000C3E0000000B0707756E6B6E6F776E110D06636F
310
656467650CFFFFFFFF04FFFFFFFF0CFFFFFFFF0C180000000C170000000C3F0000000C400000000A0C0A00000004000000000CFFFFFFFF110D06636F656467650CFFFFFFFF04FFFFFFFF0CFFFFFFFF0C330000000C410000000C170000000C270000000A0C1D00000004000000000CFFFFFFFF110D04656467650CFFFFFFFF
310
04FFFFFFFF0CFFFFFFFF0C2D0000000600000000000000000C4200000006000000000000E03F0C260000000C430000000B0707756E6B6E6F776E110D04656467650CFFFFFFFF04FFFFFFFF0CFFFFFFFF0C2C0000000600000000000000000C4400000006000000000000E03F0C210000000C450000000B0707756E6B6E6F77
310
6E110E0D4154545249425F435553544F4D0D066174747269620CFFFFFFFF04FFFFFFFF0CFFFFFFFF0CFFFFFFFF0C190000000711736B657463685F6174747269625F6465660401000000040100000004030000000718323334203235342034323934393637323935203020312031110D06636F656467650C4600000004FFFF
310
FFFF0CFFFFFFFF0C190000000C370000000C330000000C470000000A0C2B00000004000000000CFFFFFFFF110D046C6F6F700CFFFFFFFF04FFFFFFFF0CFFFFFFFF0C480000000C2A0000000C49000000110D067665727465780CFFFFFFFF04FFFFFFFF0CFFFFFFFF0C1A00000004000000000C4A000000110D067665727465
310
780CFFFFFFFF04FFFFFFFF0CFFFFFFFF0C1A00000004010000000C4B000000110E07656C6C697073650D0563757276650CFFFFFFFF04FFFFFFFF0CFFFFFFFF130000000000000000000000000000000000000000000000001400000000000000800000000000000080000000000000F0BF14FEFFFFFFFFFFFBBFA6B8C9E4EF
310
D6FFBF000000000000000006000000000000F03F0A068FA7BE211015F7BF0A060000000000000080110E0D4154545249425F435553544F4D0D066174747269620CFFFFFFFF04FFFFFFFF0CFFFFFFFF0CFFFFFFFF0C1C000000071667656E657269635F7461675F6174747269625F6465660403000000040300000004FFFFFF
310
FF071767656E657269635F7461675F6174747269625F64656620040100000004020000000702393204000000000401000000042D0100000400000000110D04666163650C4C00000004FFFFFFFF0CFFFFFFFF0C4D0000000C4E0000000C060000000CFFFFFFFF0C4F0000000B0B110D046C6F6F700CFFFFFFFF04FFFFFFFF0C
310
FFFFFFFF0CFFFFFFFF0C500000000C1C000000110E0673706C696E650D07737572666163650CFFFFFFFF04FFFFFFFF0CFFFFFFFF0B0F0D0B63796C5F73706C5F737572043C5A00000D08696E7463757276650B0F0D0D65786163745F696E745F637572043C5A000015000000000D056E757262730405000000150000000004
310
0B0000000600000000000000000405000000069A9999999999B93F0401000000069A9999999999C93F040100000006343333333333D33F0401000000069A9999999999D93F040100000006000000000000E03F040100000006333333333333E33F040100000006666666666666E63F040100000006999999999999E93F0401
310
00000006CCCCCCCCCCCCEC3F040100000006000000000000F03F040500000006EA2F37D10C5241C006010000000000344006000000000000000006000000000000F03F0633F356F7F03E41C00676E933FBEA92334006000000000000000006000000000000F03F065A5E58E0DD1541C006641F3A68E6C23240060000000000
310
00000006000000000000F03F0647971207AFCF40C0062DF6F91D50A9314006000000000000000006000000000000F03F0622EA3F0AAF6040C00616FF780FBD6F304006000000000000000006000000000000F03F067CB2F9DD4C6E3FC0061195DE3E31AA2E4006000000000000000006000000000000F03F06F06152E5A4D9
310
3DC0060D65505FD75D2D4006000000000000000006000000000000F03F0696C131F9B9003CC00633A0065BEA032D4006000000000000000006000000000000F03F0695D6730A0CE639C006567C717F89932D4006000000000000000006000000000000F03F061D68ED67528F37C0066B7B1BFB67F82E400600000000000000
310
0006000000000000F03F06BD75B864BB0235C006C7377F27498E304006000000000000000006000000000000F03F064EE53486C9D132C0063C13622E94AE314006000000000000000006000000000000F03F06CEAC61B0BA1831C0063762A0E3EEAA324006000000000000000006000000000000F03F06D06297E196D32FC0
310
06D49F6349F762334006000000000000000006000000000000F03F06E829E2E534A02EC006649F2C84EEC2334006000000000000000006000000000000F03F0600000000000000000D0C6E756C6C5F737572666163650D0C6E756C6C5F737572666163650D066E756C6C62730D066E756C6C62730B0B040000000004000000
310
00040000000004000000000A06000000000000F03F0A06000000000000000015000000001500000000100A06185B1CBBF2DEEE3F0A06000000000000F03F1400000000000000000000000000000000000000000000244013FA865B133E703AC03DD0B8C919493140000000000000000015020000000A06185B1CBBF2DEEE3F
310
0A06000000000000F03F0A0600000000000000000A06000000000000E03F15000000001500000000150000000015000000000400000000040000000004000000000400000000040000000004000000000B100B0B0B0B110D06636F656467650C5100000004FFFFFFFF0CFFFFFFFF0C520000000C260000000C2A0000000C47
310
0000000B0C1D00000004000000000CFFFFFFFF110E0D4154545249425F435553544F4D0D066174747269620CFFFFFFFF04FFFFFFFF0CFFFFFFFF0CFFFFFFFF0C1F0000000711736B657463685F6174747269625F64656604010000000401000000040300000007183233342032353120343239343936373239352030203120
310
31110D06636F656467650CFFFFFFFF04FFFFFFFF0CFFFFFFFF0C530000000C1F0000000C220000000C3B0000000B0C1300000004000000000CFFFFFFFF110D06636F656467650CFFFFFFFF04FFFFFFFF0CFFFFFFFF0C1F0000000C530000000C520000000C540000000A0C1300000004000000000CFFFFFFFF110D06636F65
310
6467650C5500000004FFFFFFFF0CFFFFFFFF0C2A0000000C230000000C1F0000000C380000000A0C2B00000004000000000CFFFFFFFF110D04656467650CFFFFFFFF04FFFFFFFF0CFFFFFFFF0C56000000068CA7BE211015F7BF0C3D0000000600000000000000000C1F0000000C570000000B0707756E6B6E6F776E110E0D
310
4154545249425F435553544F4D0D066174747269620CFFFFFFFF04FFFFFFFF0CFFFFFFFF0C200000000C150000000711736B657463685F6174747269625F646566040100000004010000000403000000071632343220302034323934393637323935203020312031110D06636F656467650CFFFFFFFF04FFFFFFFF0CFFFFFF
310
FF0C220000000C210000000C580000000C590000000A0C0E00000004000000000CFFFFFFFF110D04656467650CFFFFFFFF04FFFFFFFF0CFFFFFFFF0C3D0000000600000000000000000C5A00000006000000000000E03F0C350000000C5B0000000B0707756E6B6E6F776E110E0D4154545249425F435553544F4D0D066174
310
747269620CFFFFFFFF04FFFFFFFF0C5C0000000CFFFFFFFF0C230000000711736B657463685F6174747269625F646566040100000004010000000403000000071632343220302034323934393637323935203020312031110D067665727465780CFFFFFFFF04FFFFFFFF0CFFFFFFFF0C2400000004000000000C5D00000011
310
0E0873747261696768740D0563757276650CFFFFFFFF04FFFFFFFF0CFFFFFFFF13010000000000FC3F00000000000000000000000000000000144C8ADEF43D20E93C00000000000024C000000000000000000A061DFA3AEABF78C9BF0A0619FA3AEABF78C93F110D06636F656467650CFFFFFFFF04FFFFFFFF0CFFFFFFFF0C
310
5E0000000C580000000C250000000C400000000B0C5F00000004000000000CFFFFFFFF110D04656467650CFFFFFFFF04FFFFFFFF0CFFFFFFFF0C44000000068FA7BE211015F7BF0C420000000600000000000000800C250000000C600000000B0707756E6B6E6F776E110D06636F656467650CFFFFFFFF04FFFFFFFF0CFFFF
310
FFFF0C260000000C520000000C5E0000000C610000000A0C1D00000004000000000CFFFFFFFF110D067665727465780CFFFFFFFF04FFFFFFFF0CFFFFFFFF0C2700000004010000000C62000000110E0873747261696768740D0563757276650CFFFFFFFF04FFFFFFFF0CFFFFFFFF13FEFFFFFFFFFFFBBFA6B8C9E4EFD6FFBF
310
0000000000000000140000000000000000000000000000000000000000000024400B0B110D067665727465780CFFFFFFFF04FFFFFFFF0CFFFFFFFF0C4000000004000000000C63000000110E0873747261696768740D0563757276650CFFFFFFFF04FFFFFFFF0CFFFFFFFF13030000000000FC3FA0B8C9E4EFD6FFBF000000
310
0000000000140000000000000000000000000000000000000000000024400B0B110E0D4154545249425F435553544F4D0D066174747269620CFFFFFFFF04FFFFFFFF0C640000000CFFFFFFFF0C2A0000000711736B657463685F6174747269625F646566040100000004010000000403000000071632343620302034323934
310
393637323935203020312032110D04656467650CFFFFFFFF04FFFFFFFF0CFFFFFFFF0C2D000000061EFA3AEABF78C9BF0C56000000061DFA3AEABF78C93F0C330000000C650000000B0707756E6B6E6F776E110D046C6F6F700CFFFFFFFF04FFFFFFFF0CFFFFFFFF0CFFFFFFFF0C660000000C49000000110D04666163650C
310
6700000004FFFFFFFF0CFFFFFFFF0CFFFFFFFF0C2B0000000C060000000CFFFFFFFF0C680000000A0B110D05706F696E740CFFFFFFFF04FFFFFFFF0CFFFFFFFF13030000000000FC3FA0B8C9E4EFD6FFBF0000000000000000110D05706F696E740CFFFFFFFF04FFFFFFFF0CFFFFFFFF13FEFFFFFFFFFFFBBFA6B8C9E4EFD6
310
FFBF0000000000000000110E0D4154545249425F435553544F4D0D066174747269620CFFFFFFFF04FFFFFFFF0CFFFFFFFF0CFFFFFFFF0C30000000071667656E657269635F7461675F6174747269625F6465660403000000040300000004FFFFFFFF071767656E657269635F7461675F6174747269625F6465662004010000
310
0004020000000702393104000000000401000000042D0100000400000000110D04666163650C6900000004FFFFFFFF0CFFFFFFFF0C6A0000000C6B0000000C060000000CFFFFFFFF0C6C0000000B0B110D046C6F6F700CFFFFFFFF04FFFFFFFF0CFFFFFFFF0CFFFFFFFF0C6D0000000C30000000110E0673706C696E650D07
310
737572666163650CFFFFFFFF04FFFFFFFF0CFFFFFFFF0B0F0D0B63796C5F73706C5F737572043C5A00000D08696E7463757276650B0F0D0D65786163745F696E745F637572043C5A000015000000000D056E7572627304050000001500000000040B0000000600000000000000000405000000069A9999999999B93F040100
310
0000069A9999999999C93F040100000006343333333333D33F0401000000069A9999999999D93F040100000006000000000000E03F040100000006333333333333E33F040100000006666666666666E63F040100000006999999999999E93F040100000006CCCCCCCCCCCCEC3F040100000006000000000000F03F04050000
310
0006A41BCB2625B639C0064824838B4BA43E4006000000000000000006000000000000F03F068E3E135EF6E939C0066144A4E3FC1C3E4006000000000000000006000000000000F03F0694333E87B2483AC006103A948219153D4006000000000000000006000000000000F03F067316D5141ABC3AC00620E4D024729D3B40
310
06000000000000000006000000000000F03F06BCAE5B24B21F3BC006B3D5642E99D1394006000000000000000006000000000000F03F06EA2301B4A33B3BC006438F16E2C2DB374006000000000000000006000000000000F03F06BAC1CC769FEE3AC0067ACD29F54035364006000000000000000006000000000000F03F06
310
8B92ED076B303AC0068C755E6E4BE4344006000000000000000006000000000000F03F06C61ECE4728FD38C006E31434A5CEEB334006000000000000000006000000000000F03F06B397D009315A37C006CADCE446BF47334006000000000000000006000000000000F03F06EBFF347A405035C0069CC0AFF783F132400600
310
0000000000000006000000000000F03F061299A40E3B6333C0066338820892E5324006000000000000000006000000000000F03F069B03B9E1BBC931C00655A595F9A3FA324006000000000000000006000000000000F03F06B402E9E45DA730C00630BC86A8D015334006000000000000000006000000000000F03F0646F1
310
3E38D71130C006ADF63137AF26334006000000000000000006000000000000F03F0600000000000000000D0C6E756C6C5F737572666163650D0C6E756C6C5F737572666163650D066E756C6C62730D066E756C6C62730B0B04000000000400000000040000000004000000000A06000000000000F03F0A0600000000000000
310
0015000000001500000000100A0600000000000000000A06C2D12C4ABCADEF3F140000000000000000000000000000000000000000000024401304CE4AE3EF7137C0A51858053CF73640000000000000000015020000000A0600000000000000000A06C2D12C4ABCADEF3F0A0600000000000000000A06000000000000E03F
310
15000000001500000000150000000015000000000400000000040000000004000000000400000000040000000004000000000B100B0B0B0B110D06636F656467650C6E00000004FFFFFFFF0CFFFFFFFF0C6F0000000C700000000C710000000C720000000B0C3100000004000000000C73000000110E0D4154545249425F43
310
5553544F4D0D066174747269620CFFFFFFFF04FFFFFFFF0C740000000CFFFFFFFF0C330000000711736B657463685F6174747269625F646566040100000004010000000403000000071632343420302034323934393637323935203020312031110D06636F656467650CFFFFFFFF04FFFFFFFF0CFFFFFFFF0C410000000C33
310
0000000C360000000C540000000B0C1D00000004000000000CFFFFFFFF110D06636F656467650CFFFFFFFF04FFFFFFFF0CFFFFFFFF0C360000000C350000000C750000000C760000000A0C1300000004000000000CFFFFFFFF110D04656467650CFFFFFFFF04FFFFFFFF0CFFFFFFFF0C560000000600000000000000000C77
310
00000006000000000000E03F0C520000000C780000000B0707756E6B6E6F776E110E0D4154545249425F435553544F4D0D066174747269620CFFFFFFFF04FFFFFFFF0CFFFFFFFF0CFFFFFFFF0C370000000711736B657463685F6174747269625F646566040100000004010000000403000000071832333420323531203432
310
3934393637323935203020312031110D067665727465780CFFFFFFFF04FFFFFFFF0CFFFFFFFF0C3800000004000000000C79000000110E07656C6C697073650D0563757276650CFFFFFFFF04FFFFFFFF0CFFFFFFFF130000000000000000000000000000000000000000000000001400000000000000000000000000000000
310
000000000000F0BF14FEFFFFFFFFFFFB3FA4B8C9E4EFD6FF3F000000000000000006000000000000F03F0A068CA7BE211015F7BF0A060000000000000080110D06636F656467650CFFFFFFFF04FFFFFFFF0CFFFFFFFF0C3F0000000C750000000C3A0000000C590000000B0C5F00000004000000000CFFFFFFFF110D046564
310
67650CFFFFFFFF04FFFFFFFF0CFFFFFFFF0C5A000000061DFA3AEABF78C9BF0C440000000619FA3AEABF78C93F0C3A0000000C7A0000000B0707756E6B6E6F776E110D067665727465780CFFFFFFFF04FFFFFFFF0CFFFFFFFF0C5900000004000000000C7B000000110E0873747261696768740D0563757276650CFFFFFFFF
310
04FFFFFFFF0CFFFFFFFF13FEFFFFFFFFFFFB3FA4B8C9E4EFD6FF3F0000000000000000140000000000000000000000000000000000000000000024400B0B110E0D4154545249425F435553544F4D0D066174747269620CFFFFFFFF04FFFFFFFF0CFFFFFFFF0C3C0000000C230000000711736B657463685F6174747269625F
310
646566040100000004010000000403000000071632343020302034323934393637323935203020312031110D05706F696E740CFFFFFFFF04FFFFFFFF0CFFFFFFFF13FEFFFFFFFFFFFB3FA4B8C9E4EFD6FF3F0000000000000000110D06636F656467650CFFFFFFFF04FFFFFFFF0CFFFFFFFF0C750000000C3F0000000C4100
310
00000C610000000B0C5F00000004000000000CFFFFFFFF110D046C6F6F700CFFFFFFFF04FFFFFFFF0CFFFFFFFF0C7C0000000C5E0000000C7D000000110E07656C6C697073650D0563757276650CFFFFFFFF04FFFFFFFF0CFFFFFFFF1300000000000000000000000000000000000000000000144014000000000000008000
310
00000000000080000000000000F0BF14FEFFFFFFFFFFFBBFA6B8C9E4EFD6FFBF000000000000000006000000000000F03F0B0B110D04656467650CFFFFFFFF04FFFFFFFF0CFFFFFFFF0C42000000061EFA3AEABF78C9BF0C77000000061DFA3AEABF78C93F0C410000000C7E0000000B0707756E6B6E6F776E110D05706F69
310
6E740CFFFFFFFF04FFFFFFFF0CFFFFFFFF13FEFFFFFFFFFFFBBFA6B8C9E4EFD6FFBF0000000000001440110D05706F696E740CFFFFFFFF04FFFFFFFF0CFFFFFFFF13030000000000FC3FA0B8C9E4EFD6FFBF0000000000001440110E0D4154545249425F435553544F4D0D066174747269620CFFFFFFFF04FFFFFFFF0CFFFF
310
FFFF0C460000000C2A0000000711736B657463685F6174747269625F646566040100000004010000000403000000071632343420302034323934393637323935203020312031110E0873747261696768740D0563757276650CFFFFFFFF04FFFFFFFF0CFFFFFFFF13010000000000FCBF000000000000000000000000000000
310
00140000000000000000000000000000244000000000000000000A061EFA3AEABF78C9BF0A061DFA3AEABF78C93F110D06636F656467650C7F00000004FFFFFFFF0CFFFFFFFF0C710000000C800000000C810000000C820000000A0C4800000004000000000CFFFFFFFF110E0D4154545249425F435553544F4D0D06617474
310
7269620CFFFFFFFF04FFFFFFFF0CFFFFFFFF0CFFFFFFFF0C49000000071667656E657269635F7461675F6174747269625F6465660403000000040300000004FFFFFFFF071767656E657269635F7461675F6174747269625F646566200401000000040100000007013104000000000401000000042D0100000400000000110E
310
05706C616E650D07737572666163650CFFFFFFFF04FFFFFFFF0CFFFFFFFF130000000000000000000000000000000000000000000000001400000000000000000000000000000000000000000000F03F140000000000002440000000000000000000000000000000000B0B0B0B0B110E0D4154545249425F435553544F4D0D
310
066174747269620CFFFFFFFF04FFFFFFFF0CFFFFFFFF0CFFFFFFFF0C4D000000071667656E657269635F7461675F6174747269625F6465660403000000040300000004FFFFFFFF071767656E657269635F7461675F6174747269625F64656620040100000004020000000702393004000000000401000000042D0100000400
310
000000110D04666163650C8300000004FFFFFFFF0CFFFFFFFF0C840000000C850000000C060000000CFFFFFFFF0C860000000B0B110D046C6F6F700CFFFFFFFF04FFFFFFFF0CFFFFFFFF0CFFFFFFFF0C870000000C4D000000110E0673706C696E650D07737572666163650CFFFFFFFF04FFFFFFFF0CFFFFFFFF0B0F0D0B63
310
796C5F73706C5F737572043C5A00000D08696E7463757276650A0F0D0D65786163745F696E745F637572043C5A000015000000000D056E7572627304050000001500000000040B0000000600000000000000000405000000069A9999999999B93F0401000000069A9999999999C93F040100000006343333333333D33F0401
310
000000069A9999999999D93F040100000006000000000000E03F040100000006333333333333E33F040100000006666666666666E63F040100000006999999999999E93F040100000006CCCCCCCCCCCCEC3F040100000006000000000000F03F040500000006A41BCB2625B639C0064824838B4BA43E400600000000000000
310
0006000000000000F03F06EC89D1658AB739C0069A144163B8303E4006000000000000000006000000000000F03F062A1036F27DB139C0063A8A7A9726513D4006000000000000000006000000000000F03F0643D67047E68D39C006B45EAB9689183C4006000000000000000006000000000000F03F060F10B460892839C0
310
063F78A607F2A53A4006000000000000000006000000000000F03F06382F1147964A38C00608F3BF746128394006000000000000000006000000000000F03F060AA11A862B0737C0062D72CD82D301384006000000000000000006000000000000F03F06B029EFA7265A35C006E47753D8D335374006000000000000000006
310
000000000000F03F068BFE08AD654733C00660312D8311C1364006000000000000000006000000000000F03F069A8DFE59C0D730C006809DBC49F79B364006000000000000000006000000000000F03F062C4CE6248D292CC006178D2A0F52BE364006000000000000000006000000000000F03F0698C4B5AA1D4627C006E4
310
68B47C5F0D374006000000000000000006000000000000F03F066265C4DA935C23C0063CA52165A863374006000000000000000006000000000000F03F06362EAD675CA520C00681526E7AFBA8374006000000000000000006000000000000F03F0688CB3511BE851EC006BEDFCC5798CE3740060000000000000000060000
310
00000000F03F0600000000000000000D0C6E756C6C5F737572666163650D0C6E756C6C5F737572666163650D066E756C6C62730D066E756C6C62730B0B04000000000400000000040000000004000000000A06000000000000F03F0A06000000000000000015000000001500000000100A060B5B1CBBF2DEEEBF0A06000000
310
00000000801400000000000000000000000000000000000000000000244013F217C30B98EE32C03EF0E7191C493940000000000000000015020000000A060B5B1CBBF2DEEEBF0A0600000000000000800A0600000000000000000A06000000000000E03F150000000015000000001500000000150000000004000000000400
310
00000004000000000400000000040000000004000000000B100B0B0B0B110D06636F656467650C8800000004FFFFFFFF0CFFFFFFFF0C890000000C8A0000000C8B0000000C8C0000000B0C4E00000004000000000C8D000000110E0D4154545249425F435553544F4D0D066174747269620CFFFFFFFF04FFFFFFFF0CFFFFFF
310
FF0CFFFFFFFF0C500000000711736B657463685F6174747269625F646566040100000004010000000403000000070D31333420302030203020322032110D06636F656467650CFFFFFFFF04FFFFFFFF0CFFFFFFFF0C8E0000000C500000000C8F0000000C900000000B0C3100000004000000000C91000000110D06636F6564
310
67650CFFFFFFFF04FFFFFFFF0CFFFFFFFF0C500000000C8E0000000C890000000C920000000A0C3100000004000000000C93000000110D06636F656467650C9400000004FFFFFFFF0CFFFFFFFF0C8B0000000C660000000C500000000C720000000A0C4800000004000000000CFFFFFFFF110D04656467650CFFFFFFFF04FF
310
FFFFFF0CFFFFFFFF0C9500000006185B1CBBF2DEEE3F0C9600000006000000000000F03F0C500000000C970000000B0707756E6B6E6F776E110D067063757276650CFFFFFFFF04FFFFFFFF0CFFFFFFFF04000000000B0F0D0B6578705F7061725F6375720D046E75627304010000001500000000040200000006185B1CBBF2
310
DEEE3F040100000006000000000000F03F040100000006295B1CBBF2DEEE3F06000000000000000006000000000000F03F0600000000000000000600000000000000000D0673706C696E650B0F0D037265660400000000100B0B0B0B10060000000000000000060000000000000000110E0D4154545249425F435553544F4D
310
0D066174747269620CFFFFFFFF04FFFFFFFF0CFFFFFFFF0C510000000C330000000711736B657463685F6174747269625F646566040100000004010000000403000000071632343620302034323934393637323935203020312032110D06636F656467650CFFFFFFFF04FFFFFFFF0CFFFFFFFF0C580000000C5E0000000C53
310
0000000C760000000B0C5F00000004000000000CFFFFFFFF110D04656467650CFFFFFFFF04FFFFFFFF0CFFFFFFFF0C77000000068CA7BE211015F7BF0C5A0000000600000000000000800C530000000C980000000B0707756E6B6E6F776E110D067665727465780CFFFFFFFF04FFFFFFFF0CFFFFFFFF0C7600000004000000
310
000C99000000110E0873747261696768740D0563757276650CFFFFFFFF04FFFFFFFF0CFFFFFFFF13FEFFFFFFFFFFFBBFA4B8C9E4EFD6FF3F0000000000000000140000000000000000000000000000000000000000000024400B0B110D05706F696E740CFFFFFFFF04FFFFFFFF0CFFFFFFFF13FEFFFFFFFFFFFBBFA4B8C9E4
310
EFD6FF3F0000000000000000110E0873747261696768740D0563757276650CFFFFFFFF04FFFFFFFF0CFFFFFFFF13010000000000FC3F00000000000000000000000000001440144C8ADEF43D20E93C00000000000024C000000000000000000B0B110D05706F696E740CFFFFFFFF04FFFFFFFF0CFFFFFFFF13FEFFFFFFFFFF
310
FB3FA6B8C9E4EFD6FF3F0000000000001440110D046C6F6F700CFFFFFFFF04FFFFFFFF0CFFFFFFFF0CFFFFFFFF0C9A0000000C7D000000110D04666163650C9B00000004FFFFFFFF0CFFFFFFFF0C490000000C5F0000000C060000000CFFFFFFFF0C9C0000000B0B110E0873747261696768740D0563757276650CFFFFFFFF
310
04FFFFFFFF0CFFFFFFFF13010000000000FCBF00000000000000000000000000001440140000000000000000000000000000244000000000000000000B0B110E0D4154545249425F435553544F4D0D066174747269620CFFFFFFFF04FFFFFFFF0CFFFFFFFF0CFFFFFFFF0C660000000711736B657463685F6174747269625F
310
646566040100000004010000000403000000070F313037203020302030203134203336110D06636F656467650C9D00000004FFFFFFFF0CFFFFFFFF0C660000000C9E0000000C9F0000000CA00000000B0C4800000004000000000CFFFFFFFF110D06636F656467650CA100000004FFFFFFFF0CFFFFFFFF0CA20000000C8F00
310
00000C660000000C820000000B0CA300000004000000000CFFFFFFFF110D04656467650CFFFFFFFF04FFFFFFFF0CFFFFFFFF0C9600000006DCEFC2311DD701400CA400000006AEE7DBBCC32602400C810000000CA50000000B0707756E6B6E6F776E110E0D4154545249425F435553544F4D0D066174747269620CFFFFFFFF
310
04FFFFFFFF0CFFFFFFFF0CFFFFFFFF0C6A000000071667656E657269635F7461675F6174747269625F6465660403000000040300000004FFFFFFFF071767656E657269635F7461675F6174747269625F64656620040100000004020000000702383904000000000401000000042D0100000400000000110D04666163650CA6
310
00000004FFFFFFFF0CFFFFFFFF0CA70000000CA80000000C060000000CFFFFFFFF0CA90000000B0B110D046C6F6F700CFFFFFFFF04FFFFFFFF0CFFFFFFFF0CFFFFFFFF0CAA0000000C6A000000110E0673706C696E650D07737572666163650CFFFFFFFF04FFFFFFFF0CFFFFFFFF0B0F0D0B63796C5F73706C5F737572043C
310
5A00000D08696E7463757276650A0F0D0D65786163745F696E745F637572043C5A000015000000000D056E7572627304050000001500000000040B0000000600000000000000000405000000069A9999999999B93F0401000000069A9999999999C93F040100000006343333333333D33F0401000000069A9999999999D93F
310
040100000006000000000000E03F040100000006333333333333E33F040100000006666666666666E63F040100000006999999999999E93F040100000006CCCCCCCCCCCCEC3F040100000006000000000000F03F040500000006F18EAC91925C2BC006325C73E939CB424006000000000000000006000000000000F03F0646
310
D69041831A2CC006A365878D8394424006000000000000000006000000000000F03F06CB9F980211812DC0063FEB5D45BA28424006000000000000000006000000000000F03F06E087A014EB5A2FC006B0B245A2F68B414006000000000000000006000000000000F03F06ED6EDAF052A830C0061FFD04F5EFC44040060000
310
00000000000006000000000000F03F06DB72E984386E31C006CC5531FCDBBB3F4006000000000000000006000000000000F03F06090E40DF5AB631C0068867C5AB7D143E4006000000000000000006000000000000F03F06128AB521DE7631C006B2D9DE8ECC963C4006000000000000000006000000000000F03F06687D3B
310
F01FAB30C006027D2F3735443B4006000000000000000006000000000000F03F06BDECB63713B32EC00638FA0544BF1A3A4006000000000000000006000000000000F03F06EFA73AA022192BC00671267DB43317394006000000000000000006000000000000F03F06F8E1AABCBA8227C006A9E499A75A6338400600000000
310
0000000006000000000000F03F061CEA46E6B67224C0062CA5A1ED18EB374006000000000000000006000000000000F03F0684E2760C6A3E22C0062007E85952A1374006000000000000000006000000000000F03F0657D90B9BDB1921C0063E33D063087E374006000000000000000006000000000000F03F060000000000
310
0000000D0C6E756C6C5F737572666163650D0C6E756C6C5F737572666163650D066E756C6C62730D066E756C6C62730B0B04000000000400000000040000000004000000000A06000000000000F03F0A06000000000000000015000000001500000000100A06000000000000F0BF0A06FFF72D4ABCADEFBF14000000000000
310
00000000000000000000000000000000244013684E1E97515A2CC01C3F51E474993D40000000000000000015020000000A06000000000000F0BF0A06FFF72D4ABCADEFBF0A0600000000000000000A06000000000000E03F150000000015000000001500000000150000000004000000000400000000040000000004000000
310
00040000000004000000000B100B0B0B0B110D06636F656467650CAB00000004FFFFFFFF0CFFFFFFFF0CAC0000000CAD0000000CAE0000000CAF0000000A0C6B00000004000000000CB0000000110E0D4154545249425F435553544F4D0D066174747269620CFFFFFFFF04FFFFFFFF0CFFFFFFFF0CFFFFFFFF0C6D00000007
310
11736B657463685F6174747269625F646566040100000004010000000403000000070D31323420302030203020312032110D06636F656467650CFFFFFFFF04FFFFFFFF0CFFFFFFFF0CB10000000C6D0000000CB20000000C920000000B0C4E00000004000000000CB3000000110D06636F656467650CFFFFFFFF04FFFFFFFF
310
0CFFFFFFFF0C6D0000000CB10000000CAC0000000CB40000000A0C4E00000004000000000CB5000000110D06636F656467650CB600000004FFFFFFFF0CFFFFFFFF0CAE0000000C710000000C6D0000000C8C0000000A0C4800000004000000000CFFFFFFFF110D04656467650CFFFFFFFF04FFFFFFFF0CFFFFFFFF0CB70000
310
000600000000000000000C9500000006C2D12C4ABCADEF3F0C6D0000000CB80000000B0707756E6B6E6F776E110D067063757276650CFFFFFFFF04FFFFFFFF0CFFFFFFFF04000000000B0F0D0B6578705F7061725F6375720D046E756273040100000015000000000402000000060000000000000000040100000006C2D12C
310
4ABCADEF3F040100000006000000000000000006000000000000000006FCF72D4ABCADEF3F0600000000000000000600000000000000000D0673706C696E650B0F0D037265660402000000100B0B0B0B10060000000000000000060000000000000000110D06636F656467650CFFFFFFFF04FFFFFFFF0CFFFFFFFF0C700000
310
000C6F0000000CB90000000CBA0000000A0C3100000004000000000CBB000000110D06636F656467650CFFFFFFFF04FFFFFFFF0CFFFFFFFF0C810000000CBC0000000C6F0000000C900000000A0CA300000004000000000CFFFFFFFF110D04656467650CFFFFFFFF04FFFFFFFF0CFFFFFFFF0C960000000600000000000000
310
000CBD00000006000000000000E03F0C8F0000000CBE0000000B0707756E6B6E6F776E110D067063757276650CFFFFFFFF04FFFFFFFF0CFFFFFFFF04000000000B0F0D0B6578705F7061725F6375720D046E756273040100000015000000000402000000060000000000000000040100000006000000000000E03F04010000
310
0006000000000000F03F06000000000000000006000000000000F03F06000000000000E03F0600000000000000000D0673706C696E650B0F0D037265660400000000100B0B0B0B10060000000000000000060000000000000000110D04656467650CFFFFFFFF04FFFFFFFF0CFFFFFFFF0C950000000600000000000000000C
310
BF00000006000000000000E03F0CC00000000CC10000000B0707756E6B6E6F776E110D067063757276650CFFFFFFFF04FFFFFFFF0CFFFFFFFF04000000000B0F0D0B6578705F7061725F6375720D046E75627304010000001500000000040200000006000000000000E0BF0401000000060000000000000080040100000006
310
185B1CBBF2DEEE3F06000000000000E03F06185B1CBBF2DEEE3F0600000000000000000600000000000000000D0673706C696E650B0F0D037265660400000000100B0B0B0B10060000000000000000060000000000000000110E0D4154545249425F435553544F4D0D066174747269620CFFFFFFFF04FFFFFFFF0CFFFFFFFF
310
0CFFFFFFFF0C710000000711736B657463685F6174747269625F646566040100000004010000000403000000070D31333420302030203020322032110D067665727465780CFFFFFFFF04FFFFFFFF0CFFFFFFFF0C7200000004000000000CC2000000110D067665727465780CFFFFFFFF04FFFFFFFF0CFFFFFFFF0C72000000
310
04010000000CC3000000110E08696E7463757276650D0563757276650CFFFFFFFF04FFFFFFFF0CFFFFFFFF0B0F0D037265660401000000100A06075B1CBBF2DEEE3F0A06000000000000F03F110E07656C6C697073650D0563757276650CFFFFFFFF04FFFFFFFF0CFFFFFFFF13000000000000000000000000000000000000
310
0000000014401400000000000000000000000000000000000000000000F0BF14FEFFFFFFFFFFFB3FA4B8C9E4EFD6FF3F000000000000000006000000000000F03F0B0B110D05706F696E740CFFFFFFFF04FFFFFFFF0CFFFFFFFF13FEFFFFFFFFFFFBBFA6B8C9E4EFD6FF3F0000000000001440110D06636F656467650CFFFF
310
FFFF04FFFFFFFF0CFFFFFFFF0CC40000000CB90000000CBC0000000CC50000000B0C7C00000004000000000CFFFFFFFF110E0D4154545249425F435553544F4D0D066174747269620CFFFFFFFF04FFFFFFFF0CFFFFFFFF0CFFFFFFFF0C7D000000071667656E657269635F7461675F6174747269625F646566040300000004
310
0300000004FFFFFFFF071767656E657269635F7461675F6174747269625F646566200401000000040100000007013204000000000401000000042D0100000400000000110E05706C616E650D07737572666163650CFFFFFFFF04FFFFFFFF0CFFFFFFFF13000000000000000000000000000000000000000000001440140000
310
0000000000000000000000000000000000000000F03F140000000000002440000000000000000000000000000000000B0B0B0B0B110E0D4154545249425F435553544F4D0D066174747269620CFFFFFFFF04FFFFFFFF0CFFFFFFFF0CFFFFFFFF0C800000000711736B657463685F6174747269625F64656604010000000401
310
0000000403000000070D31323420302031203020322032110D06636F656467650CC600000004FFFFFFFF0CFFFFFFFF0C800000000CC70000000CC80000000CC90000000B0C4800000004000000000CFFFFFFFF110D06636F656467650CCA00000004FFFFFFFF0CFFFFFFFF0CC00000000CCB0000000C800000000CA0000000
310
0A0CCC00000004000000000CCD000000110D04656467650CFFFFFFFF04FFFFFFFF0CFFFFFFFF0C9500000006FCF72D4ABCADEF3F0CA400000006000000000000F03F0C9F0000000CCE0000000B0707756E6B6E6F776E110E0D4154545249425F435553544F4D0D066174747269620CFFFFFFFF04FFFFFFFF0CFFFFFFFF0CFF
310
FFFFFF0C810000000711736B657463685F6174747269625F646566040100000004010000000403000000070F313037203020302030203134203336110D06636F656467650CFFFFFFFF04FFFFFFFF0CFFFFFFFF0CBC0000000C810000000CCB0000000CCF0000000B0CA300000004000000000CFFFFFFFF110D046C6F6F700C
310
FFFFFFFF04FFFFFFFF0CFFFFFFFF0CFFFFFFFF0C810000000CD0000000110D067665727465780CFFFFFFFF04FFFFFFFF0CFFFFFFFF0CA000000004010000000CD1000000110E07656C6C697073650D0563757276650CFFFFFFFF04FFFFFFFF0CFFFFFFFF130000000000000000000000000000000000000000000000001400
310
000000000000000000000000000000000000000000F03F1400000000000039400000000000000000000000000000000006000000000000F03F0A06DCEFC2311DD701400A06AEE7DBBCC3260240110E0D4154545249425F435553544F4D0D066174747269620CFFFFFFFF04FFFFFFFF0CFFFFFFFF0CFFFFFFFF0C8400000007
310
1667656E657269635F7461675F6174747269625F6465660403000000040300000004FFFFFFFF071767656E657269635F7461675F6174747269625F64656620040100000004020000000702383804000000000401000000042D0100000400000000110D04666163650CD200000004FFFFFFFF0CFFFFFFFF0CD30000000CD400
310
00000C060000000CFFFFFFFF0CD50000000B0B110D046C6F6F700CFFFFFFFF04FFFFFFFF0CFFFFFFFF0CFFFFFFFF0CD60000000C84000000110E04636F6E650D07737572666163650CFFFFFFFF04FFFFFFFF0CFFFFFFFF13000000000000000000000000000000000000000000000000140000000000000000000000000000
310
0000000000000000F03F1400000000000039400000000000000000000000000000000006000000000000F03F0B0B06000000000000000006000000000000F03F0600000000000039400B0B0B0B0B110D06636F656467650CD700000004FFFFFFFF0CFFFFFFFF0CD80000000CD90000000CDA0000000CDB0000000A0C850000
310
0004000000000CDC000000110E0D4154545249425F435553544F4D0D066174747269620CFFFFFFFF04FFFFFFFF0CFFFFFFFF0CFFFFFFFF0C870000000711736B657463685F6174747269625F646566040100000004010000000403000000070D31323720302031203020312032110D06636F656467650CFFFFFFFF04FFFFFF
310
FF0CFFFFFFFF0CDD0000000C870000000C8A0000000CB40000000B0C6B00000004000000000CDE000000110D06636F656467650CFFFFFFFF04FFFFFFFF0CFFFFFFFF0C870000000CDD0000000CD80000000CDF0000000A0C6B00000004000000000CE0000000110D06636F656467650CE100000004FFFFFFFF0CFFFFFFFF0C
310
DA0000000C8B0000000C870000000CAF0000000B0C4800000004000000000CFFFFFFFF110D04656467650CFFFFFFFF04FFFFFFFF0CFFFFFFFF0CB70000000600000000000000000CE2000000060B5B1CBBF2DEEE3F0C870000000CE30000000B0707756E6B6E6F776E110D067063757276650CFFFFFFFF04FFFFFFFF0CFFFF
310
FFFF04000000000B0F0D0B6578705F7061725F6375720D046E756273040100000015000000000402000000060B5B1CBBF2DEEEBF04010000000600000000000000800401000000061C5B1CBBF2DEEEBF0600000000000000000600000000000000800600000000000000000600000000000000000D0673706C696E650B0F0D
310
037265660404000000100B0B0B0B10060000000000000000060000000000000000110D06636F656467650CFFFFFFFF04FFFFFFFF0CFFFFFFFF0C8A0000000C890000000CE40000000CE50000000A0C4E00000004000000000CE6000000110D06636F656467650CFFFFFFFF04FFFFFFFF0CFFFFFFFF0CC80000000CE7000000
310
0CC00000000C920000000A0CE800000004000000000CE9000000110D067063757276650CFFFFFFFF04FFFFFFFF0CFFFFFFFF04000000000B0F0D0B6578705F7061725F6375720D046E756273040100000015000000000402000000060000000000000000040100000006000000000000E03F040100000006C2D12C4ABCADEF
310
3F06000000000000000006C2D12C4ABCADEF3F06000000000000E03F0600000000000000000D0673706C696E650B0F0D037265660402000000100B0B0B0B10060000000000000000060000000000000000110D04656467650CFFFFFFFF04FFFFFFFF0CFFFFFFFF0CB70000000600000000000000000CEA0000000600000000
310
0000E03F0CAC0000000CEB0000000B0707756E6B6E6F776E110D067063757276650CFFFFFFFF04FFFFFFFF0CFFFFFFFF04000000000B0F0D0B6578705F7061725F6375720D046E75627304010000001500000000040200000006000000000000E0BF0401000000060000000000000080040100000006000000000000000006
310
000000000000E03F0600000000000000000600000000000000000600000000000000000D0673706C696E650B0F0D037265660402000000100B0B0B0B10060000000000000000060000000000000000110E0D4154545249425F435553544F4D0D066174747269620CFFFFFFFF04FFFFFFFF0CFFFFFFFF0CFFFFFFFF0C8B0000
310
000711736B657463685F6174747269625F646566040100000004010000000403000000070D31323420302030203020312032110D067665727465780CFFFFFFFF04FFFFFFFF0CFFFFFFFF0C8C00000004000000000CEC000000110E08696E7463757276650D0563757276650CFFFFFFFF04FFFFFFFF0CFFFFFFFF0B0F0D0372
310
65660403000000100A0600000000000000000A06C2D12C4ABCADEF3F110D06636F656467650CFFFFFFFF04FFFFFFFF0CFFFFFFFF0C9A0000000CE40000000C8E0000000CBA0000000B0C7C00000004000000000CFFFFFFFF110D04656467650CFFFFFFFF04FFFFFFFF0CFFFFFFFF0CBF00000006185B1CBBF2DEEE3F0CBD00
310
000006000000000000F03F0C8E0000000CED0000000B0707756E6B6E6F776E110D067063757276650CFFFFFFFF04FFFFFFFF0CFFFFFFFF04000000000B0F0D0B6578705F7061725F6375720D046E75627304010000001500000000040200000006000000000000F0BF040100000006185B1CBBF2DEEEBF0401000000060000
310
00000000F03F06000000000000E03F06295B1CBBF2DEEE3F06000000000000E03F0600000000000000000D0673706C696E650B0F0D037265660400000000100B0B0B0B10060000000000000000060000000000000000110D06636F656467650CFFFFFFFF04FFFFFFFF0CFFFFFFFF0C8F0000000CA20000000C9A0000000CC5
310
0000000A0CA300000004000000000CFFFFFFFF110D067665727465780CFFFFFFFF04FFFFFFFF0CFFFFFFFF0C9000000004010000000CEE000000110E0873747261696768740D0563757276650CFFFFFFFF04FFFFFFFF0CFFFFFFFF13E829E2E534A02EC0649F2C84EEC2334000000000000000001400000000000000000000
310
00000000000000000000000024400A0600000000000000000A06000000000000E03F110D067665727465780CFFFFFFFF04FFFFFFFF0CFFFFFFFF0CBA00000004000000000CEF000000110D06636F656467650CFFFFFFFF04FFFFFFFF0CFFFFFFFF0CF00000000C9F0000000C700000000C920000000B0CCC00000004000000
310
000CF1000000110E0873747261696768740D0563757276650CFFFFFFFF04FFFFFFFF0CFFFFFFFF1383A9E4EE7A5C30C06E5DEF968B1E33400000000000000000140000000000000000000000000000000000000000000024400A0600000000000000000A06000000000000E03F110D05706F696E740CFFFFFFFF04FFFFFFFF
310
0CFFFFFFFF1383A9E4EE7A5C30C06E5DEF968B1E33400000000000000000110D05706F696E740CFFFFFFFF04FFFFFFFF0CFFFFFFFF13E829E2E534A02EC0649F2C84EEC233400000000000000000110D06636F656467650CFFFFFFFF04FFFFFFFF0CFFFFFFFF0CF20000000C9A0000000CF00000000CF30000000B0C7C0000
310
0004000000000CFFFFFFFF110D04656467650CFFFFFFFF04FFFFFFFF0CFFFFFFFF0CBD00000006DCEFC2311DD701400CF400000006AEE7DBBCC32602400CBC0000000CF50000000B0707756E6B6E6F776E110E0D4154545249425F435553544F4D0D066174747269620CFFFFFFFF04FFFFFFFF0CFFFFFFFF0CFFFFFFFF0C9E
310
0000000711736B657463685F6174747269625F646566040100000004010000000403000000070D31333420302031203020312032110D06636F656467650CF600000004FFFFFFFF0CFFFFFFFF0C9E0000000CF70000000CF80000000CF90000000A0C4800000004000000000CFFFFFFFF110D06636F656467650CFA00000004
310
FFFFFFFF0CFFFFFFFF0CFB0000000CB20000000C9E0000000CC90000000A0CE800000004000000000CFC000000110D04656467650CFFFFFFFF04FFFFFFFF0CFFFFFFFF0CFD0000000600000000000000000C9500000006075B1CBBF2DEEE3F0CC80000000CFE0000000B0707756E6B6E6F776E110E0D4154545249425F4355
310
53544F4D0D066174747269620CFFFFFFFF04FFFFFFFF0CFFFFFFFF0CFFFFFFFF0C9F0000000711736B657463685F6174747269625F646566040100000004010000000403000000070D31323420302031203020322032110D06636F656467650CFFFFFFFF04FFFFFFFF0CFFFFFFFF0C9F0000000CF00000000CA20000000CCF
310
0000000A0CCC00000004000000000CFF000000110D046C6F6F700CFFFFFFFF04FFFFFFFF0CFFFFFFFF0CFFFFFFFF0C9F0000000C00010000110D067063757276650CFFFFFFFF04FFFFFFFF0CFFFFFFFF04000000000B0F0D0B6578705F7061725F6375720D046E756273040100000015000000000402000000060000000000
310
00F0BF040100000006FCF72D4ABCADEFBF040100000006000000000000F0BF06000000000000000006381E2F4ABCADEFBF0600000000000000000600000000000000000D0673706C696E650B0F0D0B63796C5F73706C5F737572043C5A00000D08696E7463757276650A0F0D037265660403000000100A06000000000000F0
310
BF0A06FCF72D4ABCADEFBF140000000000000000000000000000000000000000000024401304CE4AE3EF7137C0A51858053CF73640000000000000000015020000000A06000000000000F0BF0A06FCF72D4ABCADEFBF0A0600000000000000000A06000000000000E03F150000000015000000001500000000150000000004
310
00000000040000000004000000000400000000040000000004000000000B100B0B0B0B10060000000000000000060000000000000000110E08696E7463757276650D0563757276650CFFFFFFFF04FFFFFFFF0CFFFFFFFF0B0F0D037265660403000000100A06C2D12C4ABCADEF3F0A06000000000000F03F110D0465646765
310
0CFFFFFFFF04FFFFFFFF0CFFFFFFFF0CA40000000600000000000000000CF400000006000000000000E03F0CA20000000C010100000B0707756E6B6E6F776E110D04666163650C0201000004FFFFFFFF0CFFFFFFFF0C7D0000000CA30000000C060000000CFFFFFFFF0C030100000B0B110D05706F696E740CFFFFFFFF04FF
310
FFFFFF0CFFFFFFFF1346F13E38D71130C0ADF63137AF2633400000000000000000110E0D4154545249425F435553544F4D0D066174747269620CFFFFFFFF04FFFFFFFF0CFFFFFFFF0CFFFFFFFF0CA7000000071667656E657269635F7461675F6174747269625F6465660403000000040300000004FFFFFFFF071767656E65
310
7269635F7461675F6174747269625F64656620040100000004020000000702383704000000000401000000042D0100000400000000110D04666163650C0401000004FFFFFFFF0CFFFFFFFF0C050100000C060100000C060000000CFFFFFFFF0C070100000B0B110D046C6F6F700CFFFFFFFF04FFFFFFFF0CFFFFFFFF0CFFFF
310
FFFF0C080100000CA7000000110E0673706C696E650D07737572666163650CFFFFFFFF04FFFFFFFF0CFFFFFFFF0B0F0D0B63796C5F73706C5F737572043C5A00000D08696E7463757276650B0F0D037265660405000000100A061C5B1CBBF2DEEE3F0A06000000000000F03F14000000000000000000000000000000000000
310
00000000244013F217C30B98EE32C03EF0E7191C493940000000000000000015020000000A061C5B1CBBF2DEEE3F0A06000000000000F03F0A0600000000000000000A06000000000000E03F15000000001500000000150000000015000000000400000000040000000004000000000400000000040000000004000000000B
310
100B0B0B0B110D06636F656467650C0901000004FFFFFFFF0CFFFFFFFF0C0A0100000C0B0100000C0C0100000C0D0100000B0CA800000004000000000CFFFFFFFF110E0D4154545249425F435553544F4D0D066174747269620CFFFFFFFF04FFFFFFFF0CFFFFFFFF0CFFFFFFFF0CAA0000000711736B657463685F61747472
310
69625F646566040100000004010000000403000000070D31313720302031203020322032110D06636F656467650CFFFFFFFF04FFFFFFFF0CFFFFFFFF0C0E0100000CAA0000000C0F0100000CDF0000000B0C8500000004000000000C10010000110D06636F656467650CFFFFFFFF04FFFFFFFF0CFFFFFFFF0CAA0000000C0E
310
0100000C0A0100000C110100000A0C8500000004000000000C12010000110D06636F656467650C1301000004FFFFFFFF0CFFFFFFFF0C0C0100000CAE0000000CAA0000000CDB0000000B0C4800000004000000000CFFFFFFFF110D04656467650CFFFFFFFF04FFFFFFFF0CFFFFFFFF0CE200000006FFF72D4ABCADEF3F0C14
310
01000006000000000000F03F0CAA0000000C150100000B0707756E6B6E6F776E110D067063757276650CFFFFFFFF04FFFFFFFF0CFFFFFFFF04000000000B0F0D0B6578705F7061725F6375720D046E75627304010000001500000000040200000006000000000000F0BF040100000006FFF72D4ABCADEFBF04010000000600
310
0000000000F0BF060000000000000000063A1E2F4ABCADEFBF0600000000000000000600000000000000000D0673706C696E650B0F0D037265660407000000100B0B0B0B10060000000000000000060000000000000000110D06636F656467650CFFFFFFFF04FFFFFFFF0CFFFFFFFF0CAD0000000CAC0000000C160100000C
310
170100000A0C6B00000004000000000C18010000110D067063757276650CFFFFFFFF04FFFFFFFF0CFFFFFFFF04000000000B0F0D0B6578705F7061725F6375720D046E756273040100000015000000000402000000060000000000000000040100000006000000000000E03F04010000000600000000000000800600000000
310
0000000006000000000000008006000000000000E03F0600000000000000000D0673706C696E650B0F0D037265660404000000100B0B0B0B10060000000000000000060000000000000000110D04656467650CFFFFFFFF04FFFFFFFF0CFFFFFFFF0CE20000000600000000000000000C1901000006000000000000E03F0C1A
310
0100000C1B0100000B0707756E6B6E6F776E110D067063757276650CFFFFFFFF04FFFFFFFF0CFFFFFFFF04000000000B0F0D0B6578705F7061725F6375720D046E75627304010000001500000000040200000006000000000000E0BF04010000000600000000000000800401000000060B5B1CBBF2DEEEBF06000000000000
310
E03F060B5B1CBBF2DEEEBF0600000000000000000600000000000000000D0673706C696E650B0F0D037265660404000000100B0B0B0B10060000000000000000060000000000000000110E0D4154545249425F435553544F4D0D066174747269620CFFFFFFFF04FFFFFFFF0CFFFFFFFF0CFFFFFFFF0CAE0000000711736B65
310
7463685F6174747269625F646566040100000004010000000403000000070D31323720302031203020312032110D067665727465780CFFFFFFFF04FFFFFFFF0CFFFFFFFF0CAF00000004010000000C1C010000110E08696E7463757276650D0563757276650CFFFFFFFF04FFFFFFFF0CFFFFFFFF0B0F0D0372656604050000
310
00100A0600000000000000000A060B5B1CBBF2DEEE3F110D06636F656467650CFFFFFFFF04FFFFFFFF0CFFFFFFFF0CB90000000C160100000CB10000000CE50000000B0C7C00000004000000000CFFFFFFFF110D04656467650CFFFFFFFF04FFFFFFFF0CFFFFFFFF0CEA0000000600000000000000000CBF00000006C2D12C
310
4ABCADEF3F0CB10000000C1D0100000B0707756E6B6E6F776E110D067063757276650CFFFFFFFF04FFFFFFFF0CFFFFFFFF04000000000B0F0D0B6578705F7061725F6375720D046E75627304010000001500000000040200000006C2D12C4ABCADEFBF0401000000060000000000000080040100000006FCF72D4ABCADEF3F
310
06000000000000E03F06000000000000000006000000000000E03F0600000000000000000D0673706C696E650B0F0D037265660402000000100B0B0B0B10060000000000000000060000000000000000110D06636F656467650CFFFFFFFF04FFFFFFFF0CFFFFFFFF0CB20000000CFB0000000CF20000000C1E0100000A0CE8
310
00000004000000000C1F010000110D046C6F6F700CFFFFFFFF04FFFFFFFF0CFFFFFFFF0CFFFFFFFF0CC80000000C20010000110D067063757276650CFFFFFFFF04FFFFFFFF0CFFFFFFFF04000000000B0F0D0B6578705F7061725F6375720D046E75627304010000001500000000040200000006000000000000E0BF040100
310
0000060000000000000080040100000006075B1CBBF2DEEEBF06000000000000E03F06075B1CBBF2DEEEBF0600000000000000000600000000000000000D0673706C696E650B0F0D0B63796C5F73706C5F737572043C5A00000D08696E7463757276650A0F0D037265660401000000100A06075B1CBBF2DEEEBF0A06000000
310
00000000801400000000000000000000000000000000000000000000244013FA865B133E703AC03DD0B8C919493140000000000000000015020000000A06075B1CBBF2DEEEBF0A0600000000000000800A0600000000000000000A06000000000000E03F150000000015000000001500000000150000000004000000000400
310
00000004000000000400000000040000000004000000000B100B0B0B0B10060000000000000000060000000000000000110D067665727465780CFFFFFFFF04FFFFFFFF0CFFFFFFFF0CE500000004000000000C21010000110E0873747261696768740D0563757276650CFFFFFFFF04FFFFFFFF0CFFFFFFFF13A41BCB2625B6
310
39C04824838B4BA43E400000000000000000140000000000000000000000000000000000000000000024400A0600000000000000000A06000000000000E03F110D05706F696E740CFFFFFFFF04FFFFFFFF0CFFFFFFFF13A41BCB2625B639C04824838B4BA43E400000000000000000110E08696E7463757276650D05637572
310
76650CFFFFFFFF04FFFFFFFF0CFFFFFFFF0B0F0D0D65786163745F696E745F637572043C5A000015000000000D056E7572627304050000001500000000040B0000000600000000000000000405000000069A9999999999B93F0401000000069A9999999999C93F040100000006343333333333D33F0401000000069A999999
310
9999D93F040100000006000000000000E03F040100000006333333333333E33F040100000006666666666666E63F040100000006999999999999E93F040100000006CCCCCCCCCCCCEC3F040100000006000000000000F03F040500000006EA2F37D10C5241C006010000000000344006000000000000144006000000000000
310
F03F0633F356F7F03E41C00676E933FBEA92334006000000000000144006000000000000F03F065A5E58E0DD1541C006641F3A68E6C2324006000000000000144006000000000000F03F0647971207AFCF40C0062DF6F91D50A9314006000000000000144006000000000000F03F0622EA3F0AAF6040C00616FF780FBD6F30
310
4006000000000000144006000000000000F03F067CB2F9DD4C6E3FC0061195DE3E31AA2E4006000000000000144006000000000000F03F06F06152E5A4D93DC0060D65505FD75D2D4006000000000000144006000000000000F03F0696C131F9B9003CC00633A0065BEA032D4006000000000000144006000000000000F03F
310
0695D6730A0CE639C006567C717F89932D4006000000000000144006000000000000F03F061D68ED67528F37C0066B7B1BFB67F82E4006000000000000144006000000000000F03F06BD75B864BB0235C006C7377F27498E304006000000000000144006000000000000F03F064EE53486C9D132C0063C13622E94AE314006
310
000000000000144006000000000000F03F06CEAC61B0BA1831C0063762A0E3EEAA324006000000000000144006000000000000F03F06D06297E196D32FC006D49F6349F762334006000000000000144006000000000000F03F06E829E2E534A02EC006649F2C84EEC2334006000000000000144006000000000000F03F0600
310
000000000000000D0C6E756C6C5F737572666163650D0C6E756C6C5F737572666163650D066E756C6C62730D066E756C6C62730B0B04000000000400000000040000000004000000000A06000000000000F03F0A06000000000000000015000000001500000000100A06185B1CBBF2DEEE3F0A06000000000000F03F110D05
310
706F696E740CFFFFFFFF04FFFFFFFF0CFFFFFFFF13E829E2E534A02EC0649F2C84EEC233400000000000001440110D05706F696E740CFFFFFFFF04FFFFFFFF0CFFFFFFFF1383A9E4EE7A5C30C06E5DEF968B1E33400000000000001440110D06636F656467650CFFFFFFFF04FFFFFFFF0CFFFFFFFF0CCB0000000CC0000000
310
0CC40000000CF30000000A0CCC00000004000000000C22010000110D067063757276650CFFFFFFFF04FFFFFFFF0CFFFFFFFF04000000000B0F0D0B6578705F7061725F6375720D046E756273040100000015000000000402000000060000000000000000040100000006000000000000E03F040100000006FCF72D4ABCADEF
310
BF06000000000000000006FCF72D4ABCADEFBF06000000000000E03F0600000000000000000D0673706C696E650B0F0D037265660411000000100B0B0B0B10060000000000000000060000000000000000110D06636F656467650CFFFFFFFF04FFFFFFFF0CFFFFFFFF0C230100000CC40000000CE70000000C1E0100000B0C
310
7C00000004000000000CFFFFFFFF110D04656467650CFFFFFFFF04FFFFFFFF0CFFFFFFFF0CF400000006000000000000F0BF0CBF00000006FCF72D4ABCADEFBF0CF00000000C240100000B0707756E6B6E6F776E110D067665727465780CFFFFFFFF04FFFFFFFF0CFFFFFFFF0CF300000004000000000C25010000110E0765
310
6C6C697073650D0563757276650CFFFFFFFF04FFFFFFFF0CFFFFFFFF130000000000000000000000000000000000000000000014401400000000000000000000000000000000000000000000F03F1400000000000039400000000000000000000000000000000006000000000000F03F0B0B110E0D4154545249425F435553
310
544F4D0D066174747269620CFFFFFFFF04FFFFFFFF0CFFFFFFFF0CFFFFFFFF0CC70000000711736B657463685F6174747269625F646566040100000004010000000403000000070D31333120302030203020312032110D06636F656467650C2601000004FFFFFFFF0CFFFFFFFF0CC70000000C270100000C280100000C2901
310
00000A0C4800000004000000000CFFFFFFFF110D06636F656467650C2A01000004FFFFFFFF0CFFFFFFFF0C2B0100000C2C0100000CC70000000CF90000000B0C2D01000004000000000C2E010000110D04656467650CFFFFFFFF04FFFFFFFF0CFFFFFFFF0CFD0000000600000000000000000C2F01000006C5D12C4ABCADEF
310
3F0CF80000000C300100000B0707756E6B6E6F776E110E0D4154545249425F435553544F4D0D066174747269620CFFFFFFFF04FFFFFFFF0CFFFFFFFF0CFFFFFFFF0CC80000000711736B657463685F6174747269625F646566040100000004010000000403000000070D31333420302031203020312032110D06636F656467
310
650CFFFFFFFF04FFFFFFFF0CFFFFFFFF0CE70000000CC80000000C2C0100000C310100000B0CE800000004000000000C32010000110D067063757276650CFFFFFFFF04FFFFFFFF0CFFFFFFFF04000000000B0F0D0B6578705F7061725F6375720D046E75627304010000001500000000040200000006075B1CBBF2DEEEBF04
310
01000000060000000000000080040100000006185B1CBBF2DEEEBF0600000000000000000600000000000000800600000000000000000600000000000000000D0673706C696E650B0F0D037265660418000000100B0B0B0B10060000000000000000060000000000000000110D067665727465780CFFFFFFFF04FFFFFFFF0C
310
FFFFFFFF0CF900000004000000000C33010000110E08696E7463757276650D0563757276650CFFFFFFFF04FFFFFFFF0CFFFFFFFF0B0F0D037265660401000000100A0600000000000000000A06075B1CBBF2DEEE3F110D067063757276650CFFFFFFFF04FFFFFFFF0CFFFFFFFF04000000000B0F0D0B6578705F7061725F63
310
75720D046E75627304010000001500000000040200000006000000000000E0BF0401000000060000000000000080040100000006000000000000F0BF06000000000000E03F06000000000000F0BF0600000000000000000600000000000000000D0673706C696E650B0F0D037265660411000000100B0B0B0B100600000000
310
00000000060000000000000000110D04666163650C3401000004FFFFFFFF0CFFFFFFFF0CD00000000CCC0000000C060000000CFFFFFFFF0C350100000B0B110E0873747261696768740D0563757276650CFFFFFFFF04FFFFFFFF0CFFFFFFFF1346F13E38D71130C0ADF63137AF263340000000000000000014000000000000
310
0000000000000000000000000000000024400A0600000000000000000A06000000000000E03F110E0D4154545249425F435553544F4D0D066174747269620CFFFFFFFF04FFFFFFFF0CFFFFFFFF0CFFFFFFFF0CD0000000071667656E657269635F7461675F6174747269625F6465660403000000040300000004FFFFFFFF07
310
1767656E657269635F7461675F6174747269625F646566200401000000040100000007013304000000000401000000042D0100000400000000110E04636F6E650D07737572666163650CFFFFFFFF04FFFFFFFF0CFFFFFFFF130000000000000000000000000000000000000000000000001400000000000000000000000000
310
000000000000000000F03F1400000000000039400000000000000000000000000000000006000000000000F03F0B0B06000000000000000006000000000000F03F0600000000000039400B0B0B0B0B110E0D4154545249425F435553544F4D0D066174747269620CFFFFFFFF04FFFFFFFF0CFFFFFFFF0CFFFFFFFF0CD30000
310
00071667656E657269635F7461675F6174747269625F6465660403000000040300000004FFFFFFFF071767656E657269635F7461675F6174747269625F64656620040100000004020000000702383604000000000401000000042D0100000400000000110D04666163650C3601000004FFFFFFFF0CFFFFFFFF0C370100000C
310
380100000C060000000CFFFFFFFF0C390100000B0B110D046C6F6F700CFFFFFFFF04FFFFFFFF0CFFFFFFFF0CFFFFFFFF0C3A0100000CD3000000110E0673706C696E650D07737572666163650CFFFFFFFF04FFFFFFFF0CFFFFFFFF0B0F0D0B63796C5F73706C5F737572043C5A00000D08696E7463757276650B0F0D037265
310
660408000000100A0600000000000000000A06C4D12C4ABCADEF3F1400000000000000000000000000000000000000000000244013684E1E97515A2CC01C3F51E474993D40000000000000000015020000000A0600000000000000000A06C4D12C4ABCADEF3F0A0600000000000000000A06000000000000E03F1500000000
310
1500000000150000000015000000000400000000040000000004000000000400000000040000000004000000000B100B0B0B0B110D06636F656467650C3B01000004FFFFFFFF0CFFFFFFFF0C3C0100000C0F0100000C3D0100000C3E0100000B0CD400000004000000000C3F010000110E0D4154545249425F435553544F4D
310
0D066174747269620CFFFFFFFF04FFFFFFFF0CFFFFFFFF0CFFFFFFFF0CD60000000711736B657463685F6174747269625F646566040100000004010000000403000000070F313037203020302030203132203336110D06636F656467650CFFFFFFFF04FFFFFFFF0CFFFFFFFF0C400100000CD60000000CD90000000C110100
310
000B0CA800000004000000000CFFFFFFFF110D06636F656467650CFFFFFFFF04FFFFFFFF0CFFFFFFFF0CD60000000C400100000C3C0100000C410100000A0CA800000004000000000CFFFFFFFF110D06636F656467650C4201000004FFFFFFFF0CFFFFFFFF0C3D0100000CDA0000000CD60000000C0D0100000A0C48000000
310
04000000000CFFFFFFFF110D04656467650CFFFFFFFF04FFFFFFFF0CFFFFFFFF0C4301000006950ECC507418FE3F0C14010000063AFEFD66C1B7FE3F0CD60000000C440100000B0707756E6B6E6F776E110D06636F656467650CFFFFFFFF04FFFFFFFF0CFFFFFFFF0CD90000000CD80000000C450100000C460100000A0C85
310
00000004000000000C47010000110D06636F656467650CFFFFFFFF04FFFFFFFF0CFFFFFFFF0C080100000C480100000C1A0100000CDF0000000A0CD400000004000000000C49010000110D067063757276650CFFFFFFFF04FFFFFFFF0CFFFFFFFF04000000000B0F0D0B6578705F7061725F6375720D046E75627304010000
310
0015000000000402000000060000000000000000040100000006000000000000E03F040100000006FFF72D4ABCADEFBF06000000000000000006FFF72D4ABCADEFBF06000000000000E03F0600000000000000000D0673706C696E650B0F0D037265660407000000100B0B0B0B100600000000000000000600000000000000
310
00110D04656467650CFFFFFFFF04FFFFFFFF0CFFFFFFFF0C140100000600000000000000000C4A01000006000000000000E03F0C0A0100000C4B0100000B0707756E6B6E6F776E110D067063757276650CFFFFFFFF04FFFFFFFF0CFFFFFFFF04000000000B0F0D0B6578705F7061725F6375720D046E756273040100000015
310
00000000040200000006000000000000E0BF0401000000060000000000000080040100000006000000000000F0BF06000000000000E03F06000000000000F0BF0600000000000000000600000000000000000D0673706C696E650B0F0D037265660407000000100B0B0B0B1006000000000000000006000000000000000011
310
0E0D4154545249425F435553544F4D0D066174747269620CFFFFFFFF04FFFFFFFF0CFFFFFFFF0CFFFFFFFF0CDA0000000711736B657463685F6174747269625F646566040100000004010000000403000000070D31313720302031203020322032110D067665727465780CFFFFFFFF04FFFFFFFF0CFFFFFFFF0CDB00000004
310
010000000C4C010000110E08696E7463757276650D0563757276650CFFFFFFFF04FFFFFFFF0CFFFFFFFF0B0F0D037265660408000000100A06C4D12C4ABCADEF3F0A06000000000000F03F110D06636F656467650CFFFFFFFF04FFFFFFFF0CFFFFFFFF0CE40000000C450100000CDD0000000C170100000B0C7C0000000400
310
0000000CFFFFFFFF110D04656467650CFFFFFFFF04FFFFFFFF0CFFFFFFFF0C19010000060B5B1CBBF2DEEEBF0CEA0000000600000000000000800CDD0000000C4D0100000B0707756E6B6E6F776E110D067063757276650CFFFFFFFF04FFFFFFFF0CFFFFFFFF04000000000B0F0D0B6578705F7061725F6375720D046E7562
310
730401000000150000000004020000000600000000000000000401000000060B5B1CBBF2DEEE3F040100000006000000000000008006000000000000E03F061C5B1CBBF2DEEEBF06000000000000E03F0600000000000000000D0673706C696E650B0F0D037265660404000000100B0B0B0B10060000000000000000060000
310
000000000000110D067665727465780CFFFFFFFF04FFFFFFFF0CFFFFFFFF0C1701000004000000000C4E010000110D06636F656467650CFFFFFFFF04FFFFFFFF0CFFFFFFFF0C4F0100000C3A0100000CAD0000000CDF0000000B0C0601000004000000000C50010000110E0873747261696768740D0563757276650CFFFFFF
310
FF04FFFFFFFF0CFFFFFFFF135558FCA4B3AB21C03BBF11A5E98F37400000000000000000140000000000000000000000000000000000000000000024400A0600000000000000000A06000000000000E03F110D05706F696E740CFFFFFFFF04FFFFFFFF0CFFFFFFFF135558FCA4B3AB21C03BBF11A5E98F3740000000000000
310
0000110E08696E7463757276650D0563757276650CFFFFFFFF04FFFFFFFF0CFFFFFFFF0B0F0D0D65786163745F696E745F637572043C5A000015000000000D056E7572627304050000001500000000040B0000000600000000000000000405000000069A9999999999B93F0401000000069A9999999999C93F040100000006
310
343333333333D33F0401000000069A9999999999D93F040100000006000000000000E03F040100000006333333333333E33F040100000006666666666666E63F040100000006999999999999E93F040100000006CCCCCCCCCCCCEC3F040100000006000000000000F03F040500000006A41BCB2625B639C0064824838B4BA4
310
3E4006000000000000144006000000000000F03F068E3E135EF6E939C0066144A4E3FC1C3E4006000000000000144006000000000000F03F0694333E87B2483AC006103A948219153D4006000000000000144006000000000000F03F067316D5141ABC3AC00620E4D024729D3B4006000000000000144006000000000000F0
310
3F06BCAE5B24B21F3BC006B3D5642E99D1394006000000000000144006000000000000F03F06EA2301B4A33B3BC006438F16E2C2DB374006000000000000144006000000000000F03F06BAC1CC769FEE3AC0067ACD29F54035364006000000000000144006000000000000F03F068B92ED076B303AC0068C755E6E4BE43440
310
06000000000000144006000000000000F03F06C61ECE4728FD38C006E31434A5CEEB334006000000000000144006000000000000F03F06B397D009315A37C006CADCE446BF47334006000000000000144006000000000000F03F06EBFF347A405035C0069CC0AFF783F1324006000000000000144006000000000000F03F06
310
1299A40E3B6333C0066338820892E5324006000000000000144006000000000000F03F069B03B9E1BBC931C00655A595F9A3FA324006000000000000144006000000000000F03F06B402E9E45DA730C00630BC86A8D015334006000000000000144006000000000000F03F0646F13E38D71130C006ADF63137AF2633400600
310
0000000000144006000000000000F03F0600000000000000000D0C6E756C6C5F737572666163650D0C6E756C6C5F737572666163650D066E756C6C62730D066E756C6C62730B0B04000000000400000000040000000004000000000A06000000000000F03F0A06000000000000000015000000001500000000100A06000000
310
00000000000A06C2D12C4ABCADEF3F110D04656467650CFFFFFFFF04FFFFFFFF0CFFFFFFFF0CBF00000006075B1CBBF2DEEEBF0C510100000600000000000000800CE70000000C520100000B0707756E6B6E6F776E110D067063757276650CFFFFFFFF04FFFFFFFF0CFFFFFFFF04000000000B0F0D0B6578705F7061725F63
310
75720D046E756273040100000015000000000402000000060000000000000000040100000006075B1CBBF2DEEE3F040100000006000000000000008006000000000000E03F06185B1CBBF2DEEEBF06000000000000E03F0600000000000000000D0673706C696E650B0F0D037265660418000000100B0B0B0B100600000000
310
00000000060000000000000000110D04666163650C5301000004FFFFFFFF0CFFFFFFFF0C000100000CE80000000C060000000CFFFFFFFF0C540100000B0B110D05706F696E740CFFFFFFFF04FFFFFFFF0CFFFFFFFF13A41BCB2625B639C04824838B4BA43E400000000000001440110D067063757276650CFFFFFFFF04FFFF
310
FFFF0CFFFFFFFF04000000000B0F0D0B6578705F7061725F6375720D046E75627304010000001500000000040200000006FCF72D4ABCADEF3F040100000006000000000000F03F040100000006381E2F4ABCADEFBF06000000000000E03F06000000000000F0BF06000000000000E03F0600000000000000000D0673706C69
310
6E650B0F0D037265660411000000100B0B0B0B10060000000000000000060000000000000000110D06636F656467650CFFFFFFFF04FFFFFFFF0CFFFFFFFF0C550100000CF20000000C560100000C570100000B0C7C00000004000000000CFFFFFFFF110E08696E7463757276650D0563757276650CFFFFFFFF04FFFFFFFF0C
310
FFFFFFFF0A0F0D037265660421000000100A06000000000000F0BF0A06FCF72D4ABCADEFBF110D05706F696E740CFFFFFFFF04FFFFFFFF0CFFFFFFFF1346F13E38D71130C0ADF63137AF2633400000000000001440110E0D4154545249425F435553544F4D0D066174747269620CFFFFFFFF04FFFFFFFF0CFFFFFFFF0CFFFF
310
FFFF0CF70000000711736B657463685F6174747269625F646566040100000004010000000403000000070D31343120302030203020322032110D06636F656467650C5801000004FFFFFFFF0CFFFFFFFF0CF70000000C590100000C5A0100000C5B0100000A0C4800000004000000000CFFFFFFFF110D06636F656467650C5C
310
01000004FFFFFFFF0CFFFFFFFF0C5D0100000C5E0100000CF70000000C290100000B0C5F01000004000000000C60010000110D04656467650CFFFFFFFF04FFFFFFFF0CFFFFFFFF0C2F010000061A5B1CBBF2DEEE3F0C6101000006000000000000F03F0C280100000C620100000B0707756E6B6E6F776E110E0D4154545249
310
425F435553544F4D0D066174747269620CFFFFFFFF04FFFFFFFF0CFFFFFFFF0CFFFFFFFF0CF80000000711736B657463685F6174747269625F646566040100000004010000000403000000070D31333120302030203020312032110D06636F656467650CFFFFFFFF04FFFFFFFF0CFFFFFFFF0C560100000CF80000000C6301
310
00000C640100000B0C2D01000004000000000C65010000110D06636F656467650CFFFFFFFF04FFFFFFFF0CFFFFFFFF0CF80000000C560100000CFB0000000C310100000A0C2D01000004000000000C66010000110D046C6F6F700CFFFFFFFF04FFFFFFFF0CFFFFFFFF0CFFFFFFFF0CF80000000C67010000110D0670637572
310
76650CFFFFFFFF04FFFFFFFF0CFFFFFFFF04000000000B0F0D0B6578705F7061725F6375720D046E756273040100000015000000000402000000060000000000000000040100000006C5D12C4ABCADEF3F04010000000600000000000000000600000000000000000600F82D4ABCADEF3F0600000000000000000600000000
310
000000000D0673706C696E650B0F0D0B63796C5F73706C5F737572043C5A00000D08696E7463757276650B0F0D0D65786163745F696E745F637572043C5A000015000000000D056E7572627304050000001500000000040B0000000600000000000000000405000000069A9999999999B93F0401000000069A9999999999C9
310
3F040100000006343333333333D33F0401000000069A9999999999D93F040100000006000000000000E03F040100000006333333333333E33F040100000006666666666666E63F040100000006999999999999E93F040100000006CCCCCCCCCCCCEC3F040100000006000000000000F03F040500000006EA2F37D10C5241C0
310
06010000000000344006000000000000000006000000000000F03F06B1DAFADE415341C006167CF956216F334006000000000000000006000000000000F03F06AEE05102A45241C006E3722952C156324006000000000000000006000000000000F03F06EAD1AB599F4841C006F5A5F51049CE304006000000000000000006
310
000000000000F03F066D8B2C1CC72841C0067A7B99C236F82D4006000000000000000006000000000000F03F067A612F7816E040C006A8200541F4352A4006000000000000000006000000000000F03F06F93EB216A67340C0060FD683079550274006000000000000000006000000000000F03F067C2ADC1351C13FC0061C
310
98B0F96959254006000000000000000006000000000000F03F065535132D994B3EC00628C57BCC9658244006000000000000000006000000000000F03F06F2042496C9893CC006FFA754B6D842244006000000000000000006000000000000F03F0678BCBFE3D4813AC0065432ECCFCF052540060000000000000000060000
310
00000000F03F06DDA4E73175AE38C006EA34F9D69B40264006000000000000000006000000000000F03F06CF771BF3DC3437C0063F37A9E15180274006000000000000000006000000000000F03F06E536082D4D2D36C0069A94979C037A284006000000000000000006000000000000F03F06E4FB840590A635C006010000
310
000000294006000000000000000006000000000000F03F0600000000000000000D0C6E756C6C5F737572666163650D0C6E756C6C5F737572666163650D066E756C6C62730D066E756C6C62730B0B04000000000400000000040000000004000000000A06000000000000F03F0A060000000000000000150000000015000000
310
00100A0600000000000000000A06C5D12C4ABCADEF3F1400000000000000000000000000000000000000000000244013B94875E6CAE23DC08F74CC9BC71F2B40000000000000000015020000000A0600000000000000000A06C5D12C4ABCADEF3F0A0600000000000000000A06000000000000E03F15000000001500000000
310
150000000015000000000400000000040000000004000000000400000000040000000004000000000B100B0B0B0B10060000000000000000060000000000000000110D067665727465780CFFFFFFFF04FFFFFFFF0CFFFFFFFF0C6801000004010000000C69010000110E08696E7463757276650D0563757276650CFFFFFFFF
310
04FFFFFFFF0CFFFFFFFF0B0F0D037265660426000000100A0600000000000000000A06C5D12C4ABCADEF3F110D04656467650CFFFFFFFF04FFFFFFFF0CFFFFFFFF0CFD0000000600000000000000000C5101000006000000000000E03F0CFB0000000C6A0100000B0707756E6B6E6F776E110D067063757276650CFFFFFFFF
310
04FFFFFFFF0CFFFFFFFF04000000000B0F0D0B6578705F7061725F6375720D046E756273040100000015000000000402000000060000000000000000040100000006000000000000E03F040100000006000000000000008006000000000000000006000000000000008006000000000000E03F0600000000000000000D0673
310
706C696E650B0F0D037265660418000000100B0B0B0B10060000000000000000060000000000000000110D05706F696E740CFFFFFFFF04FFFFFFFF0CFFFFFFFF13EA2F37D10C5241C001000000000034400000000000000000110E0D4154545249425F435553544F4D0D066174747269620CFFFFFFFF04FFFFFFFF0CFFFFFF
310
FF0CFFFFFFFF0C00010000071667656E657269635F7461675F6174747269625F6465660403000000040300000004FFFFFFFF071767656E657269635F7461675F6174747269625F646566200401000000040100000007013404000000000401000000042D0100000400000000110E0673706C696E650D07737572666163650C
310
FFFFFFFF04FFFFFFFF0CFFFFFFFF0B0F0D037265660411000000100B0B0B0B110E0D4154545249425F435553544F4D0D066174747269620CFFFFFFFF04FFFFFFFF0CFFFFFFFF0CFFFFFFFF0C05010000071667656E657269635F7461675F6174747269625F6465660403000000040300000004FFFFFFFF071767656E657269
310
635F7461675F6174747269625F64656620040100000004020000000702383504000000000401000000042D0100000400000000110D04666163650C6B01000004FFFFFFFF0CFFFFFFFF0C6C0100000C6D0100000C060000000CFFFFFFFF0C6E0100000B0B110D046C6F6F700CFFFFFFFF04FFFFFFFF0CFFFFFFFF0CFFFFFFFF
310
0C6F0100000C05010000110E0673706C696E650D07737572666163650CFFFFFFFF04FFFFFFFF0CFFFFFFFF0B0F0D0B63796C5F73706C5F737572043C5A00000D08696E7463757276650A0F0D0D65786163745F696E745F637572043C5A000015000000000D056E7572627304050000001500000000040B0000000600000000
310
000000000405000000069A9999999999B93F0401000000069A9999999999C93F040100000006343333333333D33F0401000000069A9999999999D93F040100000006000000000000E03F040100000006333333333333E33F040100000006666666666666E63F040100000006999999999999E93F040100000006CCCCCCCCCC
310
CCEC3F040100000006000000000000F03F040500000006F18EAC91925C2BC006325C73E939CB424006000000000000000006000000000000F03F06A970A0C740AE2BC006E04783962995424006000000000000000006000000000000F03F064C096DDDD03B2CC0065AA001B3152B4240060000000000000000060000000000
310
00F03F0652D53698C3CE2CC0064531382E1E92414006000000000000000006000000000000F03F06AC4AA294C30D2DC0066CEEF29AA9D2404006000000000000000006000000000000F03F0630F7D10CA4712CC00602D42638DCF23F4006000000000000000006000000000000F03F06B01E1E844DDB2AC00674CEEA55746F
310
3E4006000000000000000006000000000000F03F06B4F4A9DA8D4028C0068D66FD74061D3D4006000000000000000006000000000000F03F06A658535FEEAA24C00620E5956FC7F93B4006000000000000000006000000000000F03F065AC45A703D3020C006D6CA235F9D013B4006000000000000000006000000000000F0
310
3F06DA7398EA1ED015C006273994F818303A4006000000000000000006000000000000F03F067F2CC526156808C006DE5D0EDE5FA4394006000000000000000006000000000000F03F06035D3FB1E18EF1BF068E711ABA2E4A394006000000000000000006000000000000F03F0638D20533375BD13F068B5C8AEF6F143940
310
06000000000000000006000000000000F03F068487F3550C1BEF3F06118E650D29FB384006000000000000000006000000000000F03F0600000000000000000D0C6E756C6C5F737572666163650D0C6E756C6C5F737572666163650D066E756C6C62730D066E756C6C62730B0B040000000004000000000400000000040000
310
00000A06000000000000F03F0A06000000000000000015000000001500000000100A060B5B1CBBF2DEEEBF0A0600000000000000801400000000000000000000000000000000000000000000244013CED233CEBF4822C0D31895C15D3C3E40000000000000000015020000000A060B5B1CBBF2DEEEBF0A0600000000000000
310
800A0600000000000000000A06000000000000E03F15000000001500000000150000000015000000000400000000040000000004000000000400000000040000000004000000000B100B0B0B0B110D06636F656467650C7001000004FFFFFFFF0CFFFFFFFF0C1A0100000C710100000C720100000C730100000B0C06010000
310
04000000000C74010000110E0D4154545249425F435553544F4D0D066174747269620CFFFFFFFF04FFFFFFFF0CFFFFFFFF0CFFFFFFFF0C080100000711736B657463685F6174747269625F646566040100000004010000000403000000070D31323720302030203020322032110D06636F656467650CFFFFFFFF04FFFFFFFF
310
0CFFFFFFFF0C480100000C080100000C0B0100000C410100000B0CD400000004000000000C75010000110D06636F656467650C7601000004FFFFFFFF0CFFFFFFFF0C720100000C0C0100000C080100000C3E0100000A0C4800000004000000000CFFFFFFFF110D04656467650CFFFFFFFF04FFFFFFFF0CFFFFFFFF0CE20000
310
00061C5B1CBBF2DEEE3F0C4301000006000000000000F03F0C080100000C770100000B0707756E6B6E6F776E110D067063757276650CFFFFFFFF04FFFFFFFF0CFFFFFFFF04000000000B0F0D0B6578705F7061725F6375720D046E756273040100000015000000000402000000061C5B1CBBF2DEEE3F040100000006000000
310
000000F03F0401000000062C5B1CBBF2DEEE3F06000000000000000006000000000000F03F0600000000000000000600000000000000000D0673706C696E650B0F0D037265660412000000100B0B0B0B10060000000000000000060000000000000000110D06636F656467650CFFFFFFFF04FFFFFFFF0CFFFFFFFF0C0B0100
310
000C0A0100000C780100000C790100000A0CA800000004000000000CFFFFFFFF110D04656467650CFFFFFFFF04FFFFFFFF0CFFFFFFFF0C430100000600000000000000000C7A01000006000000000000E03F0C3C0100000C7B0100000B0707756E6B6E6F776E110E0D4154545249425F435553544F4D0D066174747269620C
310
FFFFFFFF04FFFFFFFF0CFFFFFFFF0CFFFFFFFF0C0C0100000711736B657463685F6174747269625F646566040100000004010000000403000000070F313037203020302030203132203336110D067665727465780CFFFFFFFF04FFFFFFFF0CFFFFFFFF0C0D01000004000000000C7C010000110E07656C6C697073650D0563
310
757276650CFFFFFFFF04FFFFFFFF0CFFFFFFFF130000000000000000000000000000000000000000000000001400000000000000000000000000000000000000000000F03F1400000000000039400000000000000000000000000000000006000000000000F03F0A06950ECC507418FE3F0A063AFEFD66C1B7FE3F110D0663
310
6F656467650CFFFFFFFF04FFFFFFFF0CFFFFFFFF0C160100000C780100000C0E0100000C460100000B0C7C00000004000000000CFFFFFFFF110D04656467650CFFFFFFFF04FFFFFFFF0CFFFFFFFF0C4A01000006000000000000F0BF0C1901000006FFF72D4ABCADEFBF0C0E0100000C7D0100000B0707756E6B6E6F776E11
310
0D067063757276650CFFFFFFFF04FFFFFFFF0CFFFFFFFF04000000000B0F0D0B6578705F7061725F6375720D046E75627304010000001500000000040200000006FFF72D4ABCADEF3F040100000006000000000000F03F0401000000063A1E2F4ABCADEFBF06000000000000E03F06000000000000F0BF06000000000000E0
310
3F0600000000000000000D0673706C696E650B0F0D037265660407000000100B0B0B0B10060000000000000000060000000000000000110D06636F656467650CFFFFFFFF04FFFFFFFF0CFFFFFFFF0C0F0100000C3C0100000C7E0100000C7F0100000A0CD400000004000000000C80010000110D067063757276650CFFFFFF
310
FF04FFFFFFFF0CFFFFFFFF04000000000B0F0D0B6578705F7061725F6375720D046E75627304010000001500000000040200000006000000000000E0BF04010000000600000000000000800401000000061C5B1CBBF2DEEE3F06000000000000E03F061C5B1CBBF2DEEE3F0600000000000000000600000000000000000D06
310
73706C696E650B0F0D037265660412000000100B0B0B0B10060000000000000000060000000000000000110D067665727465780CFFFFFFFF04FFFFFFFF0CFFFFFFFF0C4601000004000000000C81010000110E0873747261696768740D0563757276650CFFFFFFFF04FFFFFFFF0CFFFFFFFF1357D90B9BDB1921C03E33D063
310
087E37400000000000000000140000000000000000000000000000000000000000000024400A0600000000000000000A06000000000000E03F110D05706F696E740CFFFFFFFF04FFFFFFFF0CFFFFFFFF1357D90B9BDB1921C03E33D063087E37400000000000000000110E08696E7463757276650D0563757276650CFFFFFF
310
FF04FFFFFFFF0CFFFFFFFF0A0F0D0D65786163745F696E745F637572043C5A000015000000000D056E7572627304050000001500000000040B0000000600000000000000000405000000069A9999999999B93F0401000000069A9999999999C93F040100000006343333333333D33F0401000000069A9999999999D93F0401
310
00000006000000000000E03F040100000006333333333333E33F040100000006666666666666E63F040100000006999999999999E93F040100000006CCCCCCCCCCCCEC3F040100000006000000000000F03F040500000006A41BCB2625B639C0064824838B4BA43E4006000000000000144006000000000000F03F06EC89D1
310
658AB739C0069A144163B8303E4006000000000000144006000000000000F03F062A1036F27DB139C0063A8A7A9726513D4006000000000000144006000000000000F03F0643D67047E68D39C006B45EAB9689183C4006000000000000144006000000000000F03F060F10B460892839C0063F78A607F2A53A400600000000
310
0000144006000000000000F03F06382F1147964A38C00608F3BF746128394006000000000000144006000000000000F03F060AA11A862B0737C0062D72CD82D301384006000000000000144006000000000000F03F06B029EFA7265A35C006E47753D8D335374006000000000000144006000000000000F03F068BFE08AD65
310
4733C00660312D8311C1364006000000000000144006000000000000F03F069A8DFE59C0D730C006809DBC49F79B364006000000000000144006000000000000F03F062C4CE6248D292CC006178D2A0F52BE364006000000000000144006000000000000F03F0698C4B5AA1D4627C006E468B47C5F0D374006000000000000
310
144006000000000000F03F066265C4DA935C23C0063CA52165A863374006000000000000144006000000000000F03F06362EAD675CA520C00681526E7AFBA8374006000000000000144006000000000000F03F0688CB3511BE851EC006BEDFCC5798CE374006000000000000144006000000000000F03F0600000000000000
310
000D0C6E756C6C5F737572666163650D0C6E756C6C5F737572666163650D066E756C6C62730D066E756C6C62730B0B04000000000400000000040000000004000000000A06000000000000F03F0A06000000000000000015000000001500000000100A060B5B1CBBF2DEEEBF0A060000000000000080110D05706F696E740C
310
FFFFFFFF04FFFFFFFF0CFFFFFFFF135558FCA4B3AB21C03BBF11A5E98F37400000000000001440110D06636F656467650CFFFFFFFF04FFFFFFFF0CFFFFFFFF0C710100000C1A0100000C820100000C830100000A0C0601000004000000000C84010000110D067063757276650CFFFFFFFF04FFFFFFFF0CFFFFFFFF04000000
310
000B0F0D0B6578705F7061725F6375720D046E756273040100000015000000000402000000060000000000000000040100000006000000000000E03F040100000006C4D12C4ABCADEF3F06000000000000000006C4D12C4ABCADEF3F06000000000000E03F0600000000000000000D0673706C696E650B0F0D03726566041D
310
000000100B0B0B0B10060000000000000000060000000000000000110D067665727465780CFFFFFFFF04FFFFFFFF0CFFFFFFFF0C5701000004000000000C85010000110E08696E7463757276650D0563757276650CFFFFFFFF04FFFFFFFF0CFFFFFFFF0A0F0D037265660419000000100A06075B1CBBF2DEEEBF0A06000000
310
0000000080110E0D4154545249425F435553544F4D0D066174747269620CFFFFFFFF04FFFFFFFF0CFFFFFFFF0CFFFFFFFF0C20010000071667656E657269635F7461675F6174747269625F6465660403000000040300000004FFFFFFFF071767656E657269635F7461675F6174747269625F64656620040100000004010000
310
0007013504000000000401000000042D0100000400000000110E0673706C696E650D07737572666163650CFFFFFFFF04FFFFFFFF0CFFFFFFFF0B0F0D037265660418000000100B0B0B0B110D06636F656467650CFFFFFFFF04FFFFFFFF0CFFFFFFFF0C860100000C230100000C870100000C880100000B0C7C000000040000
310
00000CFFFFFFFF110D06636F656467650CFFFFFFFF04FFFFFFFF0CFFFFFFFF0C2C0100000C2B0100000C230100000C570100000A0C2D01000004000000000C89010000110D04656467650CFFFFFFFF04FFFFFFFF0CFFFFFFFF0C510100000600000000000000000C8A01000006C5D12C4ABCADEF3F0C560100000C8B010000
310
0B0707756E6B6E6F776E110E0D4154545249425F435553544F4D0D066174747269620CFFFFFFFF04FFFFFFFF0CFFFFFFFF0CFFFFFFFF0C270100000711736B657463685F6174747269625F646566040100000004010000000403000000070F313037203020302030203136203336110D06636F656467650C8C01000004FFFF
310
FFFF0CFFFFFFFF0C270100000C8D0100000C8E0100000C8F0100000B0C4800000004000000000CFFFFFFFF110D06636F656467650C9001000004FFFFFFFF0CFFFFFFFF0C910100000C920100000C270100000C5B0100000B0C9301000004000000000CFFFFFFFF110D04656467650CFFFFFFFF04FFFFFFFF0CFFFFFFFF0C61
310
010000066CD81F3B00A204400C94010000063ED038C6A6F104400C5A0100000C950100000B0707756E6B6E6F776E110E0D4154545249425F435553544F4D0D066174747269620CFFFFFFFF04FFFFFFFF0CFFFFFFFF0CFFFFFFFF0C280100000711736B657463685F6174747269625F64656604010000000401000000040300
310
0000070D31343120302030203020322032110D06636F656467650CFFFFFFFF04FFFFFFFF0CFFFFFFFF0C870100000C280100000C920100000C960100000B0C5F01000004000000000C97010000110D06636F656467650CFFFFFFFF04FFFFFFFF0CFFFFFFFF0C280100000C870100000C2B0100000C640100000A0C5F010000
310
04000000000C98010000110D046C6F6F700CFFFFFFFF04FFFFFFFF0CFFFFFFFF0CFFFFFFFF0C280100000C99010000110D067063757276650CFFFFFFFF04FFFFFFFF0CFFFFFFFF04000000000B0F0D0B6578705F7061725F6375720D046E756273040100000015000000000402000000061A5B1CBBF2DEEE3F040100000006
310
000000000000F03F0401000000062B5B1CBBF2DEEE3F06000000000000000006000000000000F03F0600000000000000000600000000000000000D0673706C696E650B0F0D0B63796C5F73706C5F737572043C5A00000D08696E7463757276650B0F0D0D65786163745F696E745F637572043C5A000015000000000D056E75
310
72627304050000001500000000040B0000000600000000000000000405000000069A9999999999B93F0401000000069A9999999999C93F040100000006343333333333D33F0401000000069A9999999999D93F040100000006000000000000E03F040100000006333333333333E33F040100000006666666666666E63F0401
310
00000006999999999999E93F040100000006CCCCCCCCCCCCEC3F040100000006000000000000F03F0405000000068EB1D03737B243C00674508E1DA1C81B4006000000000000000006000000000000F03F06721F16EC9A8D43C006EA3FAA45E6621A4006000000000000000006000000000000F03F0680534E3E6F4343C006
310
440C700C65C5174006000000000000000006000000000000F03F06C40A547254D142C0066555386C0163144006000000000000000006000000000000F03F062EE03E4F663342C00677ED63A110F8104006000000000000000006000000000000F03F064B8C7A66C16341C00680B913E218430D400600000000000000000600
310
0000000000F03F06DEED8A2A368940C0068F90E9F911B50C4006000000000000000006000000000000F03F06520F25D0A5463FC0067D2FFDEE8438104006000000000000000006000000000000F03F064365AEEF03653DC00632AA58836527144006000000000000000006000000000000F03F069A34A80D6D6F3BC0066A17
310
E7FA31F9194006000000000000000006000000000000F03F0679159A12EF6739C0062E4FC5311ABE204006000000000000000006000000000000F03F06C85AE3936BBB37C006AA004CFA9F5B244006000000000000000006000000000000F03F06FF81C486457336C00652A6EDE99863274006000000000000000006000000
310
000000F03F066F365D948C9535C0069892C06FAF8C294006000000000000000006000000000000F03F06966E60DEF22535C006A702E0482CAA2A4006000000000000000006000000000000F03F0600000000000000000D0C6E756C6C5F737572666163650D0C6E756C6C5F737572666163650D066E756C6C62730D066E756C
310
6C62730B0B04000000000400000000040000000004000000000A06000000000000F03F0A06000000000000000015000000001500000000100A061A5B1CBBF2DEEE3F0A06000000000000F03F1400000000000000000000000000000000000000000000244013D949CE858AC13EC03BE72EDD6FCD1C40000000000000000015
310
020000000A061A5B1CBBF2DEEE3F0A06000000000000F03F0A0600000000000000000A06000000000000E03F15000000001500000000150000000015000000000400000000040000000004000000000400000000040000000004000000000B100B0B0B0B10060000000000000000060000000000000000110D067665727465
310
780CFFFFFFFF04FFFFFFFF0CFFFFFFFF0C5B01000004000000000C9A010000110E08696E7463757276650D0563757276650CFFFFFFFF04FFFFFFFF0CFFFFFFFF0B0F0D037265660431000000100A06085B1CBBF2DEEE3F0A06000000000000F03F110D06636F656467650CFFFFFFFF04FFFFFFFF0CFFFFFFFF0C9B0100000C
310
9C0100000C9D0100000C640100000A0C9E01000004000000000C9F010000110D04656467650CFFFFFFFF04FFFFFFFF0CFFFFFFFF0C2F0100000600000000000000000C8A01000006000000000000E03F0C2B0100000CA00100000B0707756E6B6E6F776E110D067063757276650CFFFFFFFF04FFFFFFFF0CFFFFFFFF040000
310
00000B0F0D0B6578705F7061725F6375720D046E756273040100000015000000000402000000060000000000000000040100000006000000000000E03F040100000006C5D12C4ABCADEF3F06000000000000000006C5D12C4ABCADEF3F06000000000000E03F0600000000000000000D0673706C696E650B0F0D0372656604
310
25000000100B0B0B0B10060000000000000000060000000000000000110D067063757276650CFFFFFFFF04FFFFFFFF0CFFFFFFFF04000000000B0F0D0B6578705F7061725F6375720D046E75627304010000001500000000040200000006000000000000E0BF04010000000600000000000000800401000000060000000000
310
00000006000000000000E03F0600000000000000000600000000000000000600000000000000000D0673706C696E650B0F0D037265660425000000100B0B0B0B10060000000000000000060000000000000000110D04666163650CA101000004FFFFFFFF0CFFFFFFFF0C200100000C2D0100000C060000000CFFFFFFFF0CA2
310
0100000B0B110D04656467650CFFFFFFFF04FFFFFFFF0CFFFFFFFF0CA30100000600000000000000000C2F01000006085B1CBBF2DEEE3F0C9B0100000CA40100000B0707756E6B6E6F776E110D05706F696E740CFFFFFFFF04FFFFFFFF0CFFFFFFFF13C200C0C1EAE935C050A2439EA5BD28400000000000000000110E0873
310
747261696768740D0563757276650CFFFFFFFF04FFFFFFFF0CFFFFFFFF13EA2F37D10C5241C001000000000034400000000000000000140000000000000000000000000000000000000000000024400A0600000000000000000A06000000000000E03F110E0D4154545249425F435553544F4D0D066174747269620CFFFFFF
310
FF04FFFFFFFF0CFFFFFFFF0CFFFFFFFF0C37010000071667656E657269635F7461675F6174747269625F6465660403000000040300000004FFFFFFFF071767656E657269635F7461675F6174747269625F64656620040100000004020000000702383404000000000401000000042D0100000400000000110D04666163650C
310
A501000004FFFFFFFF0CFFFFFFFF0CA60100000CA70100000C060000000CFFFFFFFF0CA80100000B0B110D046C6F6F700CFFFFFFFF04FFFFFFFF0CFFFFFFFF0CFFFFFFFF0CA90100000C37010000110E0673706C696E650D07737572666163650CFFFFFFFF04FFFFFFFF0CFFFFFFFF0B0F0D0B63796C5F73706C5F73757204
310
3C5A00000D08696E7463757276650A0F0D0D65786163745F696E745F637572043C5A000015000000000D056E7572627304050000001500000000040B0000000600000000000000000405000000069A9999999999B93F0401000000069A9999999999C93F040100000006343333333333D33F0401000000069A9999999999D9
310
3F040100000006000000000000E03F040100000006333333333333E33F040100000006666666666666E63F040100000006999999999999E93F040100000006CCCCCCCCCCCCEC3F040100000006000000000000F03F040500000006000000000000000006000000000000444006000000000000000006000000000000F03F06
310
4265D0CBC2AADFBF066BC8BCFBD3DC434006000000000000000006000000000000F03F06DFEA2F99D00DF7BF06A6DE24443396434006000000000000000006000000000000F03F06A0B67C3ADFD505C0061C1E9224682B434006000000000000000006000000000000F03F06E290936172BA10C006A21A97AC489B42400600
310
0000000000000006000000000000F03F06B4D89BA05E1A16C006960931CE0CE4414006000000000000000006000000000000F03F06EA91E325B56C19C006CA0515B57729414006000000000000000006000000000000F03F06F3B8173D42881AC006A692F22D466B404006000000000000000006000000000000F03F069CE3
310
CCE2A75919C006642E8744B1523F4006000000000000000006000000000000F03F0619A69173B1FB15C0063BBC4F8BB5C73D4006000000000000000006000000000000F03F06E5E92A7F179A10C006623666CE27363C4006000000000000000006000000000000F03F06C9092B1933A405C0069F50B9DE18F03A4006000000
310
000000000006000000000000F03F06103D2F399ED4F6BF06D4D039B004F9394006000000000000000006000000000000F03F060F41F92EC558DFBF061BCFD0D93053394006000000000000000006000000000000F03F06000000000000000006000000000000394006000000000000000006000000000000F03F0600000000
310
000000000D0C6E756C6C5F737572666163650D0C6E756C6C5F737572666163650D066E756C6C62730D066E756C6C62730B0B04000000000400000000040000000004000000000A06000000000000F03F0A06000000000000000015000000001500000000100A06000000000000F0BF0A0601F82D4ABCADEFBF140000000000
310
000000000000000000000000000000000024401315A88136369509C03E8984E2DC544040000000000000000015020000000A06000000000000F0BF0A0601F82D4ABCADEFBF0A0600000000000000000A06000000000000E03F1500000000150000000015000000001500000000040000000004000000000400000000040000
310
0000040000000004000000000B100B0B0B0B110D06636F656467650CAA01000004FFFFFFFF0CFFFFFFFF0CAB0100000CAC0100000CAD0100000CAE0100000A0C3801000004000000000CAF010000110E0D4154545249425F435553544F4D0D066174747269620CFFFFFFFF04FFFFFFFF0CFFFFFFFF0CFFFFFFFF0C3A010000
310
0711736B657463685F6174747269625F646566040100000004010000000403000000070D31313720302030203020312032110D06636F656467650CFFFFFFFF04FFFFFFFF0CFFFFFFFF0C3A0100000C4F0100000CAB0100000CB00100000A0C0601000004000000000CB1010000110D06636F656467650CB201000004FFFFFF
310
FF0CFFFFFFFF0CAD0100000C3D0100000C3A0100000C730100000A0C4800000004000000000CFFFFFFFF110D04656467650CFFFFFFFF04FFFFFFFF0CFFFFFFFF0CB30100000600000000000000000CE200000006C4D12C4ABCADEF3F0C3A0100000CB40100000B0707756E6B6E6F776E110D067063757276650CFFFFFFFF04
310
FFFFFFFF0CFFFFFFFF04000000000B0F0D0B6578705F7061725F6375720D046E756273040100000015000000000402000000060000000000000000040100000006C4D12C4ABCADEF3F040100000006000000000000000006000000000000000006FFF72D4ABCADEF3F0600000000000000000600000000000000000D067370
310
6C696E650B0F0D03726566041D000000100B0B0B0B10060000000000000000060000000000000000110D067063757276650CFFFFFFFF04FFFFFFFF0CFFFFFFFF04000000000B0F0D0B6578705F7061725F6375720D046E756273040100000015000000000402000000060000000000000000040100000006000000000000E0
310
3F040100000006000000000000F03F06000000000000000006000000000000F03F06000000000000E03F0600000000000000000D0673706C696E650B0F0D037265660412000000100B0B0B0B10060000000000000000060000000000000000110E0D4154545249425F435553544F4D0D066174747269620CFFFFFFFF04FFFF
310
FFFF0CFFFFFFFF0CFFFFFFFF0C3D0100000711736B657463685F6174747269625F646566040100000004010000000403000000070D31323720302030203020322032110E08696E7463757276650D0563757276650CFFFFFFFF04FFFFFFFF0CFFFFFFFF0B0F0D037265660405000000100A060B5B1CBBF2DEEE3F0A06000000
310
000000F03F110D06636F656467650CFFFFFFFF04FFFFFFFF0CFFFFFFFF0C450100000C7E0100000C400100000C790100000B0C7C00000004000000000CFFFFFFFF110D04656467650CFFFFFFFF04FFFFFFFF0CFFFFFFFF0C7A01000006950ECC507418FE3F0C4A010000063AFEFD66C1B7FE3F0C400100000CB50100000B07
310
07756E6B6E6F776E110D067665727465780CFFFFFFFF04FFFFFFFF0CFFFFFFFF0C7901000004000000000CB6010000110E0873747261696768740D0563757276650CFFFFFFFF04FFFFFFFF0CFFFFFFFF1388CB3511BE851EC0BEDFCC5798CE3740000000000000000014000000000000000000000000000000000000000000
310
0024400A0600000000000000000A06000000000000E03F110D05706F696E740CFFFFFFFF04FFFFFFFF0CFFFFFFFF1388CB3511BE851EC0BEDFCC5798CE37400000000000000000110E08696E7463757276650D0563757276650CFFFFFFFF04FFFFFFFF0CFFFFFFFF0A0F0D0D65786163745F696E745F637572043C5A000015
310
000000000D056E7572627304050000001500000000040B0000000600000000000000000405000000069A9999999999B93F0401000000069A9999999999C93F040100000006343333333333D33F0401000000069A9999999999D93F040100000006000000000000E03F040100000006333333333333E33F0401000000066666
310
66666666E63F040100000006999999999999E93F040100000006CCCCCCCCCCCCEC3F040100000006000000000000F03F040500000006F18EAC91925C2BC006325C73E939CB424006000000000000144006000000000000F03F0646D69041831A2CC006A365878D8394424006000000000000144006000000000000F03F06CB
310
9F980211812DC0063FEB5D45BA28424006000000000000144006000000000000F03F06E087A014EB5A2FC006B0B245A2F68B414006000000000000144006000000000000F03F06ED6EDAF052A830C0061FFD04F5EFC4404006000000000000144006000000000000F03F06DB72E984386E31C006CC5531FCDBBB3F40060000
310
00000000144006000000000000F03F06090E40DF5AB631C0068867C5AB7D143E4006000000000000144006000000000000F03F06128AB521DE7631C006B2D9DE8ECC963C4006000000000000144006000000000000F03F06687D3BF01FAB30C006027D2F3735443B4006000000000000144006000000000000F03F06BDECB6
310
3713B32EC00638FA0544BF1A3A4006000000000000144006000000000000F03F06EFA73AA022192BC00671267DB43317394006000000000000144006000000000000F03F06F8E1AABCBA8227C006A9E499A75A63384006000000000000144006000000000000F03F061CEA46E6B67224C0062CA5A1ED18EB37400600000000
310
0000144006000000000000F03F0684E2760C6A3E22C0062007E85952A1374006000000000000144006000000000000F03F0657D90B9BDB1921C0063E33D063087E374006000000000000144006000000000000F03F0600000000000000000D0C6E756C6C5F737572666163650D0C6E756C6C5F737572666163650D066E756C
310
6C62730D066E756C6C62730B0B04000000000400000000040000000004000000000A06000000000000F03F0A06000000000000000015000000001500000000100A06000000000000F0BF0A06FFF72D4ABCADEFBF110D06636F656467650CFFFFFFFF04FFFFFFFF0CFFFFFFFF0C780100000C820100000C480100000C7F0100
310
000B0C7C00000004000000000CFFFFFFFF110D04656467650CFFFFFFFF04FFFFFFFF0CFFFFFFFF0C19010000061C5B1CBBF2DEEE3F0C7A01000006000000000000F03F0C480100000CB70100000B0707756E6B6E6F776E110D067063757276650CFFFFFFFF04FFFFFFFF0CFFFFFFFF04000000000B0F0D0B6578705F706172
310
5F6375720D046E75627304010000001500000000040200000006000000000000F0BF0401000000061C5B1CBBF2DEEEBF040100000006000000000000F03F06000000000000E03F062C5B1CBBF2DEEE3F06000000000000E03F0600000000000000000D0673706C696E650B0F0D037265660412000000100B0B0B0B10060000
310
000000000000060000000000000000110D05706F696E740CFFFFFFFF04FFFFFFFF0CFFFFFFFF1357D90B9BDB1921C03E33D063087E37400000000000001440110D06636F656467650CFFFFFFFF04FFFFFFFF0CFFFFFFFF0C7E0100000CB80100000C4F0100000C830100000B0C7C00000004000000000CFFFFFFFF110D0465
310
6467650CFFFFFFFF04FFFFFFFF0CFFFFFFFF0CB90100000600000000000000000C1901000006C4D12C4ABCADEF3F0C4F0100000CBA0100000B0707756E6B6E6F776E110D067063757276650CFFFFFFFF04FFFFFFFF0CFFFFFFFF04000000000B0F0D0B6578705F7061725F6375720D046E7562730401000000150000000004
310
0200000006C4D12C4ABCADEFBF0401000000060000000000000080040100000006FFF72D4ABCADEF3F06000000000000E03F06000000000000000006000000000000E03F0600000000000000000D0673706C696E650B0F0D03726566041D000000100B0B0B0B10060000000000000000060000000000000000110D05706F69
310
6E740CFFFFFFFF04FFFFFFFF0CFFFFFFFF13EA2F37D10C5241C001000000000034400000000000001440110D06636F656467650CFFFFFFFF04FFFFFFFF0CFFFFFFFF0CBB0100000C550100000CBC0100000CBD0100000B0C7C00000004000000000CFFFFFFFF110D06636F656467650CFFFFFFFF04FFFFFFFF0CFFFFFFFF0C
310
5E0100000C5D0100000C550100000C880100000A0C5F01000004000000000CBE010000110D04656467650CFFFFFFFF04FFFFFFFF0CFFFFFFFF0C8A010000061A5B1CBBF2DEEE3F0CBF01000006000000000000F03F0C870100000CC00100000B0707756E6B6E6F776E110D067063757276650CFFFFFFFF04FFFFFFFF0CFFFF
310
FFFF04000000000B0F0D0B6578705F7061725F6375720D046E75627304010000001500000000040200000006C5D12C4ABCADEFBF040100000006000000000000008004010000000600F82D4ABCADEF3F06000000000000E03F06000000000000000006000000000000E03F0600000000000000000D0673706C696E650B0F0D
310
037265660425000000100B0B0B0B10060000000000000000060000000000000000110D067665727465780CFFFFFFFF04FFFFFFFF0CFFFFFFFF0CC101000004000000000CC2010000110E08696E7463757276650D0563757276650CFFFFFFFF04FFFFFFFF0CFFFFFFFF0B0F0D0D65786163745F696E745F637572043C5A0000
310
15000000000D056E7572627304050000001500000000040B0000000600000000000000000405000000069A9999999999B93F0401000000069A9999999999C93F040100000006343333333333D33F0401000000069A9999999999D93F040100000006000000000000E03F040100000006333333333333E33F04010000000666
310
6666666666E63F040100000006999999999999E93F040100000006CCCCCCCCCCCCEC3F040100000006000000000000F03F040500000006EA2F37D10C5241C006010000000000344006000000000000144006000000000000F03F06B1DAFADE415341C006167CF956216F334006000000000000144006000000000000F03F06
310
AEE05102A45241C006E3722952C156324006000000000000144006000000000000F03F06EAD1AB599F4841C006F5A5F51049CE304006000000000000144006000000000000F03F066D8B2C1CC72841C0067A7B99C236F82D4006000000000000144006000000000000F03F067A612F7816E040C006A8200541F4352A400600
310
0000000000144006000000000000F03F06F93EB216A67340C0060FD683079550274006000000000000144006000000000000F03F067C2ADC1351C13FC0061C98B0F96959254006000000000000144006000000000000F03F065535132D994B3EC00628C57BCC9658244006000000000000144006000000000000F03F06F204
310
2496C9893CC006FFA754B6D842244006000000000000144006000000000000F03F0678BCBFE3D4813AC0065432ECCFCF05254006000000000000144006000000000000F03F06DDA4E73175AE38C006EA34F9D69B40264006000000000000144006000000000000F03F06CF771BF3DC3437C0063F37A9E15180274006000000
310
000000144006000000000000F03F06E536082D4D2D36C0069A94979C037A284006000000000000144006000000000000F03F06E4FB840590A635C006010000000000294006000000000000144006000000000000F03F0600000000000000000D0C6E756C6C5F737572666163650D0C6E756C6C5F737572666163650D066E75
310
6C6C62730D066E756C6C62730B0B04000000000400000000040000000004000000000A06000000000000F03F0A06000000000000000015000000001500000000100A0600000000000000000A06C5D12C4ABCADEF3F110E0D4154545249425F435553544F4D0D066174747269620CFFFFFFFF04FFFFFFFF0CFFFFFFFF0CFFFF
310
FFFF0C590100000711736B657463685F6174747269625F646566040100000004010000000403000000070D31333120302031203020322032110D06636F656467650CC301000004FFFFFFFF0CFFFFFFFF0C590100000CC40100000C9B0100000C680100000B0C4800000004000000000CFFFFFFFF110D06636F656467650CC5
310
01000004FFFFFFFF0CFFFFFFFF0C9D0100000CC60100000C590100000C8F0100000A0CC701000004000000000CC8010000110D04656467650CFFFFFFFF04FFFFFFFF0CFFFFFFFF0C2F0100000600F82D4ABCADEF3F0C9401000006000000000000F03F0C8E0100000CC90100000B0707756E6B6E6F776E110E0D4154545249
310
425F435553544F4D0D066174747269620CFFFFFFFF04FFFFFFFF0CFFFFFFFF0CFFFFFFFF0C5A0100000711736B657463685F6174747269625F646566040100000004010000000403000000070F313037203020302030203136203336110D06636F656467650CFFFFFFFF04FFFFFFFF0CFFFFFFFF0CBC0100000C5A0100000C
310
C60100000CCA0100000B0C9301000004000000000CFFFFFFFF110D06636F656467650CFFFFFFFF04FFFFFFFF0CFFFFFFFF0C5A0100000CBC0100000C5D0100000C960100000A0C9301000004000000000CFFFFFFFF110D046C6F6F700CFFFFFFFF04FFFFFFFF0CFFFFFFFF0CFFFFFFFF0C5A0100000CCB010000110D067665
310
727465780CFFFFFFFF04FFFFFFFF0CFFFFFFFF0C8F01000004010000000CCC010000110E07656C6C697073650D0563757276650CFFFFFFFF04FFFFFFFF0CFFFFFFFF130000000000000000000000000000000000000000000000001400000000000000000000000000000000000000000000F03F1400000000000039400000
310
000000000000000000000000000006000000000000F03F0A066CD81F3B00A204400A063ED038C6A6F10440110D04656467650CFFFFFFFF04FFFFFFFF0CFFFFFFFF0C610100000600000000000000000CBF01000006000000000000E03F0C5D0100000CCD0100000B0707756E6B6E6F776E110D067063757276650CFFFFFFFF
310
04FFFFFFFF0CFFFFFFFF04000000000B0F0D0B6578705F7061725F6375720D046E756273040100000015000000000402000000060000000000000000040100000006000000000000E03F040100000006000000000000F03F06000000000000000006000000000000F03F06000000000000E03F0600000000000000000D0673
310
706C696E650B0F0D037265660430000000100B0B0B0B10060000000000000000060000000000000000110D067063757276650CFFFFFFFF04FFFFFFFF0CFFFFFFFF04000000000B0F0D0B6578705F7061725F6375720D046E75627304010000001500000000040200000006000000000000E0BF040100000006000000000000
310
00800401000000061A5B1CBBF2DEEE3F06000000000000E03F061A5B1CBBF2DEEE3F0600000000000000000600000000000000000D0673706C696E650B0F0D037265660430000000100B0B0B0B10060000000000000000060000000000000000110D04666163650CCE01000004FFFFFFFF0CFFFFFFFF0C670100000C5F0100
310
000C060000000CFFFFFFFF0CCF0100000B0B110D05706F696E740CFFFFFFFF04FFFFFFFF0CFFFFFFFF13966E60DEF22535C0A702E0482CAA2A400000000000000000110D06636F656467650CD001000004FFFFFFFF0CFFFFFFFF0CD10100000C630100000C8D0100000C680100000A0C9E01000004000000000CD201000011
310
0D06636F656467650CFFFFFFFF04FFFFFFFF0CFFFFFFFF0C630100000CD10100000CD30100000CC10100000A0C9E01000004000000000CD4010000110D06636F656467650CFFFFFFFF04FFFFFFFF0CFFFFFFFF0CD50100000C8E0100000C5E0100000C640100000B0CC701000004000000000CD6010000110D046C6F6F700C
310
FFFFFFFF04FFFFFFFF0CFFFFFFFF0CFFFFFFFF0C9B0100000CD7010000110D067063757276650CFFFFFFFF04FFFFFFFF0CFFFFFFFF04000000000B0F0D0B6578705F7061725F6375720D046E75627304010000001500000000040200000006000000000000E0BF0401000000060000000000000080040100000006085B1CBB
310
F2DEEEBF06000000000000E03F06085B1CBBF2DEEEBF0600000000000000000600000000000000000D0673706C696E650B0F0D0B63796C5F73706C5F737572043C5A00000D08696E7463757276650A0F0D037265660431000000100A06085B1CBBF2DEEEBF0A06000000000000008014000000000000000000000000000000
310
00000000000000244013D949CE858AC13EC03BE72EDD6FCD1C40000000000000000015020000000A06085B1CBBF2DEEEBF0A0600000000000000800A0600000000000000000A06000000000000E03F150000000015000000001500000000150000000004000000000400000000040000000004000000000400000000040000
310
00000B100B0B0B0B10060000000000000000060000000000000000110E0873747261696768740D0563757276650CFFFFFFFF04FFFFFFFF0CFFFFFFFF13C200C0C1EAE935C050A2439EA5BD28400000000000000000140000000000000000000000000000000000000000000024400A0600000000000000000A060000000000
310
00E03F110E0D4154545249425F435553544F4D0D066174747269620CFFFFFFFF04FFFFFFFF0CFFFFFFFF0CFFFFFFFF0C67010000071667656E657269635F7461675F6174747269625F6465660403000000040300000004FFFFFFFF071767656E657269635F7461675F6174747269625F646566200401000000040100000007
310
013604000000000401000000042D0100000400000000110E0673706C696E650D07737572666163650CFFFFFFFF04FFFFFFFF0CFFFFFFFF0B0F0D037265660425000000100B0B0B0B110D067665727465780CFFFFFFFF04FFFFFFFF0CFFFFFFFF0CD801000004000000000CD9010000110E08696E7463757276650D05637572
310
76650CFFFFFFFF04FFFFFFFF0CFFFFFFFF0B0F0D037265660431000000100A0600000000000000000A06085B1CBBF2DEEE3F110E0D4154545249425F435553544F4D0D066174747269620CFFFFFFFF04FFFFFFFF0CFFFFFFFF0CFFFFFFFF0C6C010000071667656E657269635F7461675F6174747269625F64656604030000
310
00040300000004FFFFFFFF071767656E657269635F7461675F6174747269625F64656620040100000004020000000702383304000000000401000000042D0100000400000000110D04666163650CDA01000004FFFFFFFF0CFFFFFFFF0CDB0100000CDC0100000C060000000CFFFFFFFF0CDD0100000B0B110D046C6F6F700C
310
FFFFFFFF04FFFFFFFF0CFFFFFFFF0CFFFFFFFF0CDE0100000C6C010000110E04636F6E650D07737572666163650CFFFFFFFF04FFFFFFFF0CFFFFFFFF130000000000000000000000000000000000000000000000001400000000000000000000000000000000000000000000F03F1400000000000039400000000000000000
310
000000000000000006000000000000F03F0B0B06000000000000000006000000000000F03F0600000000000039400B0B0B0B0B110D06636F656467650CDF01000004FFFFFFFF0CFFFFFFFF0CE00100000CE10100000CE20100000CE30100000A0C6D01000004000000000CE4010000110E0D4154545249425F435553544F4D
310
0D066174747269620CFFFFFFFF04FFFFFFFF0CFFFFFFFF0CFFFFFFFF0C6F0100000711736B657463685F6174747269625F646566040100000004010000000403000000070D31323020302031203020312032110D06636F656467650CFFFFFFFF04FFFFFFFF0CFFFFFFFF0CE50100000C6F0100000C710100000CB00100000B
310
0C3801000004000000000CE6010000110D06636F656467650CFFFFFFFF04FFFFFFFF0CFFFFFFFF0C6F0100000CE50100000CE00100000CE70100000A0C3801000004000000000CE8010000110D06636F656467650CE901000004FFFFFFFF0CFFFFFFFF0CE20100000C720100000C6F0100000CAE0100000B0C480000000400
310
0000000CFFFFFFFF110D04656467650CFFFFFFFF04FFFFFFFF0CFFFFFFFF0CB30100000600000000000000000CEA010000060B5B1CBBF2DEEE3F0C6F0100000CEB0100000B0707756E6B6E6F776E110D067063757276650CFFFFFFFF04FFFFFFFF0CFFFFFFFF04000000000B0F0D0B6578705F7061725F6375720D046E7562
310
73040100000015000000000402000000060B5B1CBBF2DEEEBF04010000000600000000000000800401000000061C5B1CBBF2DEEEBF0600000000000000000600000000000000800600000000000000000600000000000000000D0673706C696E650B0F0D037265660428000000100B0B0B0B10060000000000000000060000
310
000000000000110D04656467650CFFFFFFFF04FFFFFFFF0CFFFFFFFF0CB30100000600000000000000000CB901000006000000000000E03F0CAB0100000CEC0100000B0707756E6B6E6F776E110D067063757276650CFFFFFFFF04FFFFFFFF0CFFFFFFFF04000000000B0F0D0B6578705F7061725F6375720D046E75627304
310
010000001500000000040200000006000000000000E0BF0401000000060000000000000080040100000006000000000000000006000000000000E03F0600000000000000000600000000000000000600000000000000000D0673706C696E650B0F0D03726566041D000000100B0B0B0B100600000000000000000600000000
310
00000000110E0D4154545249425F435553544F4D0D066174747269620CFFFFFFFF04FFFFFFFF0CFFFFFFFF0CFFFFFFFF0C720100000711736B657463685F6174747269625F646566040100000004010000000403000000070D31313720302030203020312032110D067665727465780CFFFFFFFF04FFFFFFFF0CFFFFFFFF0C
310
7301000004000000000CED010000110E08696E7463757276650D0563757276650CFFFFFFFF04FFFFFFFF0CFFFFFFFF0B0F0D037265660408000000100A0600000000000000000A06C4D12C4ABCADEF3F110E07656C6C697073650D0563757276650CFFFFFFFF04FFFFFFFF0CFFFFFFFF130000000000000000000000000000
310
000000000000000014401400000000000000000000000000000000000000000000F03F1400000000000039400000000000000000000000000000000006000000000000F03F0B0B110D05706F696E740CFFFFFFFF04FFFFFFFF0CFFFFFFFF1388CB3511BE851EC0BEDFCC5798CE37400000000000001440110E08696E746375
310
7276650D0563757276650CFFFFFFFF04FFFFFFFF0CFFFFFFFF0B0F0D03726566042D000000100A061C5B1CBBF2DEEE3F0A06000000000000F03F110D06636F656467650CFFFFFFFF04FFFFFFFF0CFFFFFFFF0C820100000CEE0100000CE50100000CEF0100000B0C7C00000004000000000CFFFFFFFF110D06766572746578
310
0CFFFFFFFF04FFFFFFFF0CFFFFFFFF0C8301000004000000000CF0010000110E08696E7463757276650D0563757276650CFFFFFFFF04FFFFFFFF0CFFFFFFFF0B0F0D037265660438000000100A0600000000000000000A06C4D12C4ABCADEF3F110D06636F656467650CFFFFFFFF04FFFFFFFF0CFFFFFFFF0CD30100000C86
310
0100000CD50100000CF10100000B0C7C00000004000000000CFFFFFFFF110D06636F656467650CFFFFFFFF04FFFFFFFF0CFFFFFFFF0C920100000C910100000C860100000CBD0100000A0C9301000004000000000CFFFFFFFF110D04656467650CFFFFFFFF04FFFFFFFF0CFFFFFFFF0CBF010000066CD81F3B00A204400CF2
310
010000063ED038C6A6F104400CBC0100000CF30100000B0707756E6B6E6F776E110D067063757276650CFFFFFFFF04FFFFFFFF0CFFFFFFFF04000000000B0F0D0B6578705F7061725F6375720D046E75627304010000001500000000040200000006000000000000F0BF0401000000061A5B1CBBF2DEEEBF04010000000600
310
0000000000F03F06000000000000E03F062B5B1CBBF2DEEE3F06000000000000E03F0600000000000000000D0673706C696E650B0F0D037265660430000000100B0B0B0B10060000000000000000060000000000000000110D067665727465780CFFFFFFFF04FFFFFFFF0CFFFFFFFF0CBD01000004000000000CF401000011
310
0E08696E7463757276650D0563757276650CFFFFFFFF04FFFFFFFF0CFFFFFFFF0B0F0D0D65786163745F696E745F637572043C5A000015000000000D056E7572627304050000001500000000040B0000000600000000000000000405000000069A9999999999B93F0401000000069A9999999999C93F040100000006343333
310
333333D33F0401000000069A9999999999D93F040100000006000000000000E03F040100000006333333333333E33F040100000006666666666666E63F040100000006999999999999E93F040100000006CCCCCCCCCCCCEC3F040100000006000000000000F03F0405000000068EB1D03737B243C00674508E1DA1C81B4006
310
000000000000144006000000000000F03F06721F16EC9A8D43C006EA3FAA45E6621A4006000000000000144006000000000000F03F0680534E3E6F4343C006440C700C65C5174006000000000000144006000000000000F03F06C40A547254D142C0066555386C0163144006000000000000144006000000000000F03F062E
310
E03E4F663342C00677ED63A110F8104006000000000000144006000000000000F03F064B8C7A66C16341C00680B913E218430D4006000000000000144006000000000000F03F06DEED8A2A368940C0068F90E9F911B50C4006000000000000144006000000000000F03F06520F25D0A5463FC0067D2FFDEE84381040060000
310
00000000144006000000000000F03F064365AEEF03653DC00632AA58836527144006000000000000144006000000000000F03F069A34A80D6D6F3BC0066A17E7FA31F9194006000000000000144006000000000000F03F0679159A12EF6739C0062E4FC5311ABE204006000000000000144006000000000000F03F06C85AE3
310
936BBB37C006AA004CFA9F5B244006000000000000144006000000000000F03F06FF81C486457336C00652A6EDE99863274006000000000000144006000000000000F03F066F365D948C9535C0069892C06FAF8C294006000000000000144006000000000000F03F06966E60DEF22535C006A702E0482CAA2A400600000000
310
0000144006000000000000F03F0600000000000000000D0C6E756C6C5F737572666163650D0C6E756C6C5F737572666163650D066E756C6C62730D066E756C6C62730B0B04000000000400000000040000000004000000000A06000000000000F03F0A06000000000000000015000000001500000000100A061A5B1CBBF2DE
310
EE3F0A06000000000000F03F110D04656467650CFFFFFFFF04FFFFFFFF0CFFFFFFFF0C8A01000006085B1CBBF2DEEEBF0CF50100000600000000000000800C9C0100000CF60100000B0707756E6B6E6F776E110D05706F696E740CFFFFFFFF04FFFFFFFF0CFFFFFFFF13C200C0C1EAE935C050A2439EA5BD28400000000000
310
001440110E0D4154545249425F435553544F4D0D066174747269620CFFFFFFFF04FFFFFFFF0CFFFFFFFF0CFFFFFFFF0C8D0100000711736B657463685F6174747269625F646566040100000004010000000403000000070D31343120302031203020312032110D06636F656467650CF701000004FFFFFFFF0CFFFFFFFF0C8D
310
0100000CF80100000CF90100000CD80100000A0C4800000004000000000CFFFFFFFF110E0D4154545249425F435553544F4D0D066174747269620CFFFFFFFF04FFFFFFFF0CFFFFFFFF0CFFFFFFFF0C8E0100000711736B657463685F6174747269625F646566040100000004010000000403000000070D3133312030203120
310
3020322032110D06636F656467650CFFFFFFFF04FFFFFFFF0CFFFFFFFF0C8E0100000CD50100000C910100000CCA0100000A0CC701000004000000000CFA010000110D046C6F6F700CFFFFFFFF04FFFFFFFF0CFFFFFFFF0CFFFFFFFF0C8E0100000CFB010000110D067063757276650CFFFFFFFF04FFFFFFFF0CFFFFFFFF04
310
000000000B0F0D0B6578705F7061725F6375720D046E75627304010000001500000000040200000006000000000000F0BF04010000000600F82D4ABCADEFBF040100000006000000000000F0BF060000000000000000063B1E2F4ABCADEFBF0600000000000000000600000000000000000D0673706C696E650B0F0D0B6379
310
6C5F73706C5F737572043C5A00000D08696E7463757276650A0F0D037265660426000000100A06000000000000F0BF0A0600F82D4ABCADEFBF1400000000000000000000000000000000000000000000244013B94875E6CAE23DC08F74CC9BC71F2B40000000000000000015020000000A06000000000000F0BF0A0600F82D
310
4ABCADEFBF0A0600000000000000000A06000000000000E03F15000000001500000000150000000015000000000400000000040000000004000000000400000000040000000004000000000B100B0B0B0B10060000000000000000060000000000000000110E08696E7463757276650D0563757276650CFFFFFFFF04FFFFFF
310
FF0CFFFFFFFF0B0F0D037265660426000000100A06C5D12C4ABCADEF3F0A06000000000000F03F110D04656467650CFFFFFFFF04FFFFFFFF0CFFFFFFFF0C940100000600000000000000000CF201000006000000000000E03F0C910100000CFC0100000B0707756E6B6E6F776E110D04666163650CFD01000004FFFFFFFF0C
310
FFFFFFFF0C990100000C930100000C060000000CFFFFFFFF0CFE0100000B0B110D05706F696E740CFFFFFFFF04FFFFFFFF0CFFFFFFFF13E4FB840590A635C001000000000029400000000000000000110E0873747261696768740D0563757276650CFFFFFFFF04FFFFFFFF0CFFFFFFFF13966E60DEF22535C0A702E0482CAA
310
2A400000000000000000140000000000000000000000000000000000000000000024400A0600000000000000000A06000000000000E03F110E0D4154545249425F435553544F4D0D066174747269620CFFFFFFFF04FFFFFFFF0CFFFFFFFF0CFFFFFFFF0C99010000071667656E657269635F7461675F6174747269625F6465
310
660403000000040300000004FFFFFFFF071767656E657269635F7461675F6174747269625F646566200401000000040100000007013704000000000401000000042D0100000400000000110E0673706C696E650D07737572666163650CFFFFFFFF04FFFFFFFF0CFFFFFFFF0B0F0D037265660430000000100B0B0B0B110E0D
310
4154545249425F435553544F4D0D066174747269620CFFFFFFFF04FFFFFFFF0CFFFFFFFF0CFFFFFFFF0C9B0100000711736B657463685F6174747269625F646566040100000004010000000403000000070D31343120302031203020312032110D06636F656467650CFFFFFFFF04FFFFFFFF0CFFFFFFFF0C9C0100000C9B01
310
00000CFF0100000C000200000B0C9E01000004000000000C01020000110D067063757276650CFFFFFFFF04FFFFFFFF0CFFFFFFFF04000000000B0F0D0B6578705F7061725F6375720D046E75627304010000001500000000040200000006085B1CBBF2DEEEBF04010000000600000000000000800401000000061A5B1CBBF2
310
DEEEBF0600000000000000000600000000000000800600000000000000000600000000000000000D0673706C696E650B0F0D037265660440000000100B0B0B0B10060000000000000000060000000000000000110D06636F656467650CFFFFFFFF04FFFFFFFF0CFFFFFFFF0C020200000CBB0100000C9C0100000CC1010000
310
0B0C7C00000004000000000CFFFFFFFF110D067063757276650CFFFFFFFF04FFFFFFFF0CFFFFFFFF04000000000B0F0D0B6578705F7061725F6375720D046E756273040100000015000000000402000000060000000000000000040100000006085B1CBBF2DEEE3F040100000006000000000000008006000000000000E03F
310
061A5B1CBBF2DEEEBF06000000000000E03F0600000000000000000D0673706C696E650B0F0D037265660440000000100B0B0B0B10060000000000000000060000000000000000110D06636F656467650CFFFFFFFF04FFFFFFFF0CFFFFFFFF0CC60100000C9D0100000CBB0100000CF10100000A0CC701000004000000000C
310
03020000110D067063757276650CFFFFFFFF04FFFFFFFF0CFFFFFFFF04000000000B0F0D0B6578705F7061725F6375720D046E756273040100000015000000000402000000060000000000000000040100000006000000000000E03F04010000000600F82D4ABCADEFBF0600000000000000000600F82D4ABCADEFBF060000
310
00000000E03F0600000000000000000D0673706C696E650B0F0D037265660446000000100B0B0B0B10060000000000000000060000000000000000110D04666163650C0402000004FFFFFFFF0CFFFFFFFF0CFB0100000C9E0100000C060000000CFFFFFFFF0C050200000B0B110D04656467650CFFFFFFFF04FFFFFFFF0CFF
310
FFFFFF0CA30100000600000000000000000C0602000006B7D12C4ABCADEF3F0CF90100000C070200000B0707756E6B6E6F776E110D05706F696E740CFFFFFFFF04FFFFFFFF0CFFFFFFFF138EB1D03737B243C074508E1DA1C81B400000000000000000110E0D4154545249425F435553544F4D0D066174747269620CFFFFFF
310
FF04FFFFFFFF0CFFFFFFFF0CFFFFFFFF0CA6010000071667656E657269635F7461675F6174747269625F6465660403000000040300000004FFFFFFFF071767656E657269635F7461675F6174747269625F64656620040100000004020000000702383204000000000401000000042D0100000400000000110D04666163650C
310
0802000004FFFFFFFF0CFFFFFFFF0C090200000C0A0200000C060000000CFFFFFFFF0C0B0200000B0B110D046C6F6F700CFFFFFFFF04FFFFFFFF0CFFFFFFFF0CFFFFFFFF0C0C0200000CA6010000110E0673706C696E650D07737572666163650CFFFFFFFF04FFFFFFFF0CFFFFFFFF0B0F0D0B63796C5F73706C5F73757204
310
3C5A00000D08696E7463757276650B0F0D037265660429000000100A061C5B1CBBF2DEEE3F0A06000000000000F03F1400000000000000000000000000000000000000000000244013CED233CEBF4822C0D31895C15D3C3E40000000000000000015020000000A061C5B1CBBF2DEEE3F0A06000000000000F03F0A06000000
310
00000000000A06000000000000E03F15000000001500000000150000000015000000000400000000040000000004000000000400000000040000000004000000000B100B0B0B0B110D06636F656467650C0D02000004FFFFFFFF0CFFFFFFFF0C0E0200000C0F0200000C100200000C110200000B0CA701000004000000000C
310
FFFFFFFF110E0D4154545249425F435553544F4D0D066174747269620CFFFFFFFF04FFFFFFFF0CFFFFFFFF0CFFFFFFFF0CA90100000711736B657463685F6174747269625F646566040100000004010000000403000000070D31313020302031203020322032110D06636F656467650CFFFFFFFF04FFFFFFFF0CFFFFFFFF0C
310
120200000CA90100000C130200000CE70100000B0C6D01000004000000000C14020000110D06636F656467650CFFFFFFFF04FFFFFFFF0CFFFFFFFF0CA90100000C120200000C0E0200000C150200000A0C6D01000004000000000C16020000110D06636F656467650C1702000004FFFFFFFF0CFFFFFFFF0C100200000CAD01
310
00000CA90100000CE30100000B0C4800000004000000000CFFFFFFFF110D04656467650CFFFFFFFF04FFFFFFFF0CFFFFFFFF0CEA0100000601F82D4ABCADEF3F0C1802000006000000000000F03F0CA90100000C190200000B0707756E6B6E6F776E110D067063757276650CFFFFFFFF04FFFFFFFF0CFFFFFFFF0400000000
310
0B0F0D0B6578705F7061725F6375720D046E75627304010000001500000000040200000006000000000000F0BF04010000000601F82D4ABCADEFBF040100000006000000000000F0BF060000000000000000063C1E2F4ABCADEFBF0600000000000000000600000000000000000D0673706C696E650B0F0D03726566043400
310
0000100B0B0B0B10060000000000000000060000000000000000110D06636F656467650CFFFFFFFF04FFFFFFFF0CFFFFFFFF0CAC0100000CAB0100000CB80100000CEF0100000A0C3801000004000000000C1A020000110D067063757276650CFFFFFFFF04FFFFFFFF0CFFFFFFFF04000000000B0F0D0B6578705F7061725F
310
6375720D046E756273040100000015000000000402000000060000000000000000040100000006000000000000E03F040100000006000000000000008006000000000000000006000000000000008006000000000000E03F0600000000000000000D0673706C696E650B0F0D037265660428000000100B0B0B0B1006000000
310
0000000000060000000000000000110D04656467650CFFFFFFFF04FFFFFFFF0CFFFFFFFF0CEA0100000600000000000000000C1B02000006000000000000E03F0C1C0200000C1D0200000B0707756E6B6E6F776E110D067063757276650CFFFFFFFF04FFFFFFFF0CFFFFFFFF04000000000B0F0D0B6578705F7061725F6375
310
720D046E75627304010000001500000000040200000006000000000000E0BF04010000000600000000000000800401000000060B5B1CBBF2DEEEBF06000000000000E03F060B5B1CBBF2DEEEBF0600000000000000000600000000000000000D0673706C696E650B0F0D037265660428000000100B0B0B0B10060000000000
310
000000060000000000000000110E0D4154545249425F435553544F4D0D066174747269620CFFFFFFFF04FFFFFFFF0CFFFFFFFF0CFFFFFFFF0CAD0100000711736B657463685F6174747269625F646566040100000004010000000403000000070D31323020302031203020312032110D067665727465780CFFFFFFFF04FFFF
310
FFFF0CFFFFFFFF0CAE01000004010000000C1E020000110E08696E7463757276650D0563757276650CFFFFFFFF04FFFFFFFF0CFFFFFFFF0B0F0D037265660429000000100A0600000000000000000A060B5B1CBBF2DEEE3F110E0873747261696768740D0563757276650CFFFFFFFF04FFFFFFFF0CFFFFFFFF13F18EAC9192
310
5C2BC0325C73E939CB42400000000000000000140000000000000000000000000000000000000000000024400A0600000000000000000A06000000000000E03F110D05706F696E740CFFFFFFFF04FFFFFFFF0CFFFFFFFF13F18EAC91925C2BC0325C73E939CB42400000000000000000110D06636F656467650CFFFFFFFF04
310
FFFFFFFF0CFFFFFFFF0CB80100000C1F0200000C120200000C200200000B0C7C00000004000000000CFFFFFFFF110D04656467650CFFFFFFFF04FFFFFFFF0CFFFFFFFF0C1B020000060B5B1CBBF2DEEEBF0CB90100000600000000000000800CE50100000C210200000B0707756E6B6E6F776E110D05706F696E740CFFFFFF
310
FF04FFFFFFFF0CFFFFFFFF13F18EAC91925C2BC0325C73E939CB42400000000000001440110D04656467650CFFFFFFFF04FFFFFFFF0CFFFFFFFF0CF201000006000000000000F0BF0C8A0100000600F82D4ABCADEFBF0CD50100000C220200000B0707756E6B6E6F776E110D067665727465780CFFFFFFFF04FFFFFFFF0CFF
310
FFFFFF0CF101000004000000000C23020000110E07656C6C697073650D0563757276650CFFFFFFFF04FFFFFFFF0CFFFFFFFF130000000000000000000000000000000000000000000014401400000000000000000000000000000000000000000000F03F140000000000003940000000000000000000000000000000000600
310
0000000000F03F0B0B110D05706F696E740CFFFFFFFF04FFFFFFFF0CFFFFFFFF13966E60DEF22535C0A702E0482CAA2A400000000000001440110D067665727465780CFFFFFFFF04FFFFFFFF0CFFFFFFFF0C2402000004000000000C25020000110E08696E7463757276650D0563757276650CFFFFFFFF04FFFFFFFF0CFFFF
310
FFFF0A0F0D037265660444000000100A06085B1CBBF2DEEEBF0A060000000000000080110E0D4154545249425F435553544F4D0D066174747269620CFFFFFFFF04FFFFFFFF0CFFFFFFFF0CFFFFFFFF0CC40100000711736B657463685F6174747269625F646566040100000004010000000403000000070D31333820302030
310
203020312032110D06636F656467650C2602000004FFFFFFFF0CFFFFFFFF0CC40100000C270200000C280200000C290200000A0C4800000004000000000CFFFFFFFF110D06636F656467650C2A02000004FFFFFFFF0CFFFFFFFF0C2B0200000CFF0100000CC40100000CD80100000B0C2C02000004000000000C2D02000011
310
0D067063757276650CFFFFFFFF04FFFFFFFF0CFFFFFFFF04000000000B0F0D0B6578705F7061725F6375720D046E75627304010000001500000000040200000006000000000000E0BF0401000000060000000000000080040100000006000000000000F0BF06000000000000E03F06000000000000F0BF0600000000000000
310
000600000000000000000D0673706C696E650B0F0D037265660446000000100B0B0B0B10060000000000000000060000000000000000110D04666163650C2E02000004FFFFFFFF0CFFFFFFFF0CCB0100000CC70100000C060000000CFFFFFFFF0C2F0200000B0B110E0873747261696768740D0563757276650CFFFFFFFF04
310
FFFFFFFF0CFFFFFFFF13E4FB840590A635C001000000000029400000000000000000140000000000000000000000000000000000000000000024400A0600000000000000000A06000000000000E03F110E0D4154545249425F435553544F4D0D066174747269620CFFFFFFFF04FFFFFFFF0CFFFFFFFF0CFFFFFFFF0CCB0100
310
00071667656E657269635F7461675F6174747269625F6465660403000000040300000004FFFFFFFF071767656E657269635F7461675F6174747269625F646566200401000000040100000007013804000000000401000000042D0100000400000000110E04636F6E650D07737572666163650CFFFFFFFF04FFFFFFFF0CFFFF
310
FFFF130000000000000000000000000000000000000000000000001400000000000000000000000000000000000000000000F03F1400000000000039400000000000000000000000000000000006000000000000F03F0B0B06000000000000000006000000000000F03F0600000000000039400B0B0B0B0B110D06636F6564
310
67650CFFFFFFFF04FFFFFFFF0CFFFFFFFF0CF90100000C300200000CD10100000C000200000A0C2C02000004000000000C31020000110D04656467650CFFFFFFFF04FFFFFFFF0CFFFFFFFF0CA30100000600000000000000000CF501000006000000000000E03F0CD10100000C320200000B0707756E6B6E6F776E110D0670
310
63757276650CFFFFFFFF04FFFFFFFF0CFFFFFFFF04000000000B0F0D0B6578705F7061725F6375720D046E756273040100000015000000000402000000060000000000000000040100000006000000000000E03F040100000006000000000000008006000000000000000006000000000000008006000000000000E03F0600
310
000000000000000D0673706C696E650B0F0D037265660440000000100B0B0B0B10060000000000000000060000000000000000110D06636F656467650CFFFFFFFF04FFFFFFFF0CFFFFFFFF0C330200000CD30100000C300200000C240200000B0C7C00000004000000000CFFFFFFFF110D067063757276650CFFFFFFFF04FF
310
FFFFFF0CFFFFFFFF04000000000B0F0D0B6578705F7061725F6375720D046E7562730401000000150000000004020000000600F82D4ABCADEF3F040100000006000000000000F03F0401000000063B1E2F4ABCADEFBF06000000000000E03F06000000000000F0BF06000000000000E03F0600000000000000000D0673706C
310
696E650B0F0D037265660446000000100B0B0B0B10060000000000000000060000000000000000110E0D4154545249425F435553544F4D0D066174747269620CFFFFFFFF04FFFFFFFF0CFFFFFFFF0CFFFFFFFF0CD7010000071667656E657269635F7461675F6174747269625F6465660403000000040300000004FFFFFFFF
310
071767656E657269635F7461675F6174747269625F64656620040100000004020000000702313004000000000401000000042D0100000400000000110E0673706C696E650D07737572666163650CFFFFFFFF04FFFFFFFF0CFFFFFFFF0B0F0D037265660440000000100B0B0B0B110D067665727465780CFFFFFFFF04FFFFFF
310
FF0CFFFFFFFF0C3402000004010000000C35020000110E08696E7463757276650D0563757276650CFFFFFFFF04FFFFFFFF0CFFFFFFFF0B0F0D0D65786163745F696E745F637572043C5A000015000000000D056E7572627304050000001500000000040B0000000600000000000000000405000000069A9999999999B93F04
310
01000000069A9999999999C93F040100000006343333333333D33F0401000000069A9999999999D93F040100000006000000000000E03F040100000006333333333333E33F040100000006666666666666E63F040100000006999999999999E93F040100000006CCCCCCCCCCCCEC3F040100000006000000000000F03F0405
310
000000068EB1D03737B243C00674508E1DA1C81B4006000000000000000006000000000000F03F06E0D4EE70939A43C006D3012B40CBA4194006000000000000000006000000000000F03F060E6364AD0C6A43C0069199049B9D88154006000000000000000006000000000000F03F06DA3D3DEB841D43C00661D6528FA5C1
310
0F4006000000000000000006000000000000F03F06414549B0DFAF42C0068C76223B65BF024006000000000000000006000000000000F03F06B777841A4A1942C006A49C22370FB1E83F06000000000000000006000000000000F03F06C21BEBC5FF7341C00684909EC9C027D3BF06000000000000000006000000000000F0
310
3F068DB7A991D9BE40C006267BCA0B898FEABF06000000000000000006000000000000F03F065E4F5C8799F23FC006D2F32546B4AAE9BF06000000000000000006000000000000F03F066BCEA89232483EC00678E9607A56DACEBF06000000000000000006000000000000F03F06195D0D9DF0803CC0060C73753C77F7E93F
310
06000000000000000006000000000000F03F0691080BEC95FF3AC0068F44F014ED1B004006000000000000000006000000000000F03F06C523D3BD6FD339C006A6CF1A85CED6084006000000000000000006000000000000F03F065B96F545780639C00685B046477F520F4006000000000000000006000000000000F03F06
310
F2DDC405C59E38C00648F278B2645D114006000000000000000006000000000000F03F0600000000000000000D0C6E756C6C5F737572666163650D0C6E756C6C5F737572666163650D066E756C6C62730D066E756C6C62730B0B04000000000400000000040000000004000000000A06000000000000F03F0A060000000000
310
00000015000000001500000000100A0600000000000000000A06B7D12C4ABCADEF3F110E0D4154545249425F435553544F4D0D066174747269620CFFFFFFFF04FFFFFFFF0CFFFFFFFF0CFFFFFFFF0CDB010000071667656E657269635F7461675F6174747269625F6465660403000000040300000004FFFFFFFF071767656E
310
657269635F7461675F6174747269625F64656620040100000004020000000702383104000000000401000000042D0100000400000000110D04666163650C3602000004FFFFFFFF0CFFFFFFFF0C370200000C380200000C060000000CFFFFFFFF0C390200000B0B110D046C6F6F700CFFFFFFFF04FFFFFFFF0CFFFFFFFF0CFF
310
FFFFFF0C3A0200000CDB010000110E0673706C696E650D07737572666163650CFFFFFFFF04FFFFFFFF0CFFFFFFFF0B0F0D0B63796C5F73706C5F737572043C5A00000D08696E7463757276650B0F0D037265660435000000100A0600000000000000000A06C4D12C4ABCADEF3F140000000000000000000000000000000000
310
000000000024401315A88136369509C03E8984E2DC544040000000000000000015020000000A0600000000000000000A06C4D12C4ABCADEF3F0A0600000000000000000A06000000000000E03F1500000000150000000015000000001500000000040000000004000000000400000000040000000004000000000400000000
310
0B100B0B0B0B110D06636F656467650C3B02000004FFFFFFFF0CFFFFFFFF0C3C0200000C130200000C3D0200000C3E0200000B0CDC01000004000000000C3F020000110E0D4154545249425F435553544F4D0D066174747269620CFFFFFFFF04FFFFFFFF0CFFFFFFFF0CFFFFFFFF0CDE0100000711736B657463685F617474
310
7269625F646566040100000004010000000403000000070F313037203020302030203130203336110D06636F656467650CFFFFFFFF04FFFFFFFF0CFFFFFFFF0C400200000CDE0100000CE10100000C150200000B0CA701000004000000000CFFFFFFFF110D06636F656467650CFFFFFFFF04FFFFFFFF0CFFFFFFFF0CDE0100
310
000C400200000C3C0200000C410200000A0CA701000004000000000CFFFFFFFF110D06636F656467650C4202000004FFFFFFFF0CFFFFFFFF0C3D0200000CE20100000CDE0100000C110200000A0C4800000004000000000CFFFFFFFF110D04656467650CFFFFFFFF04FFFFFFFF0CFFFFFFFF0C4302000006733D123EAE82F8
310
3F0C1802000006182D4454FB21F93F0CDE0100000C440200000B0707756E6B6E6F776E110D06636F656467650CFFFFFFFF04FFFFFFFF0CFFFFFFFF0CE10100000CE00100000CEE0100000C200200000A0C6D01000004000000000C45020000110D06636F656467650CFFFFFFFF04FFFFFFFF0CFFFFFFFF0C0C0200000C4602
310
00000C1C0200000CE70100000A0CDC01000004000000000C47020000110D067063757276650CFFFFFFFF04FFFFFFFF0CFFFFFFFF04000000000B0F0D0B6578705F7061725F6375720D046E756273040100000015000000000402000000060000000000000000040100000006000000000000E03F04010000000601F82D4ABC
310
ADEFBF0600000000000000000601F82D4ABCADEFBF06000000000000E03F0600000000000000000D0673706C696E650B0F0D037265660434000000100B0B0B0B10060000000000000000060000000000000000110D04656467650CFFFFFFFF04FFFFFFFF0CFFFFFFFF0C180200000600000000000000000C48020000060000
310
00000000E03F0C0E0200000C490200000B0707756E6B6E6F776E110D067063757276650CFFFFFFFF04FFFFFFFF0CFFFFFFFF04000000000B0F0D0B6578705F7061725F6375720D046E75627304010000001500000000040200000006000000000000E0BF0401000000060000000000000080040100000006000000000000F0
310
BF06000000000000E03F06000000000000F0BF0600000000000000000600000000000000000D0673706C696E650B0F0D037265660434000000100B0B0B0B10060000000000000000060000000000000000110E0D4154545249425F435553544F4D0D066174747269620CFFFFFFFF04FFFFFFFF0CFFFFFFFF0CFFFFFFFF0CE2
310
0100000711736B657463685F6174747269625F646566040100000004010000000403000000070D31313020302031203020322032110D067665727465780CFFFFFFFF04FFFFFFFF0CFFFFFFFF0CE301000004010000000C4A020000110E08696E7463757276650D0563757276650CFFFFFFFF04FFFFFFFF0CFFFFFFFF0B0F0D
310
037265660435000000100A06C4D12C4ABCADEF3F0A06000000000000F03F110D067063757276650CFFFFFFFF04FFFFFFFF0CFFFFFFFF04000000000B0F0D0B6578705F7061725F6375720D046E7562730401000000150000000004020000000600000000000000000401000000060B5B1CBBF2DEEE3F040100000006000000
310
000000008006000000000000E03F061C5B1CBBF2DEEEBF06000000000000E03F0600000000000000000D0673706C696E650B0F0D037265660428000000100B0B0B0B10060000000000000000060000000000000000110D067665727465780CFFFFFFFF04FFFFFFFF0CFFFFFFFF0CEF01000004000000000C4B020000110D06
310
636F656467650CFFFFFFFF04FFFFFFFF0CFFFFFFFF0C4C0200000C3A0200000CAC0100000CE70100000B0C0A02000004000000000C4D020000110E0873747261696768740D0563757276650CFFFFFFFF04FFFFFFFF0CFFFFFFFF138B8D0BE65734CFBFAE3D240DBE2939400000000000000000140000000000000000000000
310
000000000000000000000024400A0600000000000000000A06000000000000E03F110D05706F696E740CFFFFFFFF04FFFFFFFF0CFFFFFFFF138B8D0BE65734CFBFAE3D240DBE2939400000000000000000110D06636F656467650CFFFFFFFF04FFFFFFFF0CFFFFFFFF0CEE0100000C4E0200000C400200000C4F0200000B0C
310
7C00000004000000000CFFFFFFFF110D04656467650CFFFFFFFF04FFFFFFFF0CFFFFFFFF0C4802000006000000000000F0BF0C1B0200000601F82D4ABCADEFBF0C120200000C500200000B0707756E6B6E6F776E110E08696E7463757276650D0563757276650CFFFFFFFF04FFFFFFFF0CFFFFFFFF0A0F0D0D65786163745F
310
696E745F637572043C5A000015000000000D056E7572627304050000001500000000040B0000000600000000000000000405000000069A9999999999B93F0401000000069A9999999999C93F040100000006343333333333D33F0401000000069A9999999999D93F040100000006000000000000E03F040100000006333333
310
333333E33F040100000006666666666666E63F040100000006999999999999E93F040100000006CCCCCCCCCCCCEC3F040100000006000000000000F03F040500000006F18EAC91925C2BC006325C73E939CB424006000000000000144006000000000000F03F06A970A0C740AE2BC006E04783962995424006000000000000
310
144006000000000000F03F064C096DDDD03B2CC0065AA001B3152B424006000000000000144006000000000000F03F0652D53698C3CE2CC0064531382E1E92414006000000000000144006000000000000F03F06AC4AA294C30D2DC0066CEEF29AA9D2404006000000000000144006000000000000F03F0630F7D10CA4712C
310
C00602D42638DCF23F4006000000000000144006000000000000F03F06B01E1E844DDB2AC00674CEEA55746F3E4006000000000000144006000000000000F03F06B4F4A9DA8D4028C0068D66FD74061D3D4006000000000000144006000000000000F03F06A658535FEEAA24C00620E5956FC7F93B40060000000000001440
310
06000000000000F03F065AC45A703D3020C006D6CA235F9D013B4006000000000000144006000000000000F03F06DA7398EA1ED015C006273994F818303A4006000000000000144006000000000000F03F067F2CC526156808C006DE5D0EDE5FA4394006000000000000144006000000000000F03F06035D3FB1E18EF1BF06
310
8E711ABA2E4A394006000000000000144006000000000000F03F0638D20533375BD13F068B5C8AEF6F14394006000000000000144006000000000000F03F068487F3550C1BEF3F06118E650D29FB384006000000000000144006000000000000F03F0600000000000000000D0C6E756C6C5F737572666163650D0C6E756C6C
310
5F737572666163650D066E756C6C62730D066E756C6C62730B0B04000000000400000000040000000004000000000A06000000000000F03F0A06000000000000000015000000001500000000100A060B5B1CBBF2DEEEBF0A060000000000000080110E08696E7463757276650D0563757276650CFFFFFFFF04FFFFFFFF0CFF
310
FFFFFF0A0F0D03726566043C000000100A06000000000000F0BF0A0600F82D4ABCADEFBF110D05706F696E740CFFFFFFFF04FFFFFFFF0CFFFFFFFF13E4FB840590A635C001000000000029400000000000001440110D04656467650CFFFFFFFF04FFFFFFFF0CFFFFFFFF0CF50100000600000000000000000C5102000006B7
310
D12C4ABCADEF3F0C300200000C520200000B0707756E6B6E6F776E110D05706F696E740CFFFFFFFF04FFFFFFFF0CFFFFFFFF138EB1D03737B243C074508E1DA1C81B400000000000001440110E0D4154545249425F435553544F4D0D066174747269620CFFFFFFFF04FFFFFFFF0CFFFFFFFF0CFFFFFFFF0CF8010000071173
310
6B657463685F6174747269625F646566040100000004010000000403000000070D31343820302030203020322032110D06636F656467650C5302000004FFFFFFFF0CFFFFFFFF0CF80100000C540200000C550200000C560200000A0C4800000004000000000CFFFFFFFF110D06636F656467650C5702000004FFFFFFFF0CFF
310
FFFFFF0C580200000C590200000CF80100000C290200000B0C5A02000004000000000C5B020000110D04656467650CFFFFFFFF04FFFFFFFF0CFFFFFFFF0C0602000006115B1CBBF2DEEE3F0C5C02000006000000000000F03F0C280200000C5D0200000B0707756E6B6E6F776E110E0D4154545249425F435553544F4D0D06
310
6174747269620CFFFFFFFF04FFFFFFFF0CFFFFFFFF0CFFFFFFFF0CF90100000711736B657463685F6174747269625F646566040100000004010000000403000000070D31333820302030203020312032110D06636F656467650CFFFFFFFF04FFFFFFFF0CFFFFFFFF0C300200000CF90100000C5E0200000C5F0200000B0C2C
310
02000004000000000C60020000110D046C6F6F700CFFFFFFFF04FFFFFFFF0CFFFFFFFF0CFFFFFFFF0CF90100000C61020000110D067063757276650CFFFFFFFF04FFFFFFFF0CFFFFFFFF04000000000B0F0D0B6578705F7061725F6375720D046E756273040100000015000000000402000000060000000000000000040100
310
000006B7D12C4ABCADEF3F040100000006000000000000000006000000000000000006F2F72D4ABCADEF3F0600000000000000000600000000000000000D0673706C696E650B0F0D0B63796C5F73706C5F737572043C5A00000D08696E7463757276650B0F0D037265660451000000100A0600000000000000000A06B7D12C
310
4ABCADEF3F1400000000000000000000000000000000000000000000244013E3489BBF6C5C40C07D5240DA452E0440000000000000000015020000000A0600000000000000000A06B7D12C4ABCADEF3F0A0600000000000000000A06000000000000E03F150000000015000000001500000000150000000004000000000400
310
00000004000000000400000000040000000004000000000B100B0B0B0B10060000000000000000060000000000000000110E0D4154545249425F435553544F4D0D066174747269620CFFFFFFFF04FFFFFFFF0CFFFFFFFF0CFFFFFFFF0CFB010000071667656E657269635F7461675F6174747269625F646566040300000004
310
0300000004FFFFFFFF071767656E657269635F7461675F6174747269625F646566200401000000040100000007013904000000000401000000042D0100000400000000110E0673706C696E650D07737572666163650CFFFFFFFF04FFFFFFFF0CFFFFFFFF0B0F0D037265660446000000100B0B0B0B110D06636F656467650C
310
FFFFFFFF04FFFFFFFF0CFFFFFFFF0CFF0100000C2B0200000C020200000C240200000A0C2C02000004000000000C62020000110D067063757276650CFFFFFFFF04FFFFFFFF0CFFFFFFFF04000000000B0F0D0B6578705F7061725F6375720D046E75627304010000001500000000040200000006000000000000E0BF040100
310
0000060000000000000080040100000006000000000000000006000000000000E03F0600000000000000000600000000000000000600000000000000000D0673706C696E650B0F0D037265660458000000100B0B0B0B10060000000000000000060000000000000000110E0873747261696768740D0563757276650CFFFFFF
310
FF04FFFFFFFF0CFFFFFFFF138EB1D03737B243C074508E1DA1C81B400000000000000000140000000000000000000000000000000000000000000024400A0600000000000000000A06000000000000E03F110D06636F656467650CFFFFFFFF04FFFFFFFF0CFFFFFFFF0C630200000C020200000C640200000C650200000B0C
310
7C00000004000000000CFFFFFFFF110D04656467650CFFFFFFFF04FFFFFFFF0CFFFFFFFF0C660200000600000000000000000C0602000006015B1CBBF2DEEE3F0C670200000C680200000B0707756E6B6E6F776E110D05706F696E740CFFFFFFFF04FFFFFFFF0CFFFFFFFF13DA0B200DB7D238C0EEF66F4A8B841040000000
310
0000000000110E0D4154545249425F435553544F4D0D066174747269620CFFFFFFFF04FFFFFFFF0CFFFFFFFF0CFFFFFFFF0C09020000071667656E657269635F7461675F6174747269625F6465660403000000040300000004FFFFFFFF071767656E657269635F7461675F6174747269625F64656620040100000004020000
310
000702383004000000000401000000042D0100000400000000110D04666163650C6902000004FFFFFFFF0CFFFFFFFF0C6A0200000C6B0200000C060000000CFFFFFFFF0C6C0200000B0B110D046C6F6F700CFFFFFFFF04FFFFFFFF0CFFFFFFFF0CFFFFFFFF0C6D0200000C09020000110E0673706C696E650D077375726661
310
63650CFFFFFFFF04FFFFFFFF0CFFFFFFFF0B0F0D0B63796C5F73706C5F737572043C5A00000D08696E7463757276650A0F0D0D65786163745F696E745F637572043C5A000015000000000D056E7572627304050000001500000000040B0000000600000000000000000405000000069A9999999999B93F0401000000069A99
310
99999999C93F040100000006343333333333D33F0401000000069A9999999999D93F040100000006000000000000E03F040100000006333333333333E33F040100000006666666666666E63F040100000006999999999999E93F040100000006CCCCCCCCCCCCEC3F040100000006000000000000F03F040500000006000000
310
000000000006000000000000444006000000000000000006000000000000F03F064DAED92BFBD6D2BF067CAE2B472ED4434006000000000000000006000000000000F03F06D511EA55DDCDEABF060AA3B0CC9A7C434006000000000000000006000000000000F03F06B9EDF705CA41F8BF063ECAC97A6DF942400600000000
310
0000000006000000000000F03F0636938C04672501C00611F693BFE74A424006000000000000000006000000000000F03F0644425845567F03C0061B23769C6C71414006000000000000000006000000000000F03F06C0D8E7A302AC01C006226AD5BCA898404006000000000000000006000000000000F03F06C432242FB4
310
FFF6BF06D27DD43047813F4006000000000000000006000000000000F03F06273AF2EAD339C2BF06CAC44266ACD23D4006000000000000000006000000000000F03F06C24606BA0817FA3F063289A02861253C4006000000000000000006000000000000F03F06283D9FEDC6A80E4006CC5080ED42793A4006000000000000
310
000006000000000000F03F06EA231E63F49C174006A82A0E939D23394006000000000000000006000000000000F03F06D39C1A6740791E40065BFDD746D323384006000000000000000006000000000000F03F06FBC7128450AA21400624BED11F7E79374006000000000000000006000000000000F03F06BAF48B3239EA22
310
4006794B13FA5F24374006000000000000000006000000000000F03F0600000000000000000D0C6E756C6C5F737572666163650D0C6E756C6C5F737572666163650D066E756C6C62730D066E756C6C62730B0B04000000000400000000040000000004000000000A06000000000000F03F0A06000000000000000015000000
310
001500000000100A06075B1CBBF2DEEEBF0A0600000000000000801400000000000000000000000000000000000000000000244013DF5C57F60D02FC3F6D1A2332058A3F40000000000000000015020000000A06075B1CBBF2DEEEBF0A0600000000000000800A0600000000000000000A06000000000000E03F1500000000
310
1500000000150000000015000000000400000000040000000004000000000400000000040000000004000000000B100B0B0B0B110D06636F656467650C6E02000004FFFFFFFF0CFFFFFFFF0C1C0200000C6F0200000C700200000C710200000B0C0A02000004000000000C72020000110E0D4154545249425F435553544F4D
310
0D066174747269620CFFFFFFFF04FFFFFFFF0CFFFFFFFF0CFFFFFFFF0C0C0200000711736B657463685F6174747269625F646566040100000004010000000403000000070D31323020302030203020322032110D06636F656467650CFFFFFFFF04FFFFFFFF0CFFFFFFFF0C460200000C0C0200000C0F0200000C410200000B
310
0CDC01000004000000000C73020000110D06636F656467650C7402000004FFFFFFFF0CFFFFFFFF0C700200000C100200000C0C0200000C3E0200000A0C4800000004000000000CFFFFFFFF110D04656467650CFFFFFFFF04FFFFFFFF0CFFFFFFFF0CEA010000061C5B1CBBF2DEEE3F0C4302000006000000000000F03F0C0C
310
0200000C750200000B0707756E6B6E6F776E110D067063757276650CFFFFFFFF04FFFFFFFF0CFFFFFFFF04000000000B0F0D0B6578705F7061725F6375720D046E756273040100000015000000000402000000061C5B1CBBF2DEEE3F040100000006000000000000F03F0401000000062D5B1CBBF2DEEE3F06000000000000
310
000006000000000000F03F0600000000000000000600000000000000000D0673706C696E650B0F0D03726566044A000000100B0B0B0B10060000000000000000060000000000000000110D06636F656467650CFFFFFFFF04FFFFFFFF0CFFFFFFFF0C0F0200000C0E0200000C1F0200000C4F0200000A0CA701000004000000
310
000CFFFFFFFF110D04656467650CFFFFFFFF04FFFFFFFF0CFFFFFFFF0C430200000600000000000000000C7602000006000000000000E03F0C3C0200000C770200000B0707756E6B6E6F776E110E0D4154545249425F435553544F4D0D066174747269620CFFFFFFFF04FFFFFFFF0CFFFFFFFF0CFFFFFFFF0C100200000711
310
736B657463685F6174747269625F646566040100000004010000000403000000070F313037203020302030203130203336110D067665727465780CFFFFFFFF04FFFFFFFF0CFFFFFFFF0C1102000004000000000C78020000110E07656C6C697073650D0563757276650CFFFFFFFF04FFFFFFFF0CFFFFFFFF13000000000000
310
0000000000000000000000000000000000001400000000000000000000000000000000000000000000F03F1400000000000039400000000000000000000000000000000006000000000000F03F0A06733D123EAE82F83F0A06182D4454FB21F93F110D067063757276650CFFFFFFFF04FFFFFFFF0CFFFFFFFF04000000000B
310
0F0D0B6578705F7061725F6375720D046E7562730401000000150000000004020000000601F82D4ABCADEF3F040100000006000000000000F03F0401000000063C1E2F4ABCADEFBF06000000000000E03F06000000000000F0BF06000000000000E03F0600000000000000000D0673706C696E650B0F0D0372656604340000
310
00100B0B0B0B10060000000000000000060000000000000000110D06636F656467650CFFFFFFFF04FFFFFFFF0CFFFFFFFF0C130200000C3C0200000C4E0200000C790200000A0CDC01000004000000000C7A020000110D067063757276650CFFFFFFFF04FFFFFFFF0CFFFFFFFF04000000000B0F0D0B6578705F7061725F63
310
75720D046E75627304010000001500000000040200000006000000000000E0BF04010000000600000000000000800401000000061C5B1CBBF2DEEE3F06000000000000E03F061C5B1CBBF2DEEE3F0600000000000000000600000000000000000D0673706C696E650B0F0D03726566044A000000100B0B0B0B100600000000
310
00000000060000000000000000110D067665727465780CFFFFFFFF04FFFFFFFF0CFFFFFFFF0C2002000004000000000C7B020000110E0873747261696768740D0563757276650CFFFFFFFF04FFFFFFFF0CFFFFFFFF130000000000000000000000000000394000000000000000001400000000000000000000000000000000
310
00000000000024400A0600000000000000000A06000000000000E03F110D05706F696E740CFFFFFFFF04FFFFFFFF0CFFFFFFFF13000000000000000000000000000039400000000000000000110D05706F696E740CFFFFFFFF04FFFFFFFF0CFFFFFFFF138A8D0BE65734CFBFAE3D240DBE2939400000000000001440110D06
310
636F656467650CFFFFFFFF04FFFFFFFF0CFFFFFFFF0C6F0200000C1C0200000C7C0200000C7D0200000A0C0A02000004000000000C7E020000110D067063757276650CFFFFFFFF04FFFFFFFF0CFFFFFFFF04000000000B0F0D0B6578705F7061725F6375720D046E7562730401000000150000000004020000000600000000
310
00000000040100000006000000000000E03F040100000006C4D12C4ABCADEF3F06000000000000000006C4D12C4ABCADEF3F06000000000000E03F0600000000000000000D0673706C696E650B0F0D037265660452000000100B0B0B0B10060000000000000000060000000000000000110D06636F656467650CFFFFFFFF04
310
FFFFFFFF0CFFFFFFFF0C1F0200000C7C0200000C460200000C790200000B0C7C00000004000000000CFFFFFFFF110D04656467650CFFFFFFFF04FFFFFFFF0CFFFFFFFF0C7602000006733D123EAE82F83F0C4802000006182D4454FB21F93F0C400200000C7F0200000B0707756E6B6E6F776E110E08696E7463757276650D
310
0563757276650CFFFFFFFF04FFFFFFFF0CFFFFFFFF0A0F0D0D65786163745F696E745F637572043C5A000015000000000D056E7572627304050000001500000000040B0000000600000000000000000405000000069A9999999999B93F0401000000069A9999999999C93F040100000006343333333333D33F040100000006
310
9A9999999999D93F040100000006000000000000E03F040100000006333333333333E33F040100000006666666666666E63F040100000006999999999999E93F040100000006CCCCCCCCCCCCEC3F040100000006000000000000F03F0405000000060000000000000000060000000000004440060000000000001440060000
310
00000000F03F064265D0CBC2AADFBF066BC8BCFBD3DC434006000000000000144006000000000000F03F06DFEA2F99D00DF7BF06A6DE24443396434006000000000000144006000000000000F03F06A0B67C3ADFD505C0061C1E9224682B434006000000000000144006000000000000F03F06E290936172BA10C006A21A97
310
AC489B424006000000000000144006000000000000F03F06B4D89BA05E1A16C006960931CE0CE4414006000000000000144006000000000000F03F06EA91E325B56C19C006CA0515B57729414006000000000000144006000000000000F03F06F3B8173D42881AC006A692F22D466B40400600000000000014400600000000
310
0000F03F069CE3CCE2A75919C006642E8744B1523F4006000000000000144006000000000000F03F0619A69173B1FB15C0063BBC4F8BB5C73D4006000000000000144006000000000000F03F06E5E92A7F179A10C006623666CE27363C4006000000000000144006000000000000F03F06C9092B1933A405C0069F50B9DE18
310
F03A4006000000000000144006000000000000F03F06103D2F399ED4F6BF06D4D039B004F9394006000000000000144006000000000000F03F060F41F92EC558DFBF061BCFD0D93053394006000000000000144006000000000000F03F06000000000000000006000000000000394006000000000000144006000000000000
310
F03F0600000000000000000D0C6E756C6C5F737572666163650D0C6E756C6C5F737572666163650D066E756C6C62730D066E756C6C62730B0B04000000000400000000040000000004000000000A06000000000000F03F0A06000000000000000015000000001500000000100A06000000000000F0BF0A0601F82D4ABCADEF
310
BF110D067665727465780CFFFFFFFF04FFFFFFFF0CFFFFFFFF0C8002000004000000000C81020000110E08696E7463757276650D0563757276650CFFFFFFFF04FFFFFFFF0CFFFFFFFF0B0F0D0D65786163745F696E745F637572043C5A000015000000000D056E7572627304050000001500000000040B0000000600000000
310
000000000405000000069A9999999999B93F0401000000069A9999999999C93F040100000006343333333333D33F0401000000069A9999999999D93F040100000006000000000000E03F040100000006333333333333E33F040100000006666666666666E63F040100000006999999999999E93F040100000006CCCCCCCCCC
310
CCEC3F040100000006000000000000F03F0405000000068EB1D03737B243C00674508E1DA1C81B4006000000000000144006000000000000F03F06E0D4EE70939A43C006D3012B40CBA4194006000000000000144006000000000000F03F060E6364AD0C6A43C0069199049B9D881540060000000000001440060000000000
310
00F03F06DA3D3DEB841D43C00661D6528FA5C10F4006000000000000144006000000000000F03F06414549B0DFAF42C0068C76223B65BF024006000000000000144006000000000000F03F06B777841A4A1942C006A49C22370FB1E83F06000000000000144006000000000000F03F06C21BEBC5FF7341C00684909EC9C027
310
D3BF06000000000000144006000000000000F03F068DB7A991D9BE40C006267BCA0B898FEABF06000000000000144006000000000000F03F065E4F5C8799F23FC006D2F32546B4AAE9BF06000000000000144006000000000000F03F066BCEA89232483EC00678E9607A56DACEBF06000000000000144006000000000000F0
310
3F06195D0D9DF0803CC0060C73753C77F7E93F06000000000000144006000000000000F03F0691080BEC95FF3AC0068F44F014ED1B004006000000000000144006000000000000F03F06C523D3BD6FD339C006A6CF1A85CED6084006000000000000144006000000000000F03F065B96F545780639C00685B046477F520F40
310
06000000000000144006000000000000F03F06F2DDC405C59E38C00648F278B2645D114006000000000000144006000000000000F03F0600000000000000000D0C6E756C6C5F737572666163650D0C6E756C6C5F737572666163650D066E756C6C62730D066E756C6C62730B0B040000000004000000000400000000040000
310
00000A06000000000000F03F0A06000000000000000015000000001500000000100A0600000000000000000A06B7D12C4ABCADEF3F110E0D4154545249425F435553544F4D0D066174747269620CFFFFFFFF04FFFFFFFF0CFFFFFFFF0CFFFFFFFF0C270200000711736B657463685F6174747269625F646566040100000004
310
010000000403000000070F313037203020302030203138203336110D06636F656467650C8202000004FFFFFFFF0CFFFFFFFF0C270200000C830200000C840200000C850200000B0C4800000004000000000CFFFFFFFF110D06636F656467650C8602000004FFFFFFFF0CFFFFFFFF0C870200000C880200000C270200000C56
310
0200000B0C8902000004000000000CFFFFFFFF110D04656467650CFFFFFFFF04FFFFFFFF0CFFFFFFFF0C5C02000006FDC07C44E36C07400C8A02000006CFB895CF89BC07400C550200000C8B0200000B0707756E6B6E6F776E110E0D4154545249425F435553544F4D0D066174747269620CFFFFFFFF04FFFFFFFF0CFFFFFF
310
FF0CFFFFFFFF0C280200000711736B657463685F6174747269625F646566040100000004010000000403000000070D31343820302030203020322032110D06636F656467650CFFFFFFFF04FFFFFFFF0CFFFFFFFF0C640200000C280200000C880200000C8C0200000B0C5A02000004000000000C8D020000110D06636F6564
310
67650CFFFFFFFF04FFFFFFFF0CFFFFFFFF0C280200000C640200000C2B0200000C5F0200000A0C5A02000004000000000C8E020000110D046C6F6F700CFFFFFFFF04FFFFFFFF0CFFFFFFFF0CFFFFFFFF0C280200000C8F020000110D067063757276650CFFFFFFFF04FFFFFFFF0CFFFFFFFF04000000000B0F0D0B6578705F
310
7061725F6375720D046E75627304010000001500000000040200000006115B1CBBF2DEEE3F040100000006000000000000F03F040100000006225B1CBBF2DEEE3F06000000000000000006000000000000F03F0600000000000000000600000000000000000D0673706C696E650B0F0D0B63796C5F73706C5F737572043C5A
310
00000D08696E7463757276650B0F0D0D65786163745F696E745F637572043C5A000015000000000D056E7572627304050000001500000000040B0000000600000000000000000405000000069A9999999999B93F0401000000069A9999999999C93F040100000006343333333333D33F0401000000069A9999999999D93F04
310
0100000006000000000000E03F040100000006333333333333E33F040100000006666666666666E63F040100000006999999999999E93F040100000006CCCCCCCCCCCCEC3F040100000006000000000000F03F0405000000068FB1D03737B243C0066A508E1DA1C81BC006000000000000000006000000000000F03F0602D9
310
27EA848043C006F07E92F79CB41CC006000000000000000006000000000000F03F062E2A54D7321E43C006D738BF90CC5E1EC006000000000000000006000000000000F03F0638F67659EF8D42C0061021626A5D2A20C006000000000000000006000000000000F03F062EB0C0881FD441C006E883A32864ED20C006000000
310
000000000006000000000000F03F06AF2578D469F740C006A8DF0E2A87EA20C006000000000000000006000000000000F03F06003CD468032740C006CAAF4FC7D0C11FC006000000000000000006000000000000F03F06FB501A5DD9C63EC0062C4C7CC0A58B1BC006000000000000000006000000000000F03F067DFE1516
310
5B583DC00676627E9B944615C006000000000000000006000000000000F03F067AB971B866003CC0068C9E426FD3400AC006000000000000000006000000000000F03F06B72A7753AABC3AC006682BEB595855EABF06000000000000000006000000000000F03F067487579544C839C006BCB5133DF22BF73F060000000000
310
00000006000000000000F03F06A5BC89AF9B1839C006E58E5DF88A7C0A4006000000000000000006000000000000F03F06FEDF893FD7A638C00673E5322C127D124006000000000000000006000000000000F03F06D8432FBFCA6E38C00648FD8F6C4A2E154006000000000000000006000000000000F03F06000000000000
310
00000D0C6E756C6C5F737572666163650D0C6E756C6C5F737572666163650D066E756C6C62730D066E756C6C62730B0B04000000000400000000040000000004000000000A06000000000000F03F0A06000000000000000015000000001500000000100A06115B1CBBF2DEEE3F0A06000000000000F03F1400000000000000
310
000000000000000000000000000000244013F489E3A92C5D3FC0CC12AAA6BF050EC0000000000000000015020000000A06115B1CBBF2DEEE3F0A06000000000000F03F0A0600000000000000000A06000000000000E03F15000000001500000000150000000015000000000400000000040000000004000000000400000000
310
040000000004000000000B100B0B0B0B10060000000000000000060000000000000000110D067665727465780CFFFFFFFF04FFFFFFFF0CFFFFFFFF0C5602000004000000000C90020000110E08696E7463757276650D0563757276650CFFFFFFFF04FFFFFFFF0CFFFFFFFF0B0F0D037265660464000000100A06015B1CBBF2
310
DEEE3F0A06000000000000F03F110D06636F656467650CFFFFFFFF04FFFFFFFF0CFFFFFFFF0C670200000C910200000C920200000C5F0200000A0C9302000004000000000C94020000110D04656467650CFFFFFFFF04FFFFFFFF0CFFFFFFFF0C060200000600000000000000000C5102000006000000000000E03F0C2B0200
310
000C950200000B0707756E6B6E6F776E110D067063757276650CFFFFFFFF04FFFFFFFF0CFFFFFFFF04000000000B0F0D0B6578705F7061725F6375720D046E756273040100000015000000000402000000060000000000000000040100000006000000000000E03F040100000006B7D12C4ABCADEF3F060000000000000000
310
06B7D12C4ABCADEF3F06000000000000E03F0600000000000000000D0673706C696E650B0F0D037265660458000000100B0B0B0B10060000000000000000060000000000000000110D04666163650C9602000004FFFFFFFF0CFFFFFFFF0CD70100000C2C0200000C060000000CFFFFFFFF0C970200000B0B110D0670637572
310
76650CFFFFFFFF04FFFFFFFF0CFFFFFFFF04000000000B0F0D0B6578705F7061725F6375720D046E75627304010000001500000000040200000006B7D12C4ABCADEFBF0401000000060000000000000080040100000006F2F72D4ABCADEF3F06000000000000E03F06000000000000000006000000000000E03F0600000000
310
000000000D0673706C696E650B0F0D037265660458000000100B0B0B0B10060000000000000000060000000000000000110D06636F656467650CFFFFFFFF04FFFFFFFF0CFFFFFFFF0C980200000C330200000C990200000C9A0200000B0C7C00000004000000000CFFFFFFFF110D06636F656467650CFFFFFFFF04FFFFFFFF
310
0CFFFFFFFF0C590200000C580200000C330200000C650200000A0C5A02000004000000000C9B020000110D04656467650CFFFFFFFF04FFFFFFFF0CFFFFFFFF0C5102000006115B1CBBF2DEEE3F0C9C02000006000000000000F03F0C640200000C9D0200000B0707756E6B6E6F776E110D067665727465780CFFFFFFFF04FF
310
FFFFFF0CFFFFFFFF0C9E02000004000000000C9F020000110D06636F656467650CA002000004FFFFFFFF0CFFFFFFFF0CA10200000C5E0200000C830200000C340200000A0C9302000004000000000CA2020000110E08696E7463757276650D0563757276650CFFFFFFFF04FFFFFFFF0CFFFFFFFF0B0F0D0372656604640000
310
00100A0600000000000000000A06015B1CBBF2DEEE3F110E0D4154545249425F435553544F4D0D066174747269620CFFFFFFFF04FFFFFFFF0CFFFFFFFF0CFFFFFFFF0C37020000071667656E657269635F7461675F6174747269625F6465660403000000040300000004FFFFFFFF071767656E657269635F7461675F617474
310
7269625F64656620040100000004020000000702373904000000000401000000042D0100000400000000110D04666163650CA302000004FFFFFFFF0CFFFFFFFF0CA40200000CA50200000C060000000CFFFFFFFF0CA60200000B0B110D046C6F6F700CFFFFFFFF04FFFFFFFF0CFFFFFFFF0CFFFFFFFF0CA70200000C370200
310
00110E0673706C696E650D07737572666163650CFFFFFFFF04FFFFFFFF0CFFFFFFFF0B0F0D0B63796C5F73706C5F737572043C5A00000D08696E7463757276650A0F0D0D65786163745F696E745F637572043C5A000015000000000D056E7572627304050000001500000000040B0000000600000000000000000405000000
310
069A9999999999B93F0401000000069A9999999999C93F040100000006343333333333D33F0401000000069A9999999999D93F040100000006000000000000E03F040100000006333333333333E33F040100000006666666666666E63F040100000006999999999999E93F040100000006CCCCCCCCCCCCEC3F040100000006
310
000000000000F03F040500000006028FAC91925C2B4006305C73E939CB424006000000000000000006000000000000F03F06D02B0271653E2A40065B374641D6BF424006000000000000000006000000000000F03F0682397EEE9716284006920164E7E2A6424006000000000000000006000000000000F03F06C8E8379D89
310
1825400663D5C9CBF17A424006000000000000000006000000000000F03F0651E07BDD7698214006002F6BAC1B33424006000000000000000006000000000000F03F067FBEE970A02E1C400663D58BAEBFC1414006000000000000000006000000000000F03F064C1EB9040D1117400641D088D1C536414006000000000000
310
000006000000000000F03F06C402F43033FE134006DA0FAEFE2B90404006000000000000000006000000000000F03F06BE8AC389EF071340068E42E21E019A3F4006000000000000000006000000000000F03F06A2824AF18B15144006AC890BAC23DD3D4006000000000000000006000000000000F03F062C9313F3B5FE16
310
4006CC1A62AE02EE3B4006000000000000000006000000000000F03F06DAFD74CB5FAF1A4006D05895AF113D3A4006000000000000000006000000000000F03F06AABFCF4E5B2B1E40060FAE1632F8E4384006000000000000000006000000000000F03F06810174F81C67204006393B6F6A17F73740060000000000000000
310
06000000000000F03F0661D90B9BDB192140063C33D063087E374006000000000000000006000000000000F03F0600000000000000000D0C6E756C6C5F737572666163650D0C6E756C6C5F737572666163650D066E756C6C62730D066E756C6C62730B0B04000000000400000000040000000004000000000A060000000000
310
00F03F0A06000000000000000015000000001500000000100A06000000000000F0BF0A06F6F72D4ABCADEFBF14000000000000000000000000000000000000000000002440139BF21F1B32552040D3326D7B72C93F40000000000000000015020000000A06000000000000F0BF0A06F6F72D4ABCADEFBF0A06000000000000
310
00000A06000000000000E03F15000000001500000000150000000015000000000400000000040000000004000000000400000000040000000004000000000B100B0B0B0B110D06636F656467650CA802000004FFFFFFFF0CFFFFFFFF0CA90200000CAA0200000CAB0200000CAC0200000A0C3802000004000000000CAD0200
310
00110E0D4154545249425F435553544F4D0D066174747269620CFFFFFFFF04FFFFFFFF0CFFFFFFFF0CFFFFFFFF0C3A0200000711736B657463685F6174747269625F646566040100000004010000000403000000070D31313020302030203020312032110D06636F656467650CFFFFFFFF04FFFFFFFF0CFFFFFFFF0C3A0200
310
000C4C0200000CA90200000CAE0200000A0C0A02000004000000000CAF020000110D06636F656467650CB002000004FFFFFFFF0CFFFFFFFF0CAB0200000C3D0200000C3A0200000C710200000A0C4800000004000000000CFFFFFFFF110D04656467650CFFFFFFFF04FFFFFFFF0CFFFFFFFF0CB10200000600000000000000
310
000CEA01000006C4D12C4ABCADEF3F0C3A0200000CB20200000B0707756E6B6E6F776E110D067063757276650CFFFFFFFF04FFFFFFFF0CFFFFFFFF04000000000B0F0D0B6578705F7061725F6375720D046E756273040100000015000000000402000000060000000000000000040100000006C4D12C4ABCADEF3F04010000
310
000600000000000000000600000000000000000600F82D4ABCADEF3F0600000000000000000600000000000000000D0673706C696E650B0F0D037265660452000000100B0B0B0B10060000000000000000060000000000000000110D067063757276650CFFFFFFFF04FFFFFFFF0CFFFFFFFF04000000000B0F0D0B6578705F
310
7061725F6375720D046E756273040100000015000000000402000000060000000000000000040100000006000000000000E03F040100000006000000000000F03F06000000000000000006000000000000F03F06000000000000E03F0600000000000000000D0673706C696E650B0F0D03726566044A000000100B0B0B0B10
310
060000000000000000060000000000000000110E0D4154545249425F435553544F4D0D066174747269620CFFFFFFFF04FFFFFFFF0CFFFFFFFF0CFFFFFFFF0C3D0200000711736B657463685F6174747269625F646566040100000004010000000403000000070D31323020302030203020322032110E08696E746375727665
310
0D0563757276650CFFFFFFFF04FFFFFFFF0CFFFFFFFF0B0F0D037265660429000000100A060B5B1CBBF2DEEE3F0A06000000000000F03F110D067665727465780CFFFFFFFF04FFFFFFFF0CFFFFFFFF0C4F02000004000000000CB3020000110E0873747261696768740D0563757276650CFFFFFFFF04FFFFFFFF0CFFFFFFFF
310
138487F3550C1BEF3F118E650D29FB38400000000000000000140000000000000000000000000000000000000000000024400A0600000000000000000A06000000000000E03F110D05706F696E740CFFFFFFFF04FFFFFFFF0CFFFFFFFF138487F3550C1BEF3F118E650D29FB38400000000000000000110D04656467650CFF
310
FFFFFF04FFFFFFFF0CFFFFFFFF0C1B020000061C5B1CBBF2DEEE3F0C7602000006000000000000F03F0C460200000CB40200000B0707756E6B6E6F776E110D067063757276650CFFFFFFFF04FFFFFFFF0CFFFFFFFF04000000000B0F0D0B6578705F7061725F6375720D046E75627304010000001500000000040200000006
310
000000000000F0BF0401000000061C5B1CBBF2DEEEBF040100000006000000000000F03F06000000000000E03F062D5B1CBBF2DEEE3F06000000000000E03F0600000000000000000D0673706C696E650B0F0D03726566044A000000100B0B0B0B10060000000000000000060000000000000000110D05706F696E740CFFFF
310
FFFF04FFFFFFFF0CFFFFFFFF13000000000000000000000000000039400000000000001440110D06636F656467650CFFFFFFFF04FFFFFFFF0CFFFFFFFF0C4E0200000CB50200000C4C0200000C7D0200000B0C7C00000004000000000CFFFFFFFF110D04656467650CFFFFFFFF04FFFFFFFF0CFFFFFFFF0CB6020000060000
310
0000000000000C1B02000006C4D12C4ABCADEF3F0C4C0200000CB70200000B0707756E6B6E6F776E110D067063757276650CFFFFFFFF04FFFFFFFF0CFFFFFFFF04000000000B0F0D0B6578705F7061725F6375720D046E75627304010000001500000000040200000006C4D12C4ABCADEFBF04010000000600000000000000
310
8004010000000600F82D4ABCADEF3F06000000000000E03F06000000000000000006000000000000E03F0600000000000000000D0673706C696E650B0F0D037265660452000000100B0B0B0B10060000000000000000060000000000000000110E07656C6C697073650D0563757276650CFFFFFFFF04FFFFFFFF0CFFFFFFFF
310
130000000000000000000000000000000000000000000014401400000000000000000000000000000000000000000000F03F1400000000000039400000000000000000000000000000000006000000000000F03F0B0B110D04656467650CFFFFFFFF04FFFFFFFF0CFFFFFFFF0C5102000006015B1CBBF2DEEEBF0CB8020000
310
0600000000000000800C910200000CB90200000B0707756E6B6E6F776E110D05706F696E740CFFFFFFFF04FFFFFFFF0CFFFFFFFF13DA0B200DB7D238C0EEF66F4A8B8410400000000000001440110E0D4154545249425F435553544F4D0D066174747269620CFFFFFFFF04FFFFFFFF0CFFFFFFFF0CFFFFFFFF0C5402000007
310
11736B657463685F6174747269625F646566040100000004010000000403000000070D31333820302031203020322032110D06636F656467650CBA02000004FFFFFFFF0CFFFFFFFF0C540200000CBB0200000C670200000C340200000B0C4800000004000000000CFFFFFFFF110D06636F656467650CBC02000004FFFFFFFF
310
0CFFFFFFFF0C920200000CBD0200000C540200000C850200000A0CBE02000004000000000CBF020000110D04656467650CFFFFFFFF04FFFFFFFF0CFFFFFFFF0C0602000006F2F72D4ABCADEF3F0C8A02000006000000000000F03F0C840200000CC00200000B0707756E6B6E6F776E110E0D4154545249425F435553544F4D
310
0D066174747269620CFFFFFFFF04FFFFFFFF0CFFFFFFFF0CFFFFFFFF0C550200000711736B657463685F6174747269625F646566040100000004010000000403000000070F313037203020302030203138203336110D06636F656467650CFFFFFFFF04FFFFFFFF0CFFFFFFFF0C990200000C550200000CBD0200000CC10200
310
000B0C8902000004000000000CFFFFFFFF110D06636F656467650CFFFFFFFF04FFFFFFFF0CFFFFFFFF0C550200000C990200000C580200000C8C0200000A0C8902000004000000000CFFFFFFFF110D046C6F6F700CFFFFFFFF04FFFFFFFF0CFFFFFFFF0CFFFFFFFF0C550200000CC2020000110D067665727465780CFFFFFF
310
FF04FFFFFFFF0CFFFFFFFF0C8502000004010000000CC3020000110E07656C6C697073650D0563757276650CFFFFFFFF04FFFFFFFF0CFFFFFFFF130000000000000000000000000000000000000000000000001400000000000000000000000000000000000000000000F03F14000000000000394000000000000000000000
310
00000000000006000000000000F03F0A06FDC07C44E36C07400A06CFB895CF89BC0740110D04656467650CFFFFFFFF04FFFFFFFF0CFFFFFFFF0C5C0200000600000000000000000C9C02000006000000000000E03F0C580200000CC40200000B0707756E6B6E6F776E110D067063757276650CFFFFFFFF04FFFFFFFF0CFFFF
310
FFFF04000000000B0F0D0B6578705F7061725F6375720D046E756273040100000015000000000402000000060000000000000000040100000006000000000000E03F040100000006000000000000F03F06000000000000000006000000000000F03F06000000000000E03F0600000000000000000D0673706C696E650B0F0D
310
037265660463000000100B0B0B0B10060000000000000000060000000000000000110D067063757276650CFFFFFFFF04FFFFFFFF0CFFFFFFFF04000000000B0F0D0B6578705F7061725F6375720D046E75627304010000001500000000040200000006000000000000E0BF0401000000060000000000000080040100000006
310
115B1CBBF2DEEE3F06000000000000E03F06115B1CBBF2DEEE3F0600000000000000000600000000000000000D0673706C696E650B0F0D037265660463000000100B0B0B0B10060000000000000000060000000000000000110D04666163650CC502000004FFFFFFFF0CFFFFFFFF0C610200000C5A0200000C060000000CFF
310
FFFFFF0CC60200000B0B110D05706F696E740CFFFFFFFF04FFFFFFFF0CFFFFFFFF13D8432FBFCA6E38C048FD8F6C4A2E15400000000000000000110D06636F656467650CFFFFFFFF04FFFFFFFF0CFFFFFFFF0C5E0200000CA10200000CC70200000C800200000A0C9302000004000000000CC8020000110D06636F65646765
310
0CFFFFFFFF04FFFFFFFF0CFFFFFFFF0CC90200000C840200000C590200000C5F0200000B0CBE02000004000000000CCA020000110D046C6F6F700CFFFFFFFF04FFFFFFFF0CFFFFFFFF0CFFFFFFFF0C670200000CCB020000110D067063757276650CFFFFFFFF04FFFFFFFF0CFFFFFFFF04000000000B0F0D0B6578705F7061
310
725F6375720D046E75627304010000001500000000040200000006000000000000E0BF0401000000060000000000000080040100000006015B1CBBF2DEEEBF06000000000000E03F06015B1CBBF2DEEEBF0600000000000000000600000000000000000D0673706C696E650B0F0D0B63796C5F73706C5F737572043C5A0000
310
0D08696E7463757276650A0F0D037265660464000000100A06015B1CBBF2DEEEBF0A0600000000000000801400000000000000000000000000000000000000000000244013F489E3A92C5D3FC0CC12AAA6BF050EC0000000000000000015020000000A06015B1CBBF2DEEEBF0A0600000000000000800A0600000000000000
310
000A06000000000000E03F15000000001500000000150000000015000000000400000000040000000004000000000400000000040000000004000000000B100B0B0B0B10060000000000000000060000000000000000110E0873747261696768740D0563757276650CFFFFFFFF04FFFFFFFF0CFFFFFFFF13DA0B200DB7D238
310
C0EEF66F4A8B8410400000000000000000140000000000000000000000000000000000000000000024400A0600000000000000000A06000000000000E03F110E0D4154545249425F435553544F4D0D066174747269620CFFFFFFFF04FFFFFFFF0CFFFFFFFF0CFFFFFFFF0C61020000071667656E657269635F7461675F6174
310
747269625F6465660403000000040300000004FFFFFFFF071767656E657269635F7461675F6174747269625F64656620040100000004020000000702313104000000000401000000042D0100000400000000110E0673706C696E650D07737572666163650CFFFFFFFF04FFFFFFFF0CFFFFFFFF0B0F0D037265660458000000
310
100B0B0B0B110D06636F656467650CFFFFFFFF04FFFFFFFF0CFFFFFFFF0CC70200000C630200000CC90200000CCC0200000B0C7C00000004000000000CFFFFFFFF110D06636F656467650CFFFFFFFF04FFFFFFFF0CFFFFFFFF0C880200000C870200000C630200000C9A0200000A0C8902000004000000000CFFFFFFFF110D
310
04656467650CFFFFFFFF04FFFFFFFF0CFFFFFFFF0C9C02000006FDC07C44E36C07400CCD02000006CFB895CF89BC07400C990200000CCE0200000B0707756E6B6E6F776E110D067063757276650CFFFFFFFF04FFFFFFFF0CFFFFFFFF04000000000B0F0D0B6578705F7061725F6375720D046E756273040100000015000000
310
00040200000006000000000000F0BF040100000006115B1CBBF2DEEEBF040100000006000000000000F03F06000000000000E03F06225B1CBBF2DEEE3F06000000000000E03F0600000000000000000D0673706C696E650B0F0D037265660463000000100B0B0B0B10060000000000000000060000000000000000110D0676
310
65727465780CFFFFFFFF04FFFFFFFF0CFFFFFFFF0C9A02000004000000000CCF020000110E08696E7463757276650D0563757276650CFFFFFFFF04FFFFFFFF0CFFFFFFFF0B0F0D0D65786163745F696E745F637572043C5A000015000000000D056E7572627304050000001500000000040B00000006000000000000000004
310
05000000069A9999999999B93F0401000000069A9999999999C93F040100000006343333333333D33F0401000000069A9999999999D93F040100000006000000000000E03F040100000006333333333333E33F040100000006666666666666E63F040100000006999999999999E93F040100000006CCCCCCCCCCCCEC3F0401
310
00000006000000000000F03F0405000000068FB1D03737B243C0066A508E1DA1C81BC006000000000000144006000000000000F03F0602D927EA848043C006F07E92F79CB41CC006000000000000144006000000000000F03F062E2A54D7321E43C006D738BF90CC5E1EC006000000000000144006000000000000F03F0638
310
F67659EF8D42C0061021626A5D2A20C006000000000000144006000000000000F03F062EB0C0881FD441C006E883A32864ED20C006000000000000144006000000000000F03F06AF2578D469F740C006A8DF0E2A87EA20C006000000000000144006000000000000F03F06003CD468032740C006CAAF4FC7D0C11FC0060000
310
00000000144006000000000000F03F06FB501A5DD9C63EC0062C4C7CC0A58B1BC006000000000000144006000000000000F03F067DFE15165B583DC00676627E9B944615C006000000000000144006000000000000F03F067AB971B866003CC0068C9E426FD3400AC006000000000000144006000000000000F03F06B72A77
310
53AABC3AC006682BEB595855EABF06000000000000144006000000000000F03F067487579544C839C006BCB5133DF22BF73F06000000000000144006000000000000F03F06A5BC89AF9B1839C006E58E5DF88A7C0A4006000000000000144006000000000000F03F06FEDF893FD7A638C00673E5322C127D12400600000000
310
0000144006000000000000F03F06D8432FBFCA6E38C00648FD8F6C4A2E154006000000000000144006000000000000F03F0600000000000000000D0C6E756C6C5F737572666163650D0C6E756C6C5F737572666163650D066E756C6C62730D066E756C6C62730B0B04000000000400000000040000000004000000000A0600
310
0000000000F03F0A06000000000000000015000000001500000000100A06115B1CBBF2DEEE3F0A06000000000000F03F110D04656467650CFFFFFFFF04FFFFFFFF0CFFFFFFFF0C660200000600000000000000000CD002000006C0D12C4ABCADEF3F0CD10200000CD20200000B0707756E6B6E6F776E110D05706F696E740C
310
FFFFFFFF04FFFFFFFF0CFFFFFFFF138FB1D03737B243C06A508E1DA1C81BC00000000000000000110E0D4154545249425F435553544F4D0D066174747269620CFFFFFFFF04FFFFFFFF0CFFFFFFFF0CFFFFFFFF0C670200000711736B657463685F6174747269625F646566040100000004010000000403000000070D313438
310
20302031203020312032110D06636F656467650CFFFFFFFF04FFFFFFFF0CFFFFFFFF0C910200000C670200000CD30200000CD40200000B0C9302000004000000000CD5020000110D067063757276650CFFFFFFFF04FFFFFFFF0CFFFFFFFF04000000000B0F0D0B6578705F7061725F6375720D046E75627304010000001500
310
000000040200000006015B1CBBF2DEEEBF0401000000060000000000000080040100000006115B1CBBF2DEEEBF0600000000000000000600000000000000800600000000000000000600000000000000000D0673706C696E650B0F0D037265660470000000100B0B0B0B10060000000000000000060000000000000000110E
310
0D4154545249425F435553544F4D0D066174747269620CFFFFFFFF04FFFFFFFF0CFFFFFFFF0CFFFFFFFF0C6A020000071667656E657269635F7461675F6174747269625F6465660403000000040300000004FFFFFFFF071767656E657269635F7461675F6174747269625F6465662004010000000402000000070237380400
310
0000000401000000042D0100000400000000110D04666163650CD602000004FFFFFFFF0CFFFFFFFF0CD70200000CD80200000C060000000CFFFFFFFF0CD90200000B0B110D046C6F6F700CFFFFFFFF04FFFFFFFF0CFFFFFFFF0CFFFFFFFF0CDA0200000C6A020000110E04636F6E650D07737572666163650CFFFFFFFF04FF
310
FFFFFF0CFFFFFFFF130000000000000000000000000000000000000000000000001400000000000000000000000000000000000000000000F03F1400000000000039400000000000000000000000000000000006000000000000F03F0B0B06000000000000000006000000000000F03F0600000000000039400B0B0B0B0B11
310
0D06636F656467650CDB02000004FFFFFFFF0CFFFFFFFF0CDC0200000CDD0200000CDE0200000CDF0200000A0C6B02000004000000000CE0020000110E0D4154545249425F435553544F4D0D066174747269620CFFFFFFFF04FFFFFFFF0CFFFFFFFF0CFFFFFFFF0C6D0200000711736B657463685F6174747269625F646566
310
040100000004010000000403000000070D31313320302031203020312032110D06636F656467650CFFFFFFFF04FFFFFFFF0CFFFFFFFF0CE10200000C6D0200000C6F0200000CAE0200000B0C3802000004000000000CE2020000110D06636F656467650CFFFFFFFF04FFFFFFFF0CFFFFFFFF0C6D0200000CE10200000CDC02
310
00000CE30200000A0C3802000004000000000CE4020000110D06636F656467650CE502000004FFFFFFFF0CFFFFFFFF0CDE0200000C700200000C6D0200000CAC0200000B0C4800000004000000000CFFFFFFFF110D04656467650CFFFFFFFF04FFFFFFFF0CFFFFFFFF0CB10200000600000000000000000CE602000006075B
310
1CBBF2DEEE3F0C6D0200000CE70200000B0707756E6B6E6F776E110D067063757276650CFFFFFFFF04FFFFFFFF0CFFFFFFFF04000000000B0F0D0B6578705F7061725F6375720D046E75627304010000001500000000040200000006075B1CBBF2DEEEBF0401000000060000000000000080040100000006175B1CBBF2DEEE
310
BF0600000000000000000600000000000000800600000000000000000600000000000000000D0673706C696E650B0F0D03726566045A000000100B0B0B0B10060000000000000000060000000000000000110D04656467650CFFFFFFFF04FFFFFFFF0CFFFFFFFF0CB10200000600000000000000000CB60200000600000000
310
0000E03F0CA90200000CE80200000B0707756E6B6E6F776E110D067063757276650CFFFFFFFF04FFFFFFFF0CFFFFFFFF04000000000B0F0D0B6578705F7061725F6375720D046E75627304010000001500000000040200000006000000000000E0BF0401000000060000000000000080040100000006000000000000000006
310
000000000000E03F0600000000000000000600000000000000000600000000000000000D0673706C696E650B0F0D037265660452000000100B0B0B0B10060000000000000000060000000000000000110E0D4154545249425F435553544F4D0D066174747269620CFFFFFFFF04FFFFFFFF0CFFFFFFFF0CFFFFFFFF0C700200
310
000711736B657463685F6174747269625F646566040100000004010000000403000000070D31313020302030203020312032110D067665727465780CFFFFFFFF04FFFFFFFF0CFFFFFFFF0C7102000004000000000CE9020000110E08696E7463757276650D0563757276650CFFFFFFFF04FFFFFFFF0CFFFFFFFF0B0F0D0372
310
65660435000000100A0600000000000000000A06C4D12C4ABCADEF3F110D05706F696E740CFFFFFFFF04FFFFFFFF0CFFFFFFFF138287F3550C1BEF3F118E650D29FB38400000000000001440110E08696E7463757276650D0563757276650CFFFFFFFF04FFFFFFFF0CFFFFFFFF0B0F0D037265660456000000100A061C5B1C
310
BBF2DEEE3F0A06000000000000F03F110D06636F656467650CFFFFFFFF04FFFFFFFF0CFFFFFFFF0C7C0200000CEA0200000CE10200000CEB0200000B0C7C00000004000000000CFFFFFFFF110D067665727465780CFFFFFFFF04FFFFFFFF0CFFFFFFFF0C7D02000004000000000CEC020000110E08696E7463757276650D05
310
63757276650CFFFFFFFF04FFFFFFFF0CFFFFFFFF0B0F0D037265660460000000100A0600000000000000000A06C4D12C4ABCADEF3F110D067665727465780CFFFFFFFF04FFFFFFFF0CFFFFFFFF0CED02000004000000000CEE020000110E08696E7463757276650D0563757276650CFFFFFFFF04FFFFFFFF0CFFFFFFFF0A0F
310
0D037265660472000000100A06015B1CBBF2DEEEBF0A060000000000000080110E0D4154545249425F435553544F4D0D066174747269620CFFFFFFFF04FFFFFFFF0CFFFFFFFF0CFFFFFFFF0C830200000711736B657463685F6174747269625F646566040100000004010000000403000000070D3134382030203120302031
310
2032110D06636F656467650CEF02000004FFFFFFFF0CFFFFFFFF0C830200000CF00200000CD10200000C9E0200000A0C4800000004000000000CFFFFFFFF110E0D4154545249425F435553544F4D0D066174747269620CFFFFFFFF04FFFFFFFF0CFFFFFFFF0CFFFFFFFF0C840200000711736B657463685F6174747269625F
310
646566040100000004010000000403000000070D31333820302031203020322032110D06636F656467650CFFFFFFFF04FFFFFFFF0CFFFFFFFF0C840200000CC90200000C870200000CC10200000A0CBE02000004000000000CF1020000110D046C6F6F700CFFFFFFFF04FFFFFFFF0CFFFFFFFF0CFFFFFFFF0C840200000CF2
310
020000110D067063757276650CFFFFFFFF04FFFFFFFF0CFFFFFFFF04000000000B0F0D0B6578705F7061725F6375720D046E75627304010000001500000000040200000006000000000000F0BF040100000006F2F72D4ABCADEFBF040100000006000000000000F0BF060000000000000000062D1E2F4ABCADEFBF06000000
310
00000000000600000000000000000D0673706C696E650B0F0D0B63796C5F73706C5F737572043C5A00000D08696E7463757276650A0F0D037265660451000000100A06000000000000F0BF0A06F2F72D4ABCADEFBF1400000000000000000000000000000000000000000000244013E3489BBF6C5C40C07D5240DA452E0440
310
000000000000000015020000000A06000000000000F0BF0A06F2F72D4ABCADEFBF0A0600000000000000000A06000000000000E03F15000000001500000000150000000015000000000400000000040000000004000000000400000000040000000004000000000B100B0B0B0B100600000000000000000600000000000000
310
00110E08696E7463757276650D0563757276650CFFFFFFFF04FFFFFFFF0CFFFFFFFF0B0F0D037265660451000000100A06B7D12C4ABCADEF3F0A06000000000000F03F110D04656467650CFFFFFFFF04FFFFFFFF0CFFFFFFFF0C8A0200000600000000000000000CCD02000006000000000000E03F0C870200000CF3020000
310
0B0707756E6B6E6F776E110D04666163650CF402000004FFFFFFFF0CFFFFFFFF0C8F0200000C890200000C060000000CFFFFFFFF0CF50200000B0B110D05706F696E740CFFFFFFFF04FFFFFFFF0CFFFFFFFF13F2DDC405C59E38C048F278B2645D11400000000000000000110E0873747261696768740D0563757276650CFF
310
FFFFFF04FFFFFFFF0CFFFFFFFF13D8432FBFCA6E38C048FD8F6C4A2E15400000000000000000140000000000000000000000000000000000000000000024400A0600000000000000000A06000000000000E03F110E0D4154545249425F435553544F4D0D066174747269620CFFFFFFFF04FFFFFFFF0CFFFFFFFF0CFFFFFFFF
310
0C8F020000071667656E657269635F7461675F6174747269625F6465660403000000040300000004FFFFFFFF071767656E657269635F7461675F6174747269625F64656620040100000004020000000702313204000000000401000000042D0100000400000000110E0673706C696E650D07737572666163650CFFFFFFFF04
310
FFFFFFFF0CFFFFFFFF0B0F0D037265660463000000100B0B0B0B110D06636F656467650CFFFFFFFF04FFFFFFFF0CFFFFFFFF0CF60200000C980200000C910200000C800200000B0C7C00000004000000000CFFFFFFFF110D067063757276650CFFFFFFFF04FFFFFFFF0CFFFFFFFF04000000000B0F0D0B6578705F7061725F
310
6375720D046E756273040100000015000000000402000000060000000000000000040100000006015B1CBBF2DEEE3F040100000006000000000000008006000000000000E03F06115B1CBBF2DEEEBF06000000000000E03F0600000000000000000D0673706C696E650B0F0D037265660470000000100B0B0B0B1006000000
310
0000000000060000000000000000110D06636F656467650CFFFFFFFF04FFFFFFFF0CFFFFFFFF0CBD0200000C920200000C980200000CCC0200000A0CBE02000004000000000CF7020000110D067063757276650CFFFFFFFF04FFFFFFFF0CFFFFFFFF04000000000B0F0D0B6578705F7061725F6375720D046E756273040100
310
000015000000000402000000060000000000000000040100000006000000000000E03F040100000006F2F72D4ABCADEFBF06000000000000000006F2F72D4ABCADEFBF06000000000000E03F0600000000000000000D0673706C696E650B0F0D037265660477000000100B0B0B0B1006000000000000000006000000000000
310
0000110D04666163650CF802000004FFFFFFFF0CFFFFFFFF0CF20200000C930200000C060000000CFFFFFFFF0CF90200000B0B110D04656467650CFFFFFFFF04FFFFFFFF0CFFFFFFFF0CCD02000006000000000000F0BF0C5102000006F2F72D4ABCADEFBF0CC90200000CFA0200000B0707756E6B6E6F776E110D06766572
310
7465780CFFFFFFFF04FFFFFFFF0CFFFFFFFF0CCC02000004000000000CFB020000110E07656C6C697073650D0563757276650CFFFFFFFF04FFFFFFFF0CFFFFFFFF130000000000000000000000000000000000000000000014401400000000000000000000000000000000000000000000F03F140000000000003940000000
310
0000000000000000000000000006000000000000F03F0B0B110D05706F696E740CFFFFFFFF04FFFFFFFF0CFFFFFFFF13D8432FBFCA6E38C048FD8F6C4A2E15400000000000001440110D067665727465780CFFFFFFFF04FFFFFFFF0CFFFFFFFF0CFC02000004010000000CFD020000110D06636F656467650CFE02000004FF
310
FFFFFF0CFFFFFFFF0CFF0200000CD30200000CBB0200000C9E0200000B0C0003000004000000000C01030000110E08696E7463757276650D0563757276650CFFFFFFFF04FFFFFFFF0CFFFFFFFF0B0F0D0D65786163745F696E745F637572043C5A000015000000000D056E7572627304050000001500000000040B00000006
310
00000000000000000405000000069A9999999999B93F0401000000069A9999999999C93F040100000006343333333333D33F0401000000069A9999999999D93F040100000006000000000000E03F040100000006333333333333E33F040100000006666666666666E63F040100000006999999999999E93F040100000006CC
310
CCCCCCCCCCEC3F040100000006000000000000F03F0405000000068FB1D03737B243C0066A508E1DA1C81BC006000000000000000006000000000000F03F06372A4A8B948443C00666A9A07BBE8A1DC006000000000000000006000000000000F03F0627A83E3FFF2943C0062D926798587120C00600000000000000000600
310
0000000000F03F066885B8712FA442C006518D85E5E2B022C006000000000000000006000000000000F03F066FCF8CC9F6F541C006A210E3543C2925C006000000000000000006000000000000F03F06C2C91DE8A52341C0060B3702F6784F27C006000000000000000006000000000000F03F06A284FD5B715940C00615A6
310
CF5B957028C006000000000000000006000000000000F03F0636932AD4F72F3FC0065254FB1D197828C006000000000000000006000000000000F03F0670013F2A24BF3DC006595B5CF3645C27C006000000000000000006000000000000F03F0656382306945F3CC006C8594DCAC82A25C006000000000000000006000000
310
000000F03F06B1E4F9F6ED0F3BC00661B4646DFDF821C006000000000000000006000000000000F03F0682D88101130F3AC006BA814C9CFE5D1DC006000000000000000006000000000000F03F0681F36CB5925439C006F42204E250A917C006000000000000000006000000000000F03F0670032361ECDA38C0062DFCA107
310
1B8513C006000000000000000006000000000000F03F06F3DDC405C59E38C00642F278B2645D11C006000000000000000006000000000000F03F0600000000000000000D0C6E756C6C5F737572666163650D0C6E756C6C5F737572666163650D066E756C6C62730D066E756C6C62730B0B0400000000040000000004000000
310
0004000000000A06000000000000F03F0A06000000000000000015000000001500000000100A0600000000000000000A06C0D12C4ABCADEF3F110D06636F656467650CFFFFFFFF04FFFFFFFF0CFFFFFFFF0CD10200000C020300000CA10200000CD40200000A0C0003000004000000000C03030000110D04656467650CFFFF
310
FFFF04FFFFFFFF0CFFFFFFFF0C660200000600000000000000000CB802000006000000000000E03F0CA10200000C040300000B0707756E6B6E6F776E110D067063757276650CFFFFFFFF04FFFFFFFF0CFFFFFFFF04000000000B0F0D0B6578705F7061725F6375720D046E7562730401000000150000000004020000000600
310
00000000000000040100000006000000000000E03F040100000006000000000000008006000000000000000006000000000000008006000000000000E03F0600000000000000000D0673706C696E650B0F0D037265660470000000100B0B0B0B10060000000000000000060000000000000000110E0D4154545249425F4355
310
53544F4D0D066174747269620CFFFFFFFF04FFFFFFFF0CFFFFFFFF0CFFFFFFFF0CA4020000071667656E657269635F7461675F6174747269625F6465660403000000040300000004FFFFFFFF071767656E657269635F7461675F6174747269625F64656620040100000004020000000702373704000000000401000000042D
310
0100000400000000110D04666163650C0503000004FFFFFFFF0CFFFFFFFF0C060300000C070300000C060000000CFFFFFFFF0C080300000B0B110D046C6F6F700CFFFFFFFF04FFFFFFFF0CFFFFFFFF0CFFFFFFFF0C090300000CA4020000110E0673706C696E650D07737572666163650CFFFFFFFF04FFFFFFFF0CFFFFFFFF
310
0B0F0D0B63796C5F73706C5F737572043C5A00000D08696E7463757276650B0F0D03726566045B000000100A06185B1CBBF2DEEE3F0A06000000000000F03F1400000000000000000000000000000000000000000000244013DF5C57F60D02FC3F6D1A2332058A3F40000000000000000015020000000A06185B1CBBF2DEEE
310
3F0A06000000000000F03F0A0600000000000000000A06000000000000E03F15000000001500000000150000000015000000000400000000040000000004000000000400000000040000000004000000000B100B0B0B0B110D06636F656467650C0A03000004FFFFFFFF0CFFFFFFFF0C0B0300000C0C0300000C0D0300000C
310
0E0300000B0CA502000004000000000CFFFFFFFF110E0D4154545249425F435553544F4D0D066174747269620CFFFFFFFF04FFFFFFFF0CFFFFFFFF0CFFFFFFFF0CA70200000711736B657463685F6174747269625F646566040100000004010000000403000000070D32323920302031203020322032110D06636F65646765
310
0CFFFFFFFF04FFFFFFFF0CFFFFFFFF0C0F0300000CA70200000C100300000CE30200000B0C6B02000004000000000C11030000110D06636F656467650CFFFFFFFF04FFFFFFFF0CFFFFFFFF0CA70200000C0F0300000C0B0300000C120300000A0C6B02000004000000000C13030000110D06636F656467650C1403000004FF
310
FFFFFF0CFFFFFFFF0C0D0300000CAB0200000CA70200000CDF0200000B0C4800000004000000000CFFFFFFFF110D04656467650CFFFFFFFF04FFFFFFFF0CFFFFFFFF0CE602000006F6F72D4ABCADEF3F0C1503000006000000000000F03F0CA70200000C160300000B0707756E6B6E6F776E110D067063757276650CFFFFFF
310
FF04FFFFFFFF0CFFFFFFFF04000000000B0F0D0B6578705F7061725F6375720D046E75627304010000001500000000040200000006000000000000F0BF040100000006F6F72D4ABCADEFBF040100000006000000000000F0BF06000000000000000006311E2F4ABCADEFBF0600000000000000000600000000000000000D06
310
73706C696E650B0F0D037265660467000000100B0B0B0B10060000000000000000060000000000000000110D06636F656467650CFFFFFFFF04FFFFFFFF0CFFFFFFFF0CAA0200000CA90200000CB50200000CEB0200000A0C3802000004000000000C17030000110D067063757276650CFFFFFFFF04FFFFFFFF0CFFFFFFFF04
310
000000000B0F0D0B6578705F7061725F6375720D046E756273040100000015000000000402000000060000000000000000040100000006000000000000E03F040100000006000000000000008006000000000000000006000000000000008006000000000000E03F0600000000000000000D0673706C696E650B0F0D037265
310
66045A000000100B0B0B0B10060000000000000000060000000000000000110D04656467650CFFFFFFFF04FFFFFFFF0CFFFFFFFF0CE60200000600000000000000000C1803000006000000000000E03F0C190300000C1A0300000B0707756E6B6E6F776E110D067063757276650CFFFFFFFF04FFFFFFFF0CFFFFFFFF040000
310
00000B0F0D0B6578705F7061725F6375720D046E75627304010000001500000000040200000006000000000000E0BF0401000000060000000000000080040100000006075B1CBBF2DEEEBF06000000000000E03F06075B1CBBF2DEEEBF0600000000000000000600000000000000000D0673706C696E650B0F0D0372656604
310
5A000000100B0B0B0B10060000000000000000060000000000000000110E0D4154545249425F435553544F4D0D066174747269620CFFFFFFFF04FFFFFFFF0CFFFFFFFF0CFFFFFFFF0CAB0200000711736B657463685F6174747269625F646566040100000004010000000403000000070D3131332030203120302031203211
310
0D067665727465780CFFFFFFFF04FFFFFFFF0CFFFFFFFF0CAC02000004010000000C1B030000110E08696E7463757276650D0563757276650CFFFFFFFF04FFFFFFFF0CFFFFFFFF0B0F0D03726566045B000000100A0600000000000000000A06075B1CBBF2DEEE3F110E0873747261696768740D0563757276650CFFFFFFFF
310
04FFFFFFFF0CFFFFFFFF13000000000000000000000000000044400000000000000000140000000000000000000000000000000000000000000024400A0600000000000000000A06000000000000E03F110D05706F696E740CFFFFFFFF04FFFFFFFF0CFFFFFFFF130000000000000000000000000000444000000000000000
310
00110D06636F656467650CFFFFFFFF04FFFFFFFF0CFFFFFFFF0CB50200000C1C0300000C0F0300000C1D0300000B0C7C00000004000000000CFFFFFFFF110D04656467650CFFFFFFFF04FFFFFFFF0CFFFFFFFF0C1803000006075B1CBBF2DEEEBF0CB60200000600000000000000800CE10200000C1E0300000B0707756E6B
310
6E6F776E110D05706F696E740CFFFFFFFF04FFFFFFFF0CFFFFFFFF13000000000000000000000000000044400000000000001440110D04656467650CFFFFFFFF04FFFFFFFF0CFFFFFFFF0CB80200000600000000000000000C1F03000006C0D12C4ABCADEF3F0C020300000C200300000B0707756E6B6E6F776E110D05706F
310
696E740CFFFFFFFF04FFFFFFFF0CFFFFFFFF138FB1D03737B243C06A508E1DA1C81BC00000000000001440110E0D4154545249425F435553544F4D0D066174747269620CFFFFFFFF04FFFFFFFF0CFFFFFFFF0CFFFFFFFF0CBB0200000711736B657463685F6174747269625F64656604010000000401000000040300000007
310
0D31343520302030203020312032110D06636F656467650C2103000004FFFFFFFF0CFFFFFFFF0CBB0200000C220300000C230300000C240300000A0C4800000004000000000CFFFFFFFF110D067063757276650CFFFFFFFF04FFFFFFFF0CFFFFFFFF04000000000B0F0D0B6578705F7061725F6375720D046E756273040100
310
00001500000000040200000006000000000000E0BF0401000000060000000000000080040100000006000000000000F0BF06000000000000E03F06000000000000F0BF0600000000000000000600000000000000000D0673706C696E650B0F0D037265660477000000100B0B0B0B1006000000000000000006000000000000
310
0000110D04666163650C2503000004FFFFFFFF0CFFFFFFFF0CC20200000CBE0200000C060000000CFFFFFFFF0C260300000B0B110E0873747261696768740D0563757276650CFFFFFFFF04FFFFFFFF0CFFFFFFFF13F2DDC405C59E38C048F278B2645D11400000000000000000140000000000000000000000000000000000
310
000000000024400A0600000000000000000A06000000000000E03F110E0D4154545249425F435553544F4D0D066174747269620CFFFFFFFF04FFFFFFFF0CFFFFFFFF0CFFFFFFFF0CC2020000071667656E657269635F7461675F6174747269625F6465660403000000040300000004FFFFFFFF071767656E657269635F7461
310
675F6174747269625F64656620040100000004020000000702313304000000000401000000042D0100000400000000110E04636F6E650D07737572666163650CFFFFFFFF04FFFFFFFF0CFFFFFFFF130000000000000000000000000000000000000000000000001400000000000000000000000000000000000000000000F0
310
3F1400000000000039400000000000000000000000000000000006000000000000F03F0B0B06000000000000000006000000000000F03F0600000000000039400B0B0B0B0B110D06636F656467650CFFFFFFFF04FFFFFFFF0CFFFFFFFF0C270300000CC70200000C020300000CED0200000B0C7C00000004000000000CFFFF
310
FFFF110D067063757276650CFFFFFFFF04FFFFFFFF0CFFFFFFFF04000000000B0F0D0B6578705F7061725F6375720D046E75627304010000001500000000040200000006F2F72D4ABCADEF3F040100000006000000000000F03F0401000000062D1E2F4ABCADEFBF06000000000000E03F06000000000000F0BF0600000000
310
0000E03F0600000000000000000D0673706C696E650B0F0D037265660477000000100B0B0B0B10060000000000000000060000000000000000110E0D4154545249425F435553544F4D0D066174747269620CFFFFFFFF04FFFFFFFF0CFFFFFFFF0CFFFFFFFF0CCB020000071667656E657269635F7461675F6174747269625F
310
6465660403000000040300000004FFFFFFFF071767656E657269635F7461675F6174747269625F64656620040100000004020000000702313504000000000401000000042D0100000400000000110E0673706C696E650D07737572666163650CFFFFFFFF04FFFFFFFF0CFFFFFFFF0B0F0D037265660470000000100B0B0B0B
310
110E08696E7463757276650D0563757276650CFFFFFFFF04FFFFFFFF0CFFFFFFFF0A0F0D037265660461000000100A06000000000000F0BF0A06F2F72D4ABCADEFBF110D05706F696E740CFFFFFFFF04FFFFFFFF0CFFFFFFFF13F2DDC405C59E38C049F278B2645D11400000000000001440110D04656467650CFFFFFFFF04
310
FFFFFFFF0CFFFFFFFF0C280300000600000000000000000CD002000006075B1CBBF2DEEE3F0C290300000C2A0300000B0707756E6B6E6F776E110D05706F696E740CFFFFFFFF04FFFFFFFF0CFFFFFFFF134022FD670ABD38C09011A1023B7012C00000000000000000110E0D4154545249425F435553544F4D0D0661747472
310
69620CFFFFFFFF04FFFFFFFF0CFFFFFFFF0CFFFFFFFF0CD10200000711736B657463685F6174747269625F646566040100000004010000000403000000070D31343520302030203020312032110D06636F656467650CFFFFFFFF04FFFFFFFF0CFFFFFFFF0C020300000CD10200000C2B0300000C2C0300000B0C0003000004
310
000000000C2D030000110D046C6F6F700CFFFFFFFF04FFFFFFFF0CFFFFFFFF0CFFFFFFFF0CD10200000C2E030000110D067063757276650CFFFFFFFF04FFFFFFFF0CFFFFFFFF04000000000B0F0D0B6578705F7061725F6375720D046E756273040100000015000000000402000000060000000000000000040100000006C0
310
D12C4ABCADEF3F040100000006000000000000000006000000000000000006FBF72D4ABCADEF3F0600000000000000000600000000000000000D0673706C696E650B0F0D0B63796C5F73706C5F737572043C5A00000D08696E7463757276650B0F0D03726566047A000000100A0600000000000000000A06C0D12C4ABCADEF
310
3F14000000000000000000000000000000000000000000002440134AC7DAF0889C3FC05E342AEC6CA421C0000000000000000015020000000A0600000000000000000A06C0D12C4ABCADEF3F0A0600000000000000000A06000000000000E03F15000000001500000000150000000015000000000400000000040000000004
310
000000000400000000040000000004000000000B100B0B0B0B10060000000000000000060000000000000000110D06636F656467650CFFFFFFFF04FFFFFFFF0CFFFFFFFF0CD30200000CFF0200000CF60200000CED0200000A0C0003000004000000000C2F030000110D067063757276650CFFFFFFFF04FFFFFFFF0CFFFFFF
310
FF04000000000B0F0D0B6578705F7061725F6375720D046E75627304010000001500000000040200000006000000000000E0BF0401000000060000000000000080040100000006000000000000000006000000000000E03F0600000000000000000600000000000000000600000000000000000D0673706C696E650B0F0D03
310
7265660483000000100B0B0B0B10060000000000000000060000000000000000110E0873747261696768740D0563757276650CFFFFFFFF04FFFFFFFF0CFFFFFFFF138FB1D03737B243C06A508E1DA1C81BC00000000000000000140000000000000000000000000000000000000000000024400A0600000000000000000A06
310
000000000000E03F110E0D4154545249425F435553544F4D0D066174747269620CFFFFFFFF04FFFFFFFF0CFFFFFFFF0CFFFFFFFF0CD7020000071667656E657269635F7461675F6174747269625F6465660403000000040300000004FFFFFFFF071767656E657269635F7461675F6174747269625F64656620040100000004
310
020000000702373604000000000401000000042D0100000400000000110D04666163650C3003000004FFFFFFFF0CFFFFFFFF0C310300000C320300000C060000000CFFFFFFFF0C330300000B0B110D046C6F6F700CFFFFFFFF04FFFFFFFF0CFFFFFFFF0CFFFFFFFF0C340300000CD7020000110E0673706C696E650D077375
310
72666163650CFFFFFFFF04FFFFFFFF0CFFFFFFFF0B0F0D0B63796C5F73706C5F737572043C5A00000D08696E7463757276650B0F0D037265660468000000100A0600000000000000000A06BAD12C4ABCADEF3F14000000000000000000000000000000000000000000002440139BF21F1B32552040D3326D7B72C93F400000
310
00000000000015020000000A0600000000000000000A06BAD12C4ABCADEF3F0A0600000000000000000A06000000000000E03F15000000001500000000150000000015000000000400000000040000000004000000000400000000040000000004000000000B100B0B0B0B110D06636F656467650C3503000004FFFFFFFF0C
310
FFFFFFFF0C360300000C100300000C370300000C380300000B0CD802000004000000000C39030000110E0D4154545249425F435553544F4D0D066174747269620CFFFFFFFF04FFFFFFFF0CFFFFFFFF0CFFFFFFFF0CDA0200000711736B657463685F6174747269625F646566040100000004010000000403000000070E3130
310
372030203020302038203336110D06636F656467650CFFFFFFFF04FFFFFFFF0CFFFFFFFF0C3A0300000CDA0200000CDD0200000C120300000B0CA502000004000000000CFFFFFFFF110D06636F656467650CFFFFFFFF04FFFFFFFF0CFFFFFFFF0CDA0200000C3A0300000C360300000C3B0300000A0CA50200000400000000
310
0CFFFFFFFF110D06636F656467650C3C03000004FFFFFFFF0CFFFFFFFF0C370300000CDE0200000CDA0200000C0E0300000A0C4800000004000000000CFFFFFFFF110D04656467650CFFFFFFFF04FFFFFFFF0CFFFFFFFF0C3D03000006526C582BE8ECF23F0C1503000006F35B8A41358CF33F0CDA0200000C3E0300000B07
310
07756E6B6E6F776E110D06636F656467650CFFFFFFFF04FFFFFFFF0CFFFFFFFF0CDD0200000CDC0200000CEA0200000C1D0300000A0C6B02000004000000000C3F030000110D06636F656467650CFFFFFFFF04FFFFFFFF0CFFFFFFFF0C090300000C400300000C190300000CE30200000A0CD802000004000000000C410300
310
00110D067063757276650CFFFFFFFF04FFFFFFFF0CFFFFFFFF04000000000B0F0D0B6578705F7061725F6375720D046E756273040100000015000000000402000000060000000000000000040100000006000000000000E03F040100000006F6F72D4ABCADEFBF06000000000000000006F6F72D4ABCADEFBF060000000000
310
00E03F0600000000000000000D0673706C696E650B0F0D037265660467000000100B0B0B0B10060000000000000000060000000000000000110D04656467650CFFFFFFFF04FFFFFFFF0CFFFFFFFF0C150300000600000000000000000C4203000006000000000000E03F0C0B0300000C430300000B0707756E6B6E6F776E11
310
0D067063757276650CFFFFFFFF04FFFFFFFF0CFFFFFFFF04000000000B0F0D0B6578705F7061725F6375720D046E75627304010000001500000000040200000006000000000000E0BF0401000000060000000000000080040100000006000000000000F0BF06000000000000E03F06000000000000F0BF0600000000000000
310
000600000000000000000D0673706C696E650B0F0D037265660467000000100B0B0B0B10060000000000000000060000000000000000110E0D4154545249425F435553544F4D0D066174747269620CFFFFFFFF04FFFFFFFF0CFFFFFFFF0CFFFFFFFF0CDE0200000711736B657463685F6174747269625F6465660401000000
310
04010000000403000000070D32323920302031203020322032110D067665727465780CFFFFFFFF04FFFFFFFF0CFFFFFFFF0CDF02000004010000000C44030000110E08696E7463757276650D0563757276650CFFFFFFFF04FFFFFFFF0CFFFFFFFF0B0F0D037265660468000000100A06BAD12C4ABCADEF3F0A060000000000
310
00F03F110D067063757276650CFFFFFFFF04FFFFFFFF0CFFFFFFFF04000000000B0F0D0B6578705F7061725F6375720D046E756273040100000015000000000402000000060000000000000000040100000006075B1CBBF2DEEE3F040100000006000000000000008006000000000000E03F06175B1CBBF2DEEEBF06000000
310
000000E03F0600000000000000000D0673706C696E650B0F0D03726566045A000000100B0B0B0B10060000000000000000060000000000000000110D067665727465780CFFFFFFFF04FFFFFFFF0CFFFFFFFF0CEB02000004000000000C45030000110D06636F656467650CFFFFFFFF04FFFFFFFF0CFFFFFFFF0C460300000C
310
340300000CAA0200000CE30200000B0C0703000004000000000C47030000110E0873747261696768740D0563757276650CFFFFFFFF04FFFFFFFF0CFFFFFFFF1379F130F21EC12040D5A197579ABA37400000000000000000140000000000000000000000000000000000000000000024400A0600000000000000000A060000
310
00000000E03F110D05706F696E740CFFFFFFFF04FFFFFFFF0CFFFFFFFF1379F130F21EC12040D5A197579ABA37400000000000000000110D06636F656467650CFFFFFFFF04FFFFFFFF0CFFFFFFFF0CEA0200000C480300000C3A0300000C490300000B0C7C00000004000000000CFFFFFFFF110D04656467650CFFFFFFFF04
310
FFFFFFFF0CFFFFFFFF0C4203000006000000000000F0BF0C1803000006F6F72D4ABCADEFBF0C0F0300000C4A0300000B0707756E6B6E6F776E110E08696E7463757276650D0563757276650CFFFFFFFF04FFFFFFFF0CFFFFFFFF0A0F0D0D65786163745F696E745F637572043C5A000015000000000D056E75726273040500
310
00001500000000040B0000000600000000000000000405000000069A9999999999B93F0401000000069A9999999999C93F040100000006343333333333D33F0401000000069A9999999999D93F040100000006000000000000E03F040100000006333333333333E33F040100000006666666666666E63F0401000000069999
310
99999999E93F040100000006CCCCCCCCCCCCEC3F040100000006000000000000F03F040500000006000000000000000006000000000000444006000000000000144006000000000000F03F064DAED92BFBD6D2BF067CAE2B472ED4434006000000000000144006000000000000F03F06D511EA55DDCDEABF060AA3B0CC9A7C
310
434006000000000000144006000000000000F03F06B9EDF705CA41F8BF063ECAC97A6DF9424006000000000000144006000000000000F03F0636938C04672501C00611F693BFE74A424006000000000000144006000000000000F03F0644425845567F03C0061B23769C6C71414006000000000000144006000000000000F0
310
3F06C0D8E7A302AC01C006226AD5BCA898404006000000000000144006000000000000F03F06C432242FB4FFF6BF06D27DD43047813F4006000000000000144006000000000000F03F06273AF2EAD339C2BF06CAC44266ACD23D4006000000000000144006000000000000F03F06C24606BA0817FA3F063289A02861253C40
310
06000000000000144006000000000000F03F06283D9FEDC6A80E4006CC5080ED42793A4006000000000000144006000000000000F03F06EA231E63F49C174006A82A0E939D23394006000000000000144006000000000000F03F06D39C1A6740791E40065BFDD746D323384006000000000000144006000000000000F03F06
310
FBC7128450AA21400624BED11F7E79374006000000000000144006000000000000F03F06BAF48B3239EA224006794B13FA5F24374006000000000000144006000000000000F03F0600000000000000000D0C6E756C6C5F737572666163650D0C6E756C6C5F737572666163650D066E756C6C62730D066E756C6C62730B0B04
310
000000000400000000040000000004000000000A06000000000000F03F0A06000000000000000015000000001500000000100A06075B1CBBF2DEEEBF0A060000000000000080110D067665727465780CFFFFFFFF04FFFFFFFF0CFFFFFFFF0C4B03000004000000000C4C030000110E08696E7463757276650D056375727665
310
0CFFFFFFFF04FFFFFFFF0CFFFFFFFF0B0F0D0D65786163745F696E745F637572043C5A000015000000000D056E7572627304050000001500000000040B0000000600000000000000000405000000069A9999999999B93F0401000000069A9999999999C93F040100000006343333333333D33F0401000000069A9999999999
310
D93F040100000006000000000000E03F040100000006333333333333E33F040100000006666666666666E63F040100000006999999999999E93F040100000006CCCCCCCCCCCCEC3F040100000006000000000000F03F0405000000068FB1D03737B243C0066A508E1DA1C81BC006000000000000144006000000000000F03F
310
06372A4A8B948443C00666A9A07BBE8A1DC006000000000000144006000000000000F03F0627A83E3FFF2943C0062D926798587120C006000000000000144006000000000000F03F066885B8712FA442C006518D85E5E2B022C006000000000000144006000000000000F03F066FCF8CC9F6F541C006A210E3543C2925C006
310
000000000000144006000000000000F03F06C2C91DE8A52341C0060B3702F6784F27C006000000000000144006000000000000F03F06A284FD5B715940C00615A6CF5B957028C006000000000000144006000000000000F03F0636932AD4F72F3FC0065254FB1D197828C006000000000000144006000000000000F03F0670
310
013F2A24BF3DC006595B5CF3645C27C006000000000000144006000000000000F03F0656382306945F3CC006C8594DCAC82A25C006000000000000144006000000000000F03F06B1E4F9F6ED0F3BC00661B4646DFDF821C006000000000000144006000000000000F03F0682D88101130F3AC006BA814C9CFE5D1DC0060000
310
00000000144006000000000000F03F0681F36CB5925439C006F42204E250A917C006000000000000144006000000000000F03F0670032361ECDA38C0062DFCA1071B8513C006000000000000144006000000000000F03F06F3DDC405C59E38C00642F278B2645D11C006000000000000144006000000000000F03F06000000
310
00000000000D0C6E756C6C5F737572666163650D0C6E756C6C5F737572666163650D066E756C6C62730D066E756C6C62730B0B04000000000400000000040000000004000000000A06000000000000F03F0A06000000000000000015000000001500000000100A0600000000000000000A06C0D12C4ABCADEF3F110E0D4154
310
545249425F435553544F4D0D066174747269620CFFFFFFFF04FFFFFFFF0CFFFFFFFF0CFFFFFFFF0CF00200000711736B657463685F6174747269625F646566040100000004010000000403000000070D31353520302030203020322032110D06636F656467650C4D03000004FFFFFFFF0CFFFFFFFF0CF00200000C4E030000
310
0C4F0300000C500300000A0C4800000004000000000CFFFFFFFF110D06636F656467650C5103000004FFFFFFFF0CFFFFFFFF0C520300000C530300000CF00200000C240300000B0C5403000004000000000C55030000110D04656467650CFFFFFFFF04FFFFFFFF0CFFFFFFFF0CD002000006175B1CBBF2DEEE3F0C56030000
310
06000000000000F03F0C230300000C570300000B0707756E6B6E6F776E110E0D4154545249425F435553544F4D0D066174747269620CFFFFFFFF04FFFFFFFF0CFFFFFFFF0CFFFFFFFF0CF2020000071667656E657269635F7461675F6174747269625F6465660403000000040300000004FFFFFFFF071767656E657269635F
310
7461675F6174747269625F64656620040100000004020000000702313404000000000401000000042D0100000400000000110E0673706C696E650D07737572666163650CFFFFFFFF04FFFFFFFF0CFFFFFFFF0B0F0D037265660477000000100B0B0B0B110D06636F656467650CFFFFFFFF04FFFFFFFF0CFFFFFFFF0C580300
310
000CF60200000C590300000C5A0300000B0C7C00000004000000000CFFFFFFFF110D067665727465780CFFFFFFFF04FFFFFFFF0CFFFFFFFF0C5B03000004000000000C5C030000110D06636F656467650C5D03000004FFFFFFFF0CFFFFFFFF0C5E0300000C2B0300000C5F0300000CFC0200000A0C6003000004000000000C
310
61030000110E08696E7463757276650D0563757276650CFFFFFFFF04FFFFFFFF0CFFFFFFFF0B0F0D0D65786163745F696E745F637572043C5A000015000000000D056E7572627304050000001500000000040B0000000600000000000000000405000000069A9999999999B93F0401000000069A9999999999C93F04010000
310
0006343333333333D33F0401000000069A9999999999D93F040100000006000000000000E03F040100000006333333333333E33F040100000006666666666666E63F040100000006999999999999E93F040100000006CCCCCCCCCCCCEC3F040100000006000000000000F03F040500000006EC2F37D10C5241C006FEFFFFFF
310
FFFF33C006000000000000000006000000000000F03F06D73FFF00431941C00680732393711534C006000000000000000006000000000000F03F0614B6006BA6AA40C006AF2627314F3634C006000000000000000006000000000000F03F06DAD7E2B6A00D40C0064D9E99D78A4934C0060000000000000000060000000000
310
00F03F06DE41EE33B19C3EC0060CEDAE6F122634C006000000000000000006000000000000F03F0636AA4E1562FE3CC006ACFB7C99C08D33C006000000000000000006000000000000F03F06DB66D59024A43BC006BEA102CA658232C006000000000000000006000000000000F03F066A7E3FB6BE903AC006B82D510352FF
310
30C006000000000000000006000000000000F03F0622F29D6298C139C0063D0D144DCF112EC006000000000000000006000000000000F03F068ACC8DF3C23039C006F69625565A5229C006000000000000000006000000000000F03F06645D6C42D4D738C0060732028CF3D523C006000000000000000006000000000000F0
310
3F064A6EFC9E06B938C006A85DB09225D41DC006000000000000000006000000000000F03F06045428CA0AB738C0068D6CDE8C91E315C006000000000000000006000000000000F03F066615D5B2F3BE38C0063E79B8591B5A10C006000000000000000006000000000000F03F06520F370C37C538C006986035AF8B0B0BC0
310
06000000000000000006000000000000F03F0600000000000000000D0C6E756C6C5F737572666163650D0C6E756C6C5F737572666163650D066E756C6C62730D066E756C6C62730B0B04000000000400000000040000000004000000000A06000000000000F03F0A06000000000000000015000000001500000000100A0600
310
000000000000000A06075B1CBBF2DEEE3F110D06636F656467650CFFFFFFFF04FFFFFFFF0CFFFFFFFF0C290300000C620300000C630300000C2C0300000A0C6003000004000000000C64030000110D04656467650CFFFFFFFF04FFFFFFFF0CFFFFFFFF0CD00200000600000000000000000C1F03000006000000000000E03F
310
0CFF0200000C650300000B0707756E6B6E6F776E110D067063757276650CFFFFFFFF04FFFFFFFF0CFFFFFFFF04000000000B0F0D0B6578705F7061725F6375720D046E756273040100000015000000000402000000060000000000000000040100000006000000000000E03F040100000006C0D12C4ABCADEF3F0600000000
310
0000000006C0D12C4ABCADEF3F06000000000000E03F0600000000000000000D0673706C696E650B0F0D037265660483000000100B0B0B0B10060000000000000000060000000000000000110D04666163650C6603000004FFFFFFFF0CFFFFFFFF0CCB0200000C000300000C060000000CFFFFFFFF0C670300000B0B110D06
310
7063757276650CFFFFFFFF04FFFFFFFF0CFFFFFFFF04000000000B0F0D0B6578705F7061725F6375720D046E75627304010000001500000000040200000006C0D12C4ABCADEFBF0401000000060000000000000080040100000006FBF72D4ABCADEF3F06000000000000E03F06000000000000000006000000000000E03F06
310
00000000000000000D0673706C696E650B0F0D037265660483000000100B0B0B0B10060000000000000000060000000000000000110E0D4154545249425F435553544F4D0D066174747269620CFFFFFFFF04FFFFFFFF0CFFFFFFFF0CFFFFFFFF0C06030000071667656E657269635F7461675F6174747269625F6465660403
310
000000040300000004FFFFFFFF071767656E657269635F7461675F6174747269625F64656620040100000004020000000702373504000000000401000000042D0100000400000000110D04666163650C6803000004FFFFFFFF0CFFFFFFFF0C690300000C6A0300000C060000000CFFFFFFFF0C6B0300000B0B110D046C6F6F
310
700CFFFFFFFF04FFFFFFFF0CFFFFFFFF0CFFFFFFFF0C6C0300000C06030000110E0673706C696E650D07737572666163650CFFFFFFFF04FFFFFFFF0CFFFFFFFF0B0F0D0B63796C5F73706C5F737572043C5A00000D08696E7463757276650A0F0D0D65786163745F696E745F637572043C5A000015000000000D056E757262
310
7304050000001500000000040B0000000600000000000000000405000000069A9999999999B93F0401000000069A9999999999C93F040100000006343333333333D33F0401000000069A9999999999D93F040100000006000000000000E03F040100000006333333333333E33F040100000006666666666666E63F04010000
310
0006999999999999E93F040100000006CCCCCCCCCCCCEC3F040100000006000000000000F03F040500000006028FAC91925C2B4006305C73E939CB424006000000000000000006000000000000F03F064050FCDCFE922A400629DA92D0EFAE424006000000000000000006000000000000F03F067488E478CF15294006362C
310
D5DD6C74424006000000000000000006000000000000F03F06682CFAD6F01B2740069D37EE25DC16424006000000000000000006000000000000F03F06A8A09A616BFF244006181DFC0D528E414006000000000000000006000000000000F03F065838BEC37A482340066CB1E384D2CE404006000000000000000006000000
310
000000F03F06FBAD1B97B68D2240061C5EA1B447F23F4006000000000000000006000000000000F03F06A14E566A65D9224006EC8A7248BD183E4006000000000000000006000000000000F03F06F2FF19D2EA21244006FAC90CAAB6123C4006000000000000000006000000000000F03F06C857E6BC4C512640064EF1A4B7
310
11E4394006000000000000000006000000000000F03F064A090882C74F2940066EE6F9D1FC90374006000000000000000006000000000000F03F06584AF97F6B4A2C4006862DE358A09A354006000000000000000006000000000000F03F06EF134F84A3D42E40065CF3150617143440060000000000000000060000000000
310
00F03F06E748B30B2954304006209961EFB609334006000000000000000006000000000000F03F06FAD0E13A5BCD30400669E0A8BC0583324006000000000000000006000000000000F03F0600000000000000000D0C6E756C6C5F737572666163650D0C6E756C6C5F737572666163650D066E756C6C62730D066E756C6C62
310
730B0B04000000000400000000040000000004000000000A06000000000000F03F0A06000000000000000015000000001500000000100A06FF5A1CBBF2DEEEBF0A06000000000000008014000000000000000000000000000000000000000000002440130CE4403C29DD28409232BD0ED4093D400000000000000000150200
310
00000A06FF5A1CBBF2DEEEBF0A0600000000000000800A0600000000000000000A06000000000000E03F15000000001500000000150000000015000000000400000000040000000004000000000400000000040000000004000000000B100B0B0B0B110D06636F656467650C6D03000004FFFFFFFF0CFFFFFFFF0C19030000
310
0C6E0300000C6F0300000C700300000B0C0703000004000000000C71030000110E0D4154545249425F435553544F4D0D066174747269620CFFFFFFFF04FFFFFFFF0CFFFFFFFF0CFFFFFFFF0C090300000711736B657463685F6174747269625F646566040100000004010000000403000000070D3131332030203020302032
310
2032110D06636F656467650CFFFFFFFF04FFFFFFFF0CFFFFFFFF0C400300000C090300000C0C0300000C3B0300000B0CD802000004000000000C72030000110D06636F656467650C7303000004FFFFFFFF0CFFFFFFFF0C6F0300000C0D0300000C090300000C380300000A0C4800000004000000000CFFFFFFFF110D046564
310
67650CFFFFFFFF04FFFFFFFF0CFFFFFFFF0CE602000006185B1CBBF2DEEE3F0C3D03000006000000000000F03F0C090300000C740300000B0707756E6B6E6F776E110D067063757276650CFFFFFFFF04FFFFFFFF0CFFFFFFFF04000000000B0F0D0B6578705F7061725F6375720D046E756273040100000015000000000402
310
00000006185B1CBBF2DEEE3F040100000006000000000000F03F040100000006295B1CBBF2DEEE3F06000000000000000006000000000000F03F0600000000000000000600000000000000000D0673706C696E650B0F0D03726566047C000000100B0B0B0B10060000000000000000060000000000000000110D06636F6564
310
67650CFFFFFFFF04FFFFFFFF0CFFFFFFFF0C0C0300000C0B0300000C1C0300000C490300000A0CA502000004000000000CFFFFFFFF110D04656467650CFFFFFFFF04FFFFFFFF0CFFFFFFFF0C3D0300000600000000000000000C7503000006000000000000E03F0C360300000C760300000B0707756E6B6E6F776E110E0D41
310
54545249425F435553544F4D0D066174747269620CFFFFFFFF04FFFFFFFF0CFFFFFFFF0CFFFFFFFF0C0D0300000711736B657463685F6174747269625F646566040100000004010000000403000000070E3130372030203020302038203336110D067665727465780CFFFFFFFF04FFFFFFFF0CFFFFFFFF0C0E030000040000
310
00000C77030000110E07656C6C697073650D0563757276650CFFFFFFFF04FFFFFFFF0CFFFFFFFF130000000000000000000000000000000000000000000000001400000000000000000000000000000000000000000000F03F1400000000000039400000000000000000000000000000000006000000000000F03F0A06526C
310
582BE8ECF23F0A06F35B8A41358CF33F110D067063757276650CFFFFFFFF04FFFFFFFF0CFFFFFFFF04000000000B0F0D0B6578705F7061725F6375720D046E75627304010000001500000000040200000006F6F72D4ABCADEF3F040100000006000000000000F03F040100000006311E2F4ABCADEFBF06000000000000E03F
310
06000000000000F0BF06000000000000E03F0600000000000000000D0673706C696E650B0F0D037265660467000000100B0B0B0B10060000000000000000060000000000000000110D06636F656467650CFFFFFFFF04FFFFFFFF0CFFFFFFFF0C100300000C360300000C480300000C780300000A0CD802000004000000000C
310
79030000110D067063757276650CFFFFFFFF04FFFFFFFF0CFFFFFFFF04000000000B0F0D0B6578705F7061725F6375720D046E75627304010000001500000000040200000006000000000000E0BF0401000000060000000000000080040100000006185B1CBBF2DEEE3F06000000000000E03F06185B1CBBF2DEEE3F060000
310
0000000000000600000000000000000D0673706C696E650B0F0D03726566047C000000100B0B0B0B10060000000000000000060000000000000000110D067665727465780CFFFFFFFF04FFFFFFFF0CFFFFFFFF0C1D03000004000000000C7A030000110E0873747261696768740D0563757276650CFFFFFFFF04FFFFFFFF0C
310
FFFFFFFF1361D90B9BDB1921403C33D063087E37400000000000000000140000000000000000000000000000000000000000000024400A0600000000000000000A06000000000000E03F110D05706F696E740CFFFFFFFF04FFFFFFFF0CFFFFFFFF1361D90B9BDB1921403C33D063087E37400000000000000000110D05706F
310
696E740CFFFFFFFF04FFFFFFFF0CFFFFFFFF137AF130F21EC12040D5A197579ABA37400000000000001440110D06636F656467650CFFFFFFFF04FFFFFFFF0CFFFFFFFF0C6E0300000C190300000C7B0300000C7C0300000A0C0703000004000000000C7D030000110D067063757276650CFFFFFFFF04FFFFFFFF0CFFFFFFFF
310
04000000000B0F0D0B6578705F7061725F6375720D046E756273040100000015000000000402000000060000000000000000040100000006000000000000E03F040100000006BAD12C4ABCADEF3F06000000000000000006BAD12C4ABCADEF3F06000000000000E03F0600000000000000000D0673706C696E650B0F0D0372
310
65660485000000100B0B0B0B10060000000000000000060000000000000000110D06636F656467650CFFFFFFFF04FFFFFFFF0CFFFFFFFF0C1C0300000C7B0300000C400300000C780300000B0C7C00000004000000000CFFFFFFFF110D04656467650CFFFFFFFF04FFFFFFFF0CFFFFFFFF0C7503000006526C582BE8ECF23F
310
0C4203000006F35B8A41358CF33F0C3A0300000C7E0300000B0707756E6B6E6F776E110E08696E7463757276650D0563757276650CFFFFFFFF04FFFFFFFF0CFFFFFFFF0A0F0D0D65786163745F696E745F637572043C5A000015000000000D056E7572627304050000001500000000040B0000000600000000000000000405
310
000000069A9999999999B93F0401000000069A9999999999C93F040100000006343333333333D33F0401000000069A9999999999D93F040100000006000000000000E03F040100000006333333333333E33F040100000006666666666666E63F040100000006999999999999E93F040100000006CCCCCCCCCCCCEC3F040100
310
000006000000000000F03F040500000006028FAC91925C2B4006305C73E939CB424006000000000000144006000000000000F03F06D02B0271653E2A40065B374641D6BF424006000000000000144006000000000000F03F0682397EEE9716284006920164E7E2A6424006000000000000144006000000000000F03F06C8E8
310
379D891825400663D5C9CBF17A424006000000000000144006000000000000F03F0651E07BDD7698214006002F6BAC1B33424006000000000000144006000000000000F03F067FBEE970A02E1C400663D58BAEBFC1414006000000000000144006000000000000F03F064C1EB9040D1117400641D088D1C536414006000000
310
000000144006000000000000F03F06C402F43033FE134006DA0FAEFE2B90404006000000000000144006000000000000F03F06BE8AC389EF071340068E42E21E019A3F4006000000000000144006000000000000F03F06A2824AF18B15144006AC890BAC23DD3D4006000000000000144006000000000000F03F062C9313F3
310
B5FE164006CC1A62AE02EE3B4006000000000000144006000000000000F03F06DAFD74CB5FAF1A4006D05895AF113D3A4006000000000000144006000000000000F03F06AABFCF4E5B2B1E40060FAE1632F8E4384006000000000000144006000000000000F03F06810174F81C67204006393B6F6A17F73740060000000000
310
00144006000000000000F03F0661D90B9BDB192140063C33D063087E374006000000000000144006000000000000F03F0600000000000000000D0C6E756C6C5F737572666163650D0C6E756C6C5F737572666163650D066E756C6C62730D066E756C6C62730B0B04000000000400000000040000000004000000000A060000
310
00000000F03F0A06000000000000000015000000001500000000100A06000000000000F0BF0A06F6F72D4ABCADEFBF110D04656467650CFFFFFFFF04FFFFFFFF0CFFFFFFFF0C1F03000006075B1CBBF2DEEEBF0C7F0300000600000000000000800C620300000C800300000B0707756E6B6E6F776E110D05706F696E740CFF
310
FFFFFF04FFFFFFFF0CFFFFFFFF134022FD670ABD38C09011A1023B7012C00000000000001440110E0D4154545249425F435553544F4D0D066174747269620CFFFFFFFF04FFFFFFFF0CFFFFFFFF0CFFFFFFFF0C220300000711736B657463685F6174747269625F646566040100000004010000000403000000070F31303720
310
3020302030203230203336110D06636F656467650C8103000004FFFFFFFF0CFFFFFFFF0C220300000C5F0300000C820300000C830300000B0C4800000004000000000CFFFFFFFF110D06636F656467650C8403000004FFFFFFFF0CFFFFFFFF0C850300000C860300000C220300000C500300000B0C8703000004000000000C
310
FFFFFFFF110D04656467650CFFFFFFFF04FFFFFFFF0CFFFFFFFF0C5603000006A3B0AE5A300C08C00C8803000006D0B895CF89BC07C00C4F0300000C890300000B0707756E6B6E6F776E110E0D4154545249425F435553544F4D0D066174747269620CFFFFFFFF04FFFFFFFF0CFFFFFFFF0CFFFFFFFF0C230300000711736B
310
657463685F6174747269625F646566040100000004010000000403000000070D31353520302030203020322032110D06636F656467650CFFFFFFFF04FFFFFFFF0CFFFFFFFF0C590300000C230300000C860300000C8A0300000B0C5403000004000000000C8B030000110D06636F656467650CFFFFFFFF04FFFFFFFF0CFFFF
310
FFFF0C230300000C590300000CFF0200000C2C0300000A0C5403000004000000000C8C030000110D046C6F6F700CFFFFFFFF04FFFFFFFF0CFFFFFFFF0CFFFFFFFF0C230300000C8D030000110D067063757276650CFFFFFFFF04FFFFFFFF0CFFFFFFFF04000000000B0F0D0B6578705F7061725F6375720D046E7562730401
310
0000001500000000040200000006175B1CBBF2DEEE3F040100000006000000000000F03F040100000006285B1CBBF2DEEE3F06000000000000000006000000000000F03F0600000000000000000600000000000000000D0673706C696E650B0F0D0B63796C5F73706C5F737572043C5A00000D08696E7463757276650B0F0D
310
03726566048B000000100A06175B1CBBF2DEEE3F0A06000000000000F03F1400000000000000000000000000000000000000000000244013CBFCC0F25E303CC05B94D4D0D6812CC0000000000000000015020000000A06175B1CBBF2DEEE3F0A06000000000000F03F0A0600000000000000000A06000000000000E03F1500
310
0000001500000000150000000015000000000400000000040000000004000000000400000000040000000004000000000B100B0B0B0B10060000000000000000060000000000000000110D067665727465780CFFFFFFFF04FFFFFFFF0CFFFFFFFF0C5003000004000000000C8E030000110E08696E7463757276650D056375
310
7276650CFFFFFFFF04FFFFFFFF0CFFFFFFFF0B0F0D03726566048B000000100A06075B1CBBF2DEEE3F0A06000000000000F03F110D06636F656467650CFFFFFFFF04FFFFFFFF0CFFFFFFFF0C8F0300000C270300000C900300000C910300000B0C7C00000004000000000CFFFFFFFF110D06636F656467650CFFFFFFFF04FF
310
FFFFFF0CFFFFFFFF0C530300000C520300000C270300000C5A0300000A0C5403000004000000000C92030000110D04656467650CFFFFFFFF04FFFFFFFF0CFFFFFFFF0C1F03000006175B1CBBF2DEEE3F0C9303000006000000000000F03F0C590300000C940300000B0707756E6B6E6F776E110D04656467650CFFFFFFFF04
310
FFFFFFFF0CFFFFFFFF0C280300000600000000000000000C9503000006C6D12C4ABCADEF3F0C960300000C970300000B0707756E6B6E6F776E110D05706F696E740CFFFFFFFF04FFFFFFFF0CFFFFFFFF13EC2F37D10C5241C0FEFFFFFFFFFF33C00000000000000000110E0D4154545249425F435553544F4D0D0661747472
310
69620CFFFFFFFF04FFFFFFFF0CFFFFFFFF0CFFFFFFFF0C290300000711736B657463685F6174747269625F646566040100000004010000000403000000070D31353520302031203020312032110D06636F656467650CFFFFFFFF04FFFFFFFF0CFFFFFFFF0C620300000C290300000C980300000C990300000B0C6003000004
310
000000000C9A030000110D06636F656467650C9B03000004FFFFFFFF0CFFFFFFFF0C4E0300000C9C0300000C290300000CFC0200000B0C4800000004000000000CFFFFFFFF110D046C6F6F700CFFFFFFFF04FFFFFFFF0CFFFFFFFF0CFFFFFFFF0C290300000C9D030000110D067063757276650CFFFFFFFF04FFFFFFFF0CFF
310
FFFFFF04000000000B0F0D0B6578705F7061725F6375720D046E75627304010000001500000000040200000006075B1CBBF2DEEEBF0401000000060000000000000080040100000006175B1CBBF2DEEEBF0600000000000000000600000000000000800600000000000000000600000000000000000D0673706C696E650B0F
310
0D0B63796C5F73706C5F737572043C5A00000D08696E7463757276650A0F0D03726566048B000000100A06075B1CBBF2DEEEBF0A0600000000000000801400000000000000000000000000000000000000000000244013CBFCC0F25E303CC05B94D4D0D6812CC0000000000000000015020000000A06075B1CBBF2DEEEBF0A
310
0600000000000000800A0600000000000000000A06000000000000E03F15000000001500000000150000000015000000000400000000040000000004000000000400000000040000000004000000000B100B0B0B0B10060000000000000000060000000000000000110D06636F656467650CFFFFFFFF04FFFFFFFF0CFFFFFF
310
FF0C2B0300000C5E0300000C9E0300000C4B0300000A0C6003000004000000000C9F030000110D06636F656467650CFFFFFFFF04FFFFFFFF0CFFFFFFFF0CA00300000C820300000C530300000C2C0300000B0CA103000004000000000CA2030000110D067063757276650CFFFFFFFF04FFFFFFFF0CFFFFFFFF04000000000B
310
0F0D0B6578705F7061725F6375720D046E75627304010000001500000000040200000006000000000000E0BF0401000000060000000000000080040100000006075B1CBBF2DEEEBF06000000000000E03F06075B1CBBF2DEEEBF0600000000000000000600000000000000000D0673706C696E650B0F0D0372656604980000
310
00100B0B0B0B10060000000000000000060000000000000000110E0873747261696768740D0563757276650CFFFFFFFF04FFFFFFFF0CFFFFFFFF134022FD670ABD38C09011A1023B7012C00000000000000000140000000000000000000000000000000000000000000024400A0600000000000000000A06000000000000E0
310
3F110E0D4154545249425F435553544F4D0D066174747269620CFFFFFFFF04FFFFFFFF0CFFFFFFFF0CFFFFFFFF0C2E030000071667656E657269635F7461675F6174747269625F6465660403000000040300000004FFFFFFFF071767656E657269635F7461675F6174747269625F6465662004010000000402000000070231
310
3604000000000401000000042D0100000400000000110E0673706C696E650D07737572666163650CFFFFFFFF04FFFFFFFF0CFFFFFFFF0B0F0D037265660483000000100B0B0B0B110E0D4154545249425F435553544F4D0D066174747269620CFFFFFFFF04FFFFFFFF0CFFFFFFFF0CFFFFFFFF0C31030000071667656E6572
310
69635F7461675F6174747269625F6465660403000000040300000004FFFFFFFF071767656E657269635F7461675F6174747269625F64656620040100000004020000000702373404000000000401000000042D0100000400000000110D04666163650CA303000004FFFFFFFF0CFFFFFFFF0CA40300000CA50300000C060000
310
000CFFFFFFFF0CA60300000B0B110D046C6F6F700CFFFFFFFF04FFFFFFFF0CFFFFFFFF0CFFFFFFFF0CA70300000C31030000110E0673706C696E650D07737572666163650CFFFFFFFF04FFFFFFFF0CFFFFFFFF0B0F0D0B63796C5F73706C5F737572043C5A00000D08696E7463757276650A0F0D0D65786163745F696E745F
310
637572043C5A000015000000000D056E7572627304050000001500000000040B0000000600000000000000000405000000069A9999999999B93F0401000000069A9999999999C93F040100000006343333333333D33F0401000000069A9999999999D93F040100000006000000000000E03F040100000006333333333333E3
310
3F040100000006666666666666E63F040100000006999999999999E93F040100000006CCCCCCCCCCCCEC3F040100000006000000000000F03F040500000006A71BCB2625B63940064624838B4BA43E4006000000000000000006000000000000F03F06A03E1541E527394006D10A044BD4BF3E400600000000000000000600
310
0000000000F03F063B767CD990133840061AB0FA234DEF3E4006000000000000000006000000000000F03F06C8372A4C948D364006940AA192B81F3F4006000000000000000006000000000000F03F06981BB86F6CB73440066EABA542F3313F4006000000000000000006000000000000F03F06957C1FB05BC4324006E840
310
788253F63E4006000000000000000006000000000000F03F067D2996ACA431314006CCE1EBAE1C613E4006000000000000000006000000000000F03F060DE59D01D5063040068D2D3DD7486B3D4006000000000000000006000000000000F03F06F2A3412EF38E2E4006A1AC60D98A113C4006000000000000000006000000
310
000000F03F061CB09AED51DD2D40060CBCFAF073583A4006000000000000000006000000000000F03F064912E099BEE82D4006D97A99FA7747384006000000000000000006000000000000F03F062E2F6B1B717C2E400617DCFB04DD5F364006000000000000000006000000000000F03F066F5D5F9528342F4006364BFE1C
310
3FD0344006000000000000000006000000000000F03F06384A747F86CE2F40061031FF7002B7334006000000000000000006000000000000F03F0648F13E38D711304006ACF63137AF26334006000000000000000006000000000000F03F0600000000000000000D0C6E756C6C5F737572666163650D0C6E756C6C5F737572
310
666163650D066E756C6C62730D066E756C6C62730B0B04000000000400000000040000000004000000000A06000000000000F03F0A06000000000000000015000000001500000000100A06000000000000F0BF0A06F7F72D4ABCADEFBF1400000000000000000000000000000000000000000000244013976AA7B3B08B3240
310
CE340929AC133B40000000000000000015020000000A06000000000000F0BF0A06F7F72D4ABCADEFBF0A0600000000000000000A06000000000000E03F15000000001500000000150000000015000000000400000000040000000004000000000400000000040000000004000000000B100B0B0B0B110D06636F656467650C
310
A803000004FFFFFFFF0CFFFFFFFF0CA90300000CAA0300000CAB0300000CAC0300000A0C3203000004000000000CAD030000110E0D4154545249425F435553544F4D0D066174747269620CFFFFFFFF04FFFFFFFF0CFFFFFFFF0CFFFFFFFF0C340300000711736B657463685F6174747269625F646566040100000004010000
310
000403000000070D32323920302030203020312032110D06636F656467650CFFFFFFFF04FFFFFFFF0CFFFFFFFF0C340300000C460300000CA90300000CAE0300000A0C0703000004000000000CAF030000110D06636F656467650CB003000004FFFFFFFF0CFFFFFFFF0CAB0300000C370300000C340300000C700300000A0C
310
4800000004000000000CFFFFFFFF110D04656467650CFFFFFFFF04FFFFFFFF0CFFFFFFFF0CB10300000600000000000000000CE602000006BAD12C4ABCADEF3F0C340300000CB20300000B0707756E6B6E6F776E110D067063757276650CFFFFFFFF04FFFFFFFF0CFFFFFFFF04000000000B0F0D0B6578705F7061725F6375
310
720D046E756273040100000015000000000402000000060000000000000000040100000006BAD12C4ABCADEF3F040100000006000000000000000006000000000000000006F6F72D4ABCADEF3F0600000000000000000600000000000000000D0673706C696E650B0F0D037265660485000000100B0B0B0B10060000000000
310
000000060000000000000000110D067063757276650CFFFFFFFF04FFFFFFFF0CFFFFFFFF04000000000B0F0D0B6578705F7061725F6375720D046E756273040100000015000000000402000000060000000000000000040100000006000000000000E03F040100000006000000000000F03F06000000000000000006000000
310
000000F03F06000000000000E03F0600000000000000000D0673706C696E650B0F0D03726566047C000000100B0B0B0B10060000000000000000060000000000000000110E0D4154545249425F435553544F4D0D066174747269620CFFFFFFFF04FFFFFFFF0CFFFFFFFF0CFFFFFFFF0C370300000711736B657463685F6174
310
747269625F646566040100000004010000000403000000070D31313320302030203020322032110E08696E7463757276650D0563757276650CFFFFFFFF04FFFFFFFF0CFFFFFFFF0B0F0D03726566045B000000100A06075B1CBBF2DEEE3F0A06000000000000F03F110D067665727465780CFFFFFFFF04FFFFFFFF0CFFFFFF
310
FF0C4903000004000000000CB3030000110E0873747261696768740D0563757276650CFFFFFFFF04FFFFFFFF0CFFFFFFFF13BAF48B3239EA2240794B13FA5F2437400000000000000000140000000000000000000000000000000000000000000024400A0600000000000000000A06000000000000E03F110D05706F696E74
310
0CFFFFFFFF04FFFFFFFF0CFFFFFFFF13BAF48B3239EA2240794B13FA5F2437400000000000000000110D04656467650CFFFFFFFF04FFFFFFFF0CFFFFFFFF0C1803000006185B1CBBF2DEEE3F0C7503000006000000000000F03F0C400300000CB40300000B0707756E6B6E6F776E110D067063757276650CFFFFFFFF04FFFF
310
FFFF0CFFFFFFFF04000000000B0F0D0B6578705F7061725F6375720D046E75627304010000001500000000040200000006000000000000F0BF040100000006185B1CBBF2DEEEBF040100000006000000000000F03F06000000000000E03F06295B1CBBF2DEEE3F06000000000000E03F0600000000000000000D0673706C69
310
6E650B0F0D03726566047C000000100B0B0B0B10060000000000000000060000000000000000110D05706F696E740CFFFFFFFF04FFFFFFFF0CFFFFFFFF1362D90B9BDB1921403C33D063087E37400000000000001440110D06636F656467650CFFFFFFFF04FFFFFFFF0CFFFFFFFF0C480300000CB50300000C460300000C7C
310
0300000B0C7C00000004000000000CFFFFFFFF110D04656467650CFFFFFFFF04FFFFFFFF0CFFFFFFFF0CB60300000600000000000000000C1803000006BAD12C4ABCADEF3F0C460300000CB70300000B0707756E6B6E6F776E110D067063757276650CFFFFFFFF04FFFFFFFF0CFFFFFFFF04000000000B0F0D0B6578705F70
310
61725F6375720D046E75627304010000001500000000040200000006BAD12C4ABCADEFBF0401000000060000000000000080040100000006F6F72D4ABCADEF3F06000000000000E03F06000000000000000006000000000000E03F0600000000000000000D0673706C696E650B0F0D037265660485000000100B0B0B0B1006
310
0000000000000000060000000000000000110E07656C6C697073650D0563757276650CFFFFFFFF04FFFFFFFF0CFFFFFFFF130000000000000000000000000000000000000000000014401400000000000000000000000000000000000000000000F03F14000000000000394000000000000000000000000000000000060000
310
00000000F03F0B0B110D067665727465780CFFFFFFFF04FFFFFFFF0CFFFFFFFF0CB803000004000000000CB9030000110E08696E7463757276650D0563757276650CFFFFFFFF04FFFFFFFF0CFFFFFFFF0A0F0D0D65786163745F696E745F637572043C5A000015000000000D056E7572627304050000001500000000040B00
310
00000600000000000000000405000000069A9999999999B93F0401000000069A9999999999C93F040100000006343333333333D33F0401000000069A9999999999D93F040100000006000000000000E03F040100000006333333333333E33F040100000006666666666666E63F040100000006999999999999E93F04010000
310
0006CCCCCCCCCCCCEC3F040100000006000000000000F03F040500000006EC2F37D10C5241C006FEFFFFFFFFFF33C006000000000000144006000000000000F03F06D73FFF00431941C00680732393711534C006000000000000144006000000000000F03F0614B6006BA6AA40C006AF2627314F3634C00600000000000014
310
4006000000000000F03F06DAD7E2B6A00D40C0064D9E99D78A4934C006000000000000144006000000000000F03F06DE41EE33B19C3EC0060CEDAE6F122634C006000000000000144006000000000000F03F0636AA4E1562FE3CC006ACFB7C99C08D33C006000000000000144006000000000000F03F06DB66D59024A43BC0
310
06BEA102CA658232C006000000000000144006000000000000F03F066A7E3FB6BE903AC006B82D510352FF30C006000000000000144006000000000000F03F0622F29D6298C139C0063D0D144DCF112EC006000000000000144006000000000000F03F068ACC8DF3C23039C006F69625565A5229C006000000000000144006
310
000000000000F03F06645D6C42D4D738C0060732028CF3D523C006000000000000144006000000000000F03F064A6EFC9E06B938C006A85DB09225D41DC006000000000000144006000000000000F03F06045428CA0AB738C0068D6CDE8C91E315C006000000000000144006000000000000F03F066615D5B2F3BE38C0063E
310
79B8591B5A10C006000000000000144006000000000000F03F06520F370C37C538C006986035AF8B0B0BC006000000000000144006000000000000F03F0600000000000000000D0C6E756C6C5F737572666163650D0C6E756C6C5F737572666163650D066E756C6C62730D066E756C6C62730B0B0400000000040000000004
310
0000000004000000000A06000000000000F03F0A06000000000000000015000000001500000000100A06075B1CBBF2DEEEBF0A060000000000000080110E0D4154545249425F435553544F4D0D066174747269620CFFFFFFFF04FFFFFFFF0CFFFFFFFF0CFFFFFFFF0C4E0300000711736B657463685F6174747269625F6465
310
66040100000004010000000403000000070D31343520302031203020322032110D06636F656467650CBA03000004FFFFFFFF0CFFFFFFFF0C630300000CBB0300000C4E0300000C830300000A0CA103000004000000000CBC030000110D04656467650CFFFFFFFF04FFFFFFFF0CFFFFFFFF0CD002000006FCF72D4ABCADEF3F
310
0C8803000006000000000000F03F0C820300000CBD0300000B0707756E6B6E6F776E110E0D4154545249425F435553544F4D0D066174747269620CFFFFFFFF04FFFFFFFF0CFFFFFFFF0CFFFFFFFF0C4F0300000711736B657463685F6174747269625F646566040100000004010000000403000000070F3130372030203020
310
30203230203336110D06636F656467650CFFFFFFFF04FFFFFFFF0CFFFFFFFF0C900300000C4F0300000CBB0300000CBE0300000B0C8703000004000000000CFFFFFFFF110D06636F656467650CFFFFFFFF04FFFFFFFF0CFFFFFFFF0C4F0300000C900300000C520300000C8A0300000A0C8703000004000000000CFFFFFFFF
310
110D046C6F6F700CFFFFFFFF04FFFFFFFF0CFFFFFFFF0CFFFFFFFF0C4F0300000CBF030000110D067665727465780CFFFFFFFF04FFFFFFFF0CFFFFFFFF0C8303000004010000000CC0030000110E07656C6C697073650D0563757276650CFFFFFFFF04FFFFFFFF0CFFFFFFFF13000000000000000000000000000000000000
310
0000000000001400000000000000000000000000000000000000000000F03F1400000000000039400000000000000000000000000000000006000000000000F03F0A06A3B0AE5A300C08C00A06D0B895CF89BC07C0110D04656467650CFFFFFFFF04FFFFFFFF0CFFFFFFFF0C560300000600000000000000000C9303000006
310
000000000000E03F0C520300000CC10300000B0707756E6B6E6F776E110D067063757276650CFFFFFFFF04FFFFFFFF0CFFFFFFFF04000000000B0F0D0B6578705F7061725F6375720D046E756273040100000015000000000402000000060000000000000000040100000006000000000000E03F0401000000060000000000
310
00F03F06000000000000000006000000000000F03F06000000000000E03F0600000000000000000D0673706C696E650B0F0D037265660496000000100B0B0B0B10060000000000000000060000000000000000110D067063757276650CFFFFFFFF04FFFFFFFF0CFFFFFFFF04000000000B0F0D0B6578705F7061725F637572
310
0D046E75627304010000001500000000040200000006000000000000E0BF0401000000060000000000000080040100000006175B1CBBF2DEEE3F06000000000000E03F06175B1CBBF2DEEE3F0600000000000000000600000000000000000D0673706C696E650B0F0D037265660496000000100B0B0B0B1006000000000000
310
0000060000000000000000110D04666163650CC203000004FFFFFFFF0CFFFFFFFF0C2E0300000C540300000C060000000CFFFFFFFF0CC30300000B0B110D05706F696E740CFFFFFFFF04FFFFFFFF0CFFFFFFFF13520F370C37C538C0986035AF8B0B0BC00000000000000000110D06636F656467650CFFFFFFFF04FFFFFFFF
310
0CFFFFFFFF0C9E0300000C580300000CA00300000CC40300000B0C7C00000004000000000CFFFFFFFF110D06636F656467650CFFFFFFFF04FFFFFFFF0CFFFFFFFF0C860300000C850300000C580300000C910300000A0C8703000004000000000CFFFFFFFF110D04656467650CFFFFFFFF04FFFFFFFF0CFFFFFFFF0C930300
310
0006A3B0AE5A300C08C00CC503000006D0B895CF89BC07C00C900300000CC60300000B0707756E6B6E6F776E110D067063757276650CFFFFFFFF04FFFFFFFF0CFFFFFFFF04000000000B0F0D0B6578705F7061725F6375720D046E75627304010000001500000000040200000006000000000000F0BF040100000006175B1C
310
BBF2DEEEBF040100000006000000000000F03F06000000000000E03F06285B1CBBF2DEEE3F06000000000000E03F0600000000000000000D0673706C696E650B0F0D037265660496000000100B0B0B0B10060000000000000000060000000000000000110D067665727465780CFFFFFFFF04FFFFFFFF0CFFFFFFFF0C910300
310
0004000000000CC7030000110E08696E7463757276650D0563757276650CFFFFFFFF04FFFFFFFF0CFFFFFFFF0B0F0D0372656604A0000000100A06175B1CBBF2DEEE3F0A06000000000000F03F110D067665727465780CFFFFFFFF04FFFFFFFF0CFFFFFFFF0CC803000004010000000CC9030000110D06636F656467650CCA
310
03000004FFFFFFFF0CFFFFFFFF0CCB0300000C980300000C9C0300000C5B0300000B0CCC03000004000000000CCD030000110E08696E7463757276650D0563757276650CFFFFFFFF04FFFFFFFF0CFFFFFFFF0B0F0D0D65786163745F696E745F637572043C5A000015000000000D056E757262730405000000150000000004
310
0B0000000600000000000000000405000000069A9999999999B93F0401000000069A9999999999C93F040100000006343333333333D33F0401000000069A9999999999D93F040100000006000000000000E03F040100000006333333333333E33F040100000006666666666666E63F040100000006999999999999E93F0401
310
00000006CCCCCCCCCCCCEC3F040100000006000000000000F03F040500000006EC2F37D10C5241C006FEFFFFFFFFFF33C006000000000000000006000000000000F03F06E7396359EC1341C006BE1480A0864A34C006000000000000000006000000000000F03F065861887D359A40C006684A2036A5D534C0060000000000
310
00000006000000000000F03F06010D08CC82D63FC00642962E38878835C006000000000000000006000000000000F03F06A432F49FF1223EC0068677E1F7753A36C006000000000000000006000000000000F03F06CACC374895393CC006D882DF7B1FAD36C006000000000000000006000000000000F03F067B99EBE31E8C
310
3AC0068B2068E6A4AA36C006000000000000000006000000000000F03F06423C9684401F39C0063ED90C5FD72936C006000000000000000006000000000000F03F0672FC5F342FF537C006D04B49DE652635C006000000000000000006000000000000F03F066E9B3F39DD0A37C0063A68253049A633C00600000000000000
310
0006000000000000F03F06FF01F5034F5B36C006381D70E63FB331C006000000000000000006000000000000F03F06A543C2CEEEF935C006526C79E6959F2FC006000000000000000006000000000000F03F060084880F93C735C006676ACA7EB7712CC006000000000000000006000000000000F03F06E1514C18EAAF35C0
310
069A090A175E2C2AC006000000000000000006000000000000F03F06E7FB840590A635C006FEFFFFFFFFFF28C006000000000000000006000000000000F03F0600000000000000000D0C6E756C6C5F737572666163650D0C6E756C6C5F737572666163650D066E756C6C62730D066E756C6C62730B0B040000000004000000
310
00040000000004000000000A06000000000000F03F0A06000000000000000015000000001500000000100A0600000000000000000A06C6D12C4ABCADEF3F110D06636F656467650CFFFFFFFF04FFFFFFFF0CFFFFFFFF0C960300000CCE0300000C5E0300000C990300000A0CCC03000004000000000CCF030000110D046564
310
67650CFFFFFFFF04FFFFFFFF0CFFFFFFFF0C280300000600000000000000000C7F03000006000000000000E03F0C5E0300000CD00300000B0707756E6B6E6F776E110D067063757276650CFFFFFFFF04FFFFFFFF0CFFFFFFFF04000000000B0F0D0B6578705F7061725F6375720D046E756273040100000015000000000402
310
000000060000000000000000040100000006000000000000E03F040100000006000000000000008006000000000000000006000000000000008006000000000000E03F0600000000000000000D0673706C696E650B0F0D037265660498000000100B0B0B0B10060000000000000000060000000000000000110E0D41545452
310
49425F435553544F4D0D066174747269620CFFFFFFFF04FFFFFFFF0CFFFFFFFF0CFFFFFFFF0C5F0300000711736B657463685F6174747269625F646566040100000004010000000403000000070D31353520302031203020312032110D06636F656467650CD103000004FFFFFFFF0CFFFFFFFF0C5F0300000CD20300000C96
310
0300000C5B0300000A0C4800000004000000000CFFFFFFFF110D04666163650CD303000004FFFFFFFF0CFFFFFFFF0CD40300000C600300000C060000000CFFFFFFFF0CD50300000B0B110D06636F656467650CFFFFFFFF04FFFFFFFF0CFFFFFFFF0CD60300000C8F0300000C620300000C4B0300000B0C7C00000004000000
310
000CFFFFFFFF110D067063757276650CFFFFFFFF04FFFFFFFF0CFFFFFFFF04000000000B0F0D0B6578705F7061725F6375720D046E756273040100000015000000000402000000060000000000000000040100000006075B1CBBF2DEEE3F040100000006000000000000008006000000000000E03F06175B1CBBF2DEEEBF06
310
000000000000E03F0600000000000000000D0673706C696E650B0F0D037265660498000000100B0B0B0B10060000000000000000060000000000000000110D06636F656467650CFFFFFFFF04FFFFFFFF0CFFFFFFFF0CBB0300000C630300000C8F0300000CC40300000A0CA103000004000000000CD7030000110D046C6F6F
310
700CFFFFFFFF04FFFFFFFF0CFFFFFFFF0CFFFFFFFF0C820300000CD4030000110D067063757276650CFFFFFFFF04FFFFFFFF0CFFFFFFFF04000000000B0F0D0B6578705F7061725F6375720D046E756273040100000015000000000402000000060000000000000000040100000006000000000000E03F040100000006FCF7
310
2D4ABCADEFBF06000000000000000006FCF72D4ABCADEFBF06000000000000E03F0600000000000000000D0673706C696E650B0F0D0B63796C5F73706C5F737572043C5A00000D08696E7463757276650A0F0D03726566047A000000100A06000000000000F0BF0A06FCF72D4ABCADEFBF1400000000000000000000000000
310
0000000000000000002440134AC7DAF0889C3FC05E342AEC6CA421C0000000000000000015020000000A06000000000000F0BF0A06FCF72D4ABCADEFBF0A0600000000000000000A06000000000000E03F15000000001500000000150000000015000000000400000000040000000004000000000400000000040000000004
310
000000000B100B0B0B0B10060000000000000000060000000000000000110E0D4154545249425F435553544F4D0D066174747269620CFFFFFFFF04FFFFFFFF0CFFFFFFFF0CFFFFFFFF0C69030000071667656E657269635F7461675F6174747269625F6465660403000000040300000004FFFFFFFF071767656E657269635F
310
7461675F6174747269625F64656620040100000004020000000702373304000000000401000000042D0100000400000000110D04666163650CD803000004FFFFFFFF0CFFFFFFFF0CD90300000CDA0300000C060000000CFFFFFFFF0CDB0300000B0B110D046C6F6F700CFFFFFFFF04FFFFFFFF0CFFFFFFFF0CFFFFFFFF0CDC
310
0300000C69030000110E04636F6E650D07737572666163650CFFFFFFFF04FFFFFFFF0CFFFFFFFF130000000000000000000000000000000000000000000000001400000000000000000000000000000000000000000000F03F1400000000000039400000000000000000000000000000000006000000000000F03F0B0B0600
310
0000000000000006000000000000F03F0600000000000039400B0B0B0B0B110D06636F656467650CDD03000004FFFFFFFF0CFFFFFFFF0CDE0300000CDF0300000CE00300000CE10300000A0C6A03000004000000000CE2030000110E0D4154545249425F435553544F4D0D066174747269620CFFFFFFFF04FFFFFFFF0CFFFF
310
FFFF0CFFFFFFFF0C6C0300000711736B657463685F6174747269625F646566040100000004010000000403000000070D32333220302031203020312032110D06636F656467650CFFFFFFFF04FFFFFFFF0CFFFFFFFF0CE30300000C6C0300000C6E0300000CAE0300000B0C3203000004000000000CE4030000110D06636F65
310
6467650CFFFFFFFF04FFFFFFFF0CFFFFFFFF0C6C0300000CE30300000CDE0300000CE50300000A0C3203000004000000000CE6030000110D06636F656467650CE703000004FFFFFFFF0CFFFFFFFF0CE00300000C6F0300000C6C0300000CAC0300000B0C4800000004000000000CFFFFFFFF110D04656467650CFFFFFFFF04
310
FFFFFFFF0CFFFFFFFF0CB10300000600000000000000000CE803000006FF5A1CBBF2DEEE3F0C6C0300000CE90300000B0707756E6B6E6F776E110D067063757276650CFFFFFFFF04FFFFFFFF0CFFFFFFFF04000000000B0F0D0B6578705F7061725F6375720D046E75627304010000001500000000040200000006FF5A1CBB
310
F2DEEEBF0401000000060000000000000080040100000006105B1CBBF2DEEEBF0600000000000000000600000000000000800600000000000000000600000000000000000D0673706C696E650B0F0D03726566048E000000100B0B0B0B10060000000000000000060000000000000000110D04656467650CFFFFFFFF04FFFF
310
FFFF0CFFFFFFFF0CB10300000600000000000000000CB603000006000000000000E03F0CA90300000CEA0300000B0707756E6B6E6F776E110D067063757276650CFFFFFFFF04FFFFFFFF0CFFFFFFFF04000000000B0F0D0B6578705F7061725F6375720D046E75627304010000001500000000040200000006000000000000
310
E0BF0401000000060000000000000080040100000006000000000000000006000000000000E03F0600000000000000000600000000000000000600000000000000000D0673706C696E650B0F0D037265660485000000100B0B0B0B10060000000000000000060000000000000000110E0D4154545249425F435553544F4D0D
310
066174747269620CFFFFFFFF04FFFFFFFF0CFFFFFFFF0CFFFFFFFF0C6F0300000711736B657463685F6174747269625F646566040100000004010000000403000000070D32323920302030203020312032110D067665727465780CFFFFFFFF04FFFFFFFF0CFFFFFFFF0C7003000004000000000CEB030000110E08696E7463
310
757276650D0563757276650CFFFFFFFF04FFFFFFFF0CFFFFFFFF0B0F0D037265660468000000100A0600000000000000000A06BAD12C4ABCADEF3F110D05706F696E740CFFFFFFFF04FFFFFFFF0CFFFFFFFF13BAF48B3239EA2240794B13FA5F2437400000000000001440110E08696E7463757276650D0563757276650CFF
310
FFFFFF04FFFFFFFF0CFFFFFFFF0B0F0D037265660489000000100A06185B1CBBF2DEEE3F0A06000000000000F03F110D06636F656467650CFFFFFFFF04FFFFFFFF0CFFFFFFFF0C7B0300000CEC0300000CE30300000CED0300000B0C7C00000004000000000CFFFFFFFF110D067665727465780CFFFFFFFF04FFFFFFFF0CFF
310
FFFFFF0C7C03000004000000000CEE030000110E08696E7463757276650D0563757276650CFFFFFFFF04FFFFFFFF0CFFFFFFFF0B0F0D037265660494000000100A0600000000000000000A06BAD12C4ABCADEF3F110D04656467650CFFFFFFFF04FFFFFFFF0CFFFFFFFF0C7F0300000600000000000000000CEF03000006C6
310
D12C4ABCADEF3F0CCE0300000CF00300000B0707756E6B6E6F776E110D05706F696E740CFFFFFFFF04FFFFFFFF0CFFFFFFFF13EC2F37D10C5241C0FEFFFFFFFFFF33C00000000000001440110E0D4154545249425F435553544F4D0D066174747269620CFFFFFFFF04FFFFFFFF0CFFFFFFFF0CFFFFFFFF0C82030000071173
310
6B657463685F6174747269625F646566040100000004010000000403000000070D31343520302031203020322032110D06636F656467650CFFFFFFFF04FFFFFFFF0CFFFFFFFF0C820300000CA00300000C850300000CBE0300000A0CA103000004000000000CF1030000110D067063757276650CFFFFFFFF04FFFFFFFF0CFF
310
FFFFFF04000000000B0F0D0B6578705F7061725F6375720D046E75627304010000001500000000040200000006000000000000F0BF040100000006FCF72D4ABCADEFBF040100000006000000000000F0BF06000000000000000006381E2F4ABCADEFBF0600000000000000000600000000000000000D0673706C696E650B0F
310
0D0372656604A8000000100B0B0B0B10060000000000000000060000000000000000110E08696E7463757276650D0563757276650CFFFFFFFF04FFFFFFFF0CFFFFFFFF0B0F0D03726566047A000000100A06C0D12C4ABCADEF3F0A06000000000000F03F110D04656467650CFFFFFFFF04FFFFFFFF0CFFFFFFFF0C88030000
310
0600000000000000000CC503000006000000000000E03F0C850300000CF20300000B0707756E6B6E6F776E110D04666163650CF303000004FFFFFFFF0CFFFFFFFF0C8D0300000C870300000C060000000CFFFFFFFF0CF40300000B0B110D05706F696E740CFFFFFFFF04FFFFFFFF0CFFFFFFFF13F3DDC405C59E38C042F278
310
B2645D11C00000000000000000110E0873747261696768740D0563757276650CFFFFFFFF04FFFFFFFF0CFFFFFFFF13520F370C37C538C0986035AF8B0B0BC00000000000000000140000000000000000000000000000000000000000000024400A0600000000000000000A06000000000000E03F110E0D4154545249425F43
310
5553544F4D0D066174747269620CFFFFFFFF04FFFFFFFF0CFFFFFFFF0CFFFFFFFF0C8D030000071667656E657269635F7461675F6174747269625F6465660403000000040300000004FFFFFFFF071767656E657269635F7461675F6174747269625F6465662004010000000402000000070231370400000000040100000004
310
2D0100000400000000110E0673706C696E650D07737572666163650CFFFFFFFF04FFFFFFFF0CFFFFFFFF0B0F0D037265660496000000100B0B0B0B110D04656467650CFFFFFFFF04FFFFFFFF0CFFFFFFFF0CC503000006000000000000F0BF0C1F03000006FCF72D4ABCADEFBF0CA00300000CF50300000B0707756E6B6E6F
310
776E110D067665727465780CFFFFFFFF04FFFFFFFF0CFFFFFFFF0CC403000004000000000CF6030000110E07656C6C697073650D0563757276650CFFFFFFFF04FFFFFFFF0CFFFFFFFF130000000000000000000000000000000000000000000014401400000000000000000000000000000000000000000000F03F14000000
310
00000039400000000000000000000000000000000006000000000000F03F0B0B110D05706F696E740CFFFFFFFF04FFFFFFFF0CFFFFFFFF13520F370C37C538C0986035AF8B0B0BC00000000000001440110D04656467650CFFFFFFFF04FFFFFFFF0CFFFFFFFF0CF70300000600000000000000000C95030000060B5B1CBBF2
310
DEEE3F0CF80300000CF90300000B0707756E6B6E6F776E110D05706F696E740CFFFFFFFF04FFFFFFFF0CFFFFFFFF13AAE9F31182AB35C002D9047CD69529C00000000000000000110E0D4154545249425F435553544F4D0D066174747269620CFFFFFFFF04FFFFFFFF0CFFFFFFFF0CFFFFFFFF0C960300000711736B657463
310
685F6174747269625F646566040100000004010000000403000000070D31353220302030203020312032110D06636F656467650CFFFFFFFF04FFFFFFFF0CFFFFFFFF0CCE0300000C960300000CFA0300000CFB0300000B0CCC03000004000000000CFC030000110D046C6F6F700CFFFFFFFF04FFFFFFFF0CFFFFFFFF0CFFFF
310
FFFF0C960300000CFD030000110D067063757276650CFFFFFFFF04FFFFFFFF0CFFFFFFFF04000000000B0F0D0B6578705F7061725F6375720D046E756273040100000015000000000402000000060000000000000000040100000006C6D12C4ABCADEF3F04010000000600000000000000000600000000000000000602F82D
310
4ABCADEF3F0600000000000000000600000000000000000D0673706C696E650B0F0D0B63796C5F73706C5F737572043C5A00000D08696E7463757276650B0F0D0372656604A4000000100A0600000000000000000A06C6D12C4ABCADEF3F1400000000000000000000000000000000000000000000244013B813A51F24B03A
310
C032D822F7D51933C0000000000000000015020000000A0600000000000000000A06C6D12C4ABCADEF3F0A0600000000000000000A06000000000000E03F15000000001500000000150000000015000000000400000000040000000004000000000400000000040000000004000000000B100B0B0B0B100600000000000000
310
00060000000000000000110D06636F656467650CFFFFFFFF04FFFFFFFF0CFFFFFFFF0C980300000CCB0300000CD60300000CB80300000A0CCC03000004000000000CFE030000110D067063757276650CFFFFFFFF04FFFFFFFF0CFFFFFFFF04000000000B0F0D0B6578705F7061725F6375720D046E75627304010000001500
310
000000040200000006000000000000E0BF0401000000060000000000000080040100000006000000000000000006000000000000E03F0600000000000000000600000000000000000600000000000000000D0673706C696E650B0F0D0372656604AD000000100B0B0B0B10060000000000000000060000000000000000110E
310
0873747261696768740D0563757276650CFFFFFFFF04FFFFFFFF0CFFFFFFFF13EC2F37D10C5241C0FEFFFFFFFFFF33C00000000000000000140000000000000000000000000000000000000000000024400A0600000000000000000A06000000000000E03F110E0D4154545249425F435553544F4D0D066174747269620CFF
310
FFFFFF04FFFFFFFF0CFFFFFFFF0CFFFFFFFF0C9C0300000711736B657463685F6174747269625F646566040100000004010000000403000000070D31353220302030203020312032110D06636F656467650CFF03000004FFFFFFFF0CFFFFFFFF0C9C0300000C000400000C010400000C020400000A0C480000000400000000
310
0CFFFFFFFF110E0D4154545249425F435553544F4D0D066174747269620CFFFFFFFF04FFFFFFFF0CFFFFFFFF0CFFFFFFFF0C9D030000071667656E657269635F7461675F6174747269625F6465660403000000040300000004FFFFFFFF071767656E657269635F7461675F6174747269625F64656620040100000004020000
310
000702323004000000000401000000042D0100000400000000110D04666163650C0304000004FFFFFFFF0CFFFFFFFF0CBF0300000CA10300000C060000000CFFFFFFFF0C040400000B0B110E0673706C696E650D07737572666163650CFFFFFFFF04FFFFFFFF0CFFFFFFFF0B0F0D037265660498000000100B0B0B0B110D06
310
636F656467650CFFFFFFFF04FFFFFFFF0CFFFFFFFF0C050400000C9E0300000CCE0300000CB80300000B0C7C00000004000000000CFFFFFFFF110D067063757276650CFFFFFFFF04FFFFFFFF0CFFFFFFFF04000000000B0F0D0B6578705F7061725F6375720D046E75627304010000001500000000040200000006FCF72D4A
310
BCADEF3F040100000006000000000000F03F040100000006381E2F4ABCADEFBF06000000000000E03F06000000000000F0BF06000000000000E03F0600000000000000000D0673706C696E650B0F0D0372656604A8000000100B0B0B0B10060000000000000000060000000000000000110E0D4154545249425F435553544F
310
4D0D066174747269620CFFFFFFFF04FFFFFFFF0CFFFFFFFF0CFFFFFFFF0CA4030000071667656E657269635F7461675F6174747269625F6465660403000000040300000004FFFFFFFF071767656E657269635F7461675F6174747269625F64656620040100000004020000000702373204000000000401000000042D010000
310
0400000000110D04666163650C0604000004FFFFFFFF0CFFFFFFFF0C070400000C080400000C060000000CFFFFFFFF0C090400000B0B110D046C6F6F700CFFFFFFFF04FFFFFFFF0CFFFFFFFF0CFFFFFFFF0C0A0400000CA4030000110E0673706C696E650D07737572666163650CFFFFFFFF04FFFFFFFF0CFFFFFFFF0B0F0D
310
0B63796C5F73706C5F737572043C5A00000D08696E7463757276650B0F0D03726566048F000000100A06105B1CBBF2DEEE3F0A06000000000000F03F14000000000000000000000000000000000000000000002440130CE4403C29DD28409232BD0ED4093D40000000000000000015020000000A06105B1CBBF2DEEE3F0A06
310
000000000000F03F0A0600000000000000000A06000000000000E03F15000000001500000000150000000015000000000400000000040000000004000000000400000000040000000004000000000B100B0B0B0B110D06636F656467650C0B04000004FFFFFFFF0CFFFFFFFF0C0C0400000C0D0400000C0E0400000C0F0400
310
000B0CA503000004000000000CFFFFFFFF110E0D4154545249425F435553544F4D0D066174747269620CFFFFFFFF04FFFFFFFF0CFFFFFFFF0CFFFFFFFF0CA70300000711736B657463685F6174747269625F646566040100000004010000000403000000070D32323220302031203020322032110D06636F656467650CFFFF
310
FFFF04FFFFFFFF0CFFFFFFFF0C100400000CA70300000C110400000CE50300000B0C6A03000004000000000C12040000110D06636F656467650CFFFFFFFF04FFFFFFFF0CFFFFFFFF0CA70300000C100400000C0C0400000C130400000A0C6A03000004000000000C14040000110D06636F656467650C1504000004FFFFFFFF
310
0CFFFFFFFF0C0E0400000CAB0300000CA70300000CE10300000B0C4800000004000000000CFFFFFFFF110D04656467650CFFFFFFFF04FFFFFFFF0CFFFFFFFF0CE803000006F7F72D4ABCADEF3F0C1604000006000000000000F03F0CA70300000C170400000B0707756E6B6E6F776E110D067063757276650CFFFFFFFF04FF
310
FFFFFF0CFFFFFFFF04000000000B0F0D0B6578705F7061725F6375720D046E75627304010000001500000000040200000006000000000000F0BF040100000006F7F72D4ABCADEFBF040100000006000000000000F0BF06000000000000000006321E2F4ABCADEFBF0600000000000000000600000000000000000D0673706C
310
696E650B0F0D03726566049A000000100B0B0B0B10060000000000000000060000000000000000110D06636F656467650CFFFFFFFF04FFFFFFFF0CFFFFFFFF0CAA0300000CA90300000CB50300000CED0300000A0C3203000004000000000C18040000110D067063757276650CFFFFFFFF04FFFFFFFF0CFFFFFFFF04000000
310
000B0F0D0B6578705F7061725F6375720D046E756273040100000015000000000402000000060000000000000000040100000006000000000000E03F040100000006000000000000008006000000000000000006000000000000008006000000000000E03F0600000000000000000D0673706C696E650B0F0D03726566048E
310
000000100B0B0B0B10060000000000000000060000000000000000110D04656467650CFFFFFFFF04FFFFFFFF0CFFFFFFFF0CE80300000600000000000000000C1904000006000000000000E03F0C1A0400000C1B0400000B0707756E6B6E6F776E110D067063757276650CFFFFFFFF04FFFFFFFF0CFFFFFFFF04000000000B
310
0F0D0B6578705F7061725F6375720D046E75627304010000001500000000040200000006000000000000E0BF0401000000060000000000000080040100000006FF5A1CBBF2DEEEBF06000000000000E03F06FF5A1CBBF2DEEEBF0600000000000000000600000000000000000D0673706C696E650B0F0D03726566048E0000
310
00100B0B0B0B10060000000000000000060000000000000000110E0D4154545249425F435553544F4D0D066174747269620CFFFFFFFF04FFFFFFFF0CFFFFFFFF0CFFFFFFFF0CAB0300000711736B657463685F6174747269625F646566040100000004010000000403000000070D32333220302031203020312032110D0676
310
65727465780CFFFFFFFF04FFFFFFFF0CFFFFFFFF0CAC03000004010000000C1C040000110E08696E7463757276650D0563757276650CFFFFFFFF04FFFFFFFF0CFFFFFFFF0B0F0D03726566048F000000100A0600000000000000000A06FF5A1CBBF2DEEE3F110E0873747261696768740D0563757276650CFFFFFFFF04FFFF
310
FFFF0CFFFFFFFF13028FAC91925C2B40305C73E939CB42400000000000000000140000000000000000000000000000000000000000000024400A0600000000000000000A06000000000000E03F110D05706F696E740CFFFFFFFF04FFFFFFFF0CFFFFFFFF13028FAC91925C2B40305C73E939CB42400000000000000000110D
310
06636F656467650CFFFFFFFF04FFFFFFFF0CFFFFFFFF0CB50300000C1D0400000C100400000C1E0400000B0C7C00000004000000000CFFFFFFFF110D04656467650CFFFFFFFF04FFFFFFFF0CFFFFFFFF0C1904000006FF5A1CBBF2DEEEBF0CB60300000600000000000000800CE30300000C1F0400000B0707756E6B6E6F77
310
6E110D05706F696E740CFFFFFFFF04FFFFFFFF0CFFFFFFFF13028FAC91925C2B40305C73E939CB42400000000000001440110D067665727465780CFFFFFFFF04FFFFFFFF0CFFFFFFFF0C2004000004000000000C21040000110E08696E7463757276650D0563757276650CFFFFFFFF04FFFFFFFF0CFFFFFFFF0B0F0D0D6578
310
6163745F696E745F637572043C5A000015000000000D056E7572627304050000001500000000040B0000000600000000000000000405000000069A9999999999B93F0401000000069A9999999999C93F040100000006343333333333D33F0401000000069A9999999999D93F040100000006000000000000E03F0401000000
310
06333333333333E33F040100000006666666666666E63F040100000006999999999999E93F040100000006CCCCCCCCCCCCEC3F040100000006000000000000F03F040500000006EC2F37D10C5241C006FEFFFFFFFFFF33C006000000000000144006000000000000F03F06E7396359EC1341C006BE1480A0864A34C0060000
310
00000000144006000000000000F03F065861887D359A40C006684A2036A5D534C006000000000000144006000000000000F03F06010D08CC82D63FC00642962E38878835C006000000000000144006000000000000F03F06A432F49FF1223EC0068677E1F7753A36C006000000000000144006000000000000F03F06CACC37
310
4895393CC006D882DF7B1FAD36C006000000000000144006000000000000F03F067B99EBE31E8C3AC0068B2068E6A4AA36C006000000000000144006000000000000F03F06423C9684401F39C0063ED90C5FD72936C006000000000000144006000000000000F03F0672FC5F342FF537C006D04B49DE652635C00600000000
310
0000144006000000000000F03F066E9B3F39DD0A37C0063A68253049A633C006000000000000144006000000000000F03F06FF01F5034F5B36C006381D70E63FB331C006000000000000144006000000000000F03F06A543C2CEEEF935C006526C79E6959F2FC006000000000000144006000000000000F03F060084880F93
310
C735C006676ACA7EB7712CC006000000000000144006000000000000F03F06E1514C18EAAF35C0069A090A175E2C2AC006000000000000144006000000000000F03F06E7FB840590A635C006FEFFFFFFFFFF28C006000000000000144006000000000000F03F0600000000000000000D0C6E756C6C5F737572666163650D0C
310
6E756C6C5F737572666163650D066E756C6C62730D066E756C6C62730B0B04000000000400000000040000000004000000000A06000000000000F03F0A06000000000000000015000000001500000000100A0600000000000000000A06C6D12C4ABCADEF3F110D067063757276650CFFFFFFFF04FFFFFFFF0CFFFFFFFF0400
310
0000000B0F0D0B6578705F7061725F6375720D046E75627304010000001500000000040200000006000000000000E0BF0401000000060000000000000080040100000006000000000000F0BF06000000000000E03F06000000000000F0BF0600000000000000000600000000000000000D0673706C696E650B0F0D03726566
310
04A8000000100B0B0B0B10060000000000000000060000000000000000110E0873747261696768740D0563757276650CFFFFFFFF04FFFFFFFF0CFFFFFFFF13F3DDC405C59E38C042F278B2645D11C00000000000000000140000000000000000000000000000000000000000000024400A0600000000000000000A06000000
310
000000E03F110E0D4154545249425F435553544F4D0D066174747269620CFFFFFFFF04FFFFFFFF0CFFFFFFFF0CFFFFFFFF0CBF030000071667656E657269635F7461675F6174747269625F6465660403000000040300000004FFFFFFFF071767656E657269635F7461675F6174747269625F64656620040100000004020000
310
000702313804000000000401000000042D0100000400000000110E04636F6E650D07737572666163650CFFFFFFFF04FFFFFFFF0CFFFFFFFF130000000000000000000000000000000000000000000000001400000000000000000000000000000000000000000000F03F140000000000003940000000000000000000000000
310
0000000006000000000000F03F0B0B06000000000000000006000000000000F03F0600000000000039400B0B0B0B0B110E08696E7463757276650D0563757276650CFFFFFFFF04FFFFFFFF0CFFFFFFFF0A0F0D03726566048A000000100A06000000000000F0BF0A06FCF72D4ABCADEFBF110D05706F696E740CFFFFFFFF04
310
FFFFFFFF0CFFFFFFFF13F3DDC405C59E38C042F278B2645D11C00000000000001440110D067665727465780CFFFFFFFF04FFFFFFFF0CFFFFFFFF0C2204000004000000000C23040000110D06636F656467650C2404000004FFFFFFFF0CFFFFFFFF0C250400000CFA0300000C260400000CC80300000A0C2704000004000000
310
000C28040000110E08696E7463757276650D0563757276650CFFFFFFFF04FFFFFFFF0CFFFFFFFF0B0F0D0D65786163745F696E745F637572043C5A000015000000000D056E7572627304050000001500000000040B0000000600000000000000000405000000069A9999999999B93F0401000000069A9999999999C93F0401
310
00000006343333333333D33F0401000000069A9999999999D93F040100000006000000000000E03F040100000006333333333333E33F040100000006666666666666E63F040100000006999999999999E93F040100000006CCCCCCCCCCCCEC3F040100000006000000000000F03F040500000006A61BCB2625B639C0064424
310
838B4BA43EC006000000000000000006000000000000F03F0692065C74154439C006C4FF9B9B99913EC006000000000000000006000000000000F03F065C22E60DF66838C006A23DE722D2643EC006000000000000000006000000000000F03F06E3AA8C18473B37C0062E4D62017C0B3EC006000000000000000006000000
310
000000F03F06089B2CD4EADF35C00679E18C0D4F673DC006000000000000000006000000000000F03F06001D8CC6B08E34C006D15CE41B794A3CC006000000000000000006000000000000F03F0665CC0693C5A433C0065E9CAD16D2D83AC006000000000000000006000000000000F03F06FA14D0E25E2633C006AD1A3E39
310
E50E39C006000000000000000006000000000000F03F06F0B804C08C0F33C00692BABF0EEEEF36C006000000000000000006000000000000F03F066FD27A554E5733C006F9046AE0508334C006000000000000000006000000000000F03F0684F8F357E7F333C0068E91B1DF0BD131C0060000000000000000060000000000
310
00F03F0639B50AEF68AE34C0060FBBD0C11FED2EC006000000000000000006000000000000F03F062E8CB06B575A35C006C63C478AC4302BC006000000000000000006000000000000F03F06BA4D2971F9DA35C0067A26546F309C28C006000000000000000006000000000000F03F06D20A1041CB1E36C0067619EBD1254C
310
27C006000000000000000006000000000000F03F0600000000000000000D0C6E756C6C5F737572666163650D0C6E756C6C5F737572666163650D066E756C6C62730D066E756C6C62730B0B04000000000400000000040000000004000000000A06000000000000F03F0A06000000000000000015000000001500000000100A
310
0600000000000000000A060B5B1CBBF2DEEE3F110D06636F656467650CFFFFFFFF04FFFFFFFF0CFFFFFFFF0CF80300000C290400000C2A0400000CFB0300000A0C2704000004000000000C2B040000110D04656467650CFFFFFFFF04FFFFFFFF0CFFFFFFFF0C950300000600000000000000000CEF03000006000000000000
310
E03F0CCB0300000C2C0400000B0707756E6B6E6F776E110D067063757276650CFFFFFFFF04FFFFFFFF0CFFFFFFFF04000000000B0F0D0B6578705F7061725F6375720D046E756273040100000015000000000402000000060000000000000000040100000006000000000000E03F040100000006C6D12C4ABCADEF3F060000
310
00000000000006C6D12C4ABCADEF3F06000000000000E03F0600000000000000000D0673706C696E650B0F0D0372656604AD000000100B0B0B0B10060000000000000000060000000000000000110D04666163650C2D04000004FFFFFFFF0CFFFFFFFF0C9D0300000CCC0300000C060000000CFFFFFFFF0C2E0400000B0B11
310
0D067063757276650CFFFFFFFF04FFFFFFFF0CFFFFFFFF04000000000B0F0D0B6578705F7061725F6375720D046E75627304010000001500000000040200000006C6D12C4ABCADEFBF040100000006000000000000008004010000000602F82D4ABCADEF3F06000000000000E03F06000000000000000006000000000000E0
310
3F0600000000000000000D0673706C696E650B0F0D0372656604AD000000100B0B0B0B10060000000000000000060000000000000000110E0D4154545249425F435553544F4D0D066174747269620CFFFFFFFF04FFFFFFFF0CFFFFFFFF0CFFFFFFFF0CD20300000711736B657463685F6174747269625F6465660401000000
310
04010000000403000000070D31363220302030203020322032110D06636F656467650C2F04000004FFFFFFFF0CFFFFFFFF0CD20300000C300400000C310400000C320400000A0C4800000004000000000CFFFFFFFF110D06636F656467650C3304000004FFFFFFFF0CFFFFFFFF0C340400000C350400000CD20300000C0204
310
00000B0C3604000004000000000C37040000110D04656467650CFFFFFFFF04FFFFFFFF0CFFFFFFFF0C95030000061C5B1CBBF2DEEE3F0C3804000006000000000000F03F0C010400000C390400000B0707756E6B6E6F776E110E0D4154545249425F435553544F4D0D066174747269620CFFFFFFFF04FFFFFFFF0CFFFFFFFF
310
0CFFFFFFFF0CD4030000071667656E657269635F7461675F6174747269625F6465660403000000040300000004FFFFFFFF071767656E657269635F7461675F6174747269625F64656620040100000004020000000702313904000000000401000000042D0100000400000000110E0673706C696E650D07737572666163650C
310
FFFFFFFF04FFFFFFFF0CFFFFFFFF0B0F0D0372656604A8000000100B0B0B0B110D06636F656467650CFFFFFFFF04FFFFFFFF0CFFFFFFFF0C3A0400000CD60300000C3B0400000C3C0400000B0C7C00000004000000000CFFFFFFFF110E0D4154545249425F435553544F4D0D066174747269620CFFFFFFFF04FFFFFFFF0CFF
310
FFFFFF0CFFFFFFFF0CD9030000071667656E657269635F7461675F6174747269625F6465660403000000040300000004FFFFFFFF071767656E657269635F7461675F6174747269625F64656620040100000004020000000702373104000000000401000000042D0100000400000000110D04666163650C3D04000004FFFFFF
310
FF0CFFFFFFFF0C3E0400000C3F0400000C060000000CFFFFFFFF0C400400000B0B110D046C6F6F700CFFFFFFFF04FFFFFFFF0CFFFFFFFF0CFFFFFFFF0C410400000CD9030000110E0673706C696E650D07737572666163650CFFFFFFFF04FFFFFFFF0CFFFFFFFF0B0F0D0B63796C5F73706C5F737572043C5A00000D08696E
310
7463757276650B0F0D03726566049B000000100A0600000000000000000A06BBD12C4ABCADEF3F1400000000000000000000000000000000000000000000244013976AA7B3B08B3240CE340929AC133B40000000000000000015020000000A0600000000000000000A06BBD12C4ABCADEF3F0A0600000000000000000A0600
310
0000000000E03F15000000001500000000150000000015000000000400000000040000000004000000000400000000040000000004000000000B100B0B0B0B110D06636F656467650C4204000004FFFFFFFF0CFFFFFFFF0C430400000C110400000C440400000C450400000B0CDA03000004000000000C46040000110E0D41
310
54545249425F435553544F4D0D066174747269620CFFFFFFFF04FFFFFFFF0CFFFFFFFF0CFFFFFFFF0CDC0300000711736B657463685F6174747269625F646566040100000004010000000403000000070E3130372030203020302036203336110D06636F656467650CFFFFFFFF04FFFFFFFF0CFFFFFFFF0C470400000CDC03
310
00000CDF0300000C130400000B0CA503000004000000000CFFFFFFFF110D06636F656467650CFFFFFFFF04FFFFFFFF0CFFFFFFFF0CDC0300000C470400000C430400000C480400000A0CA503000004000000000CFFFFFFFF110D06636F656467650C4904000004FFFFFFFF0CFFFFFFFF0C440400000CE00300000CDC030000
310
0C0F0400000A0C4800000004000000000CFFFFFFFF110D04656467650CFFFFFFFF04FFFFFFFF0CFFFFFFFF0C4A0400000659363D3144AEEA3F0C1604000006A615A15DDEECEB3F0CDC0300000C4B0400000B0707756E6B6E6F776E110D06636F656467650CFFFFFFFF04FFFFFFFF0CFFFFFFFF0CDF0300000CDE0300000CEC
310
0300000C1E0400000A0C6A03000004000000000C4C040000110D06636F656467650CFFFFFFFF04FFFFFFFF0CFFFFFFFF0C0A0400000C4D0400000C1A0400000CE50300000A0CDA03000004000000000C4E040000110D067063757276650CFFFFFFFF04FFFFFFFF0CFFFFFFFF04000000000B0F0D0B6578705F7061725F6375
310
720D046E756273040100000015000000000402000000060000000000000000040100000006000000000000E03F040100000006F7F72D4ABCADEFBF06000000000000000006F7F72D4ABCADEFBF06000000000000E03F0600000000000000000D0673706C696E650B0F0D03726566049A000000100B0B0B0B10060000000000
310
000000060000000000000000110D04656467650CFFFFFFFF04FFFFFFFF0CFFFFFFFF0C160400000600000000000000000C4F04000006000000000000E03F0C0C0400000C500400000B0707756E6B6E6F776E110D067063757276650CFFFFFFFF04FFFFFFFF0CFFFFFFFF04000000000B0F0D0B6578705F7061725F6375720D
310
046E75627304010000001500000000040200000006000000000000E0BF0401000000060000000000000080040100000006000000000000F0BF06000000000000E03F06000000000000F0BF0600000000000000000600000000000000000D0673706C696E650B0F0D03726566049A000000100B0B0B0B100600000000000000
310
00060000000000000000110E0D4154545249425F435553544F4D0D066174747269620CFFFFFFFF04FFFFFFFF0CFFFFFFFF0CFFFFFFFF0CE00300000711736B657463685F6174747269625F646566040100000004010000000403000000070D32323220302031203020322032110D067665727465780CFFFFFFFF04FFFFFFFF
310
0CFFFFFFFF0CE103000004010000000C51040000110E08696E7463757276650D0563757276650CFFFFFFFF04FFFFFFFF0CFFFFFFFF0B0F0D03726566049B000000100A06BBD12C4ABCADEF3F0A06000000000000F03F110D067063757276650CFFFFFFFF04FFFFFFFF0CFFFFFFFF04000000000B0F0D0B6578705F7061725F
310
6375720D046E756273040100000015000000000402000000060000000000000000040100000006FF5A1CBBF2DEEE3F040100000006000000000000008006000000000000E03F06105B1CBBF2DEEEBF06000000000000E03F0600000000000000000D0673706C696E650B0F0D03726566048E000000100B0B0B0B1006000000
310
0000000000060000000000000000110D067665727465780CFFFFFFFF04FFFFFFFF0CFFFFFFFF0CED03000004000000000C52040000110D06636F656467650CFFFFFFFF04FFFFFFFF0CFFFFFFFF0C530400000C410400000CAA0300000CE50300000B0C0804000004000000000C54040000110E0873747261696768740D0563
310
757276650CFFFFFFFF04FFFFFFFF0CFFFFFFFF134CBF4375BAF92F407CC175D2C66E33400000000000000000140000000000000000000000000000000000000000000024400A0600000000000000000A06000000000000E03F110D05706F696E740CFFFFFFFF04FFFFFFFF0CFFFFFFFF134CBF4375BAF92F407CC175D2C66E
310
33400000000000000000110D06636F656467650CFFFFFFFF04FFFFFFFF0CFFFFFFFF0CEC0300000C550400000C470400000C560400000B0C7C00000004000000000CFFFFFFFF110D04656467650CFFFFFFFF04FFFFFFFF0CFFFFFFFF0C4F04000006000000000000F0BF0C1904000006F7F72D4ABCADEFBF0C100400000C57
310
0400000B0707756E6B6E6F776E110E08696E7463757276650D0563757276650CFFFFFFFF04FFFFFFFF0CFFFFFFFF0A0F0D0D65786163745F696E745F637572043C5A000015000000000D056E7572627304050000001500000000040B0000000600000000000000000405000000069A9999999999B93F0401000000069A9999
310
999999C93F040100000006343333333333D33F0401000000069A9999999999D93F040100000006000000000000E03F040100000006333333333333E33F040100000006666666666666E63F040100000006999999999999E93F040100000006CCCCCCCCCCCCEC3F040100000006000000000000F03F040500000006028FAC91
310
925C2B4006305C73E939CB424006000000000000144006000000000000F03F064050FCDCFE922A400629DA92D0EFAE424006000000000000144006000000000000F03F067488E478CF15294006362CD5DD6C74424006000000000000144006000000000000F03F06682CFAD6F01B2740069D37EE25DC164240060000000000
310
00144006000000000000F03F06A8A09A616BFF244006181DFC0D528E414006000000000000144006000000000000F03F065838BEC37A482340066CB1E384D2CE404006000000000000144006000000000000F03F06FBAD1B97B68D2240061C5EA1B447F23F4006000000000000144006000000000000F03F06A14E566A65D9
310
224006EC8A7248BD183E4006000000000000144006000000000000F03F06F2FF19D2EA21244006FAC90CAAB6123C4006000000000000144006000000000000F03F06C857E6BC4C512640064EF1A4B711E4394006000000000000144006000000000000F03F064A090882C74F2940066EE6F9D1FC9037400600000000000014
310
4006000000000000F03F06584AF97F6B4A2C4006862DE358A09A354006000000000000144006000000000000F03F06EF134F84A3D42E40065CF315061714344006000000000000144006000000000000F03F06E748B30B2954304006209961EFB609334006000000000000144006000000000000F03F06FAD0E13A5BCD3040
310
0669E0A8BC0583324006000000000000144006000000000000F03F0600000000000000000D0C6E756C6C5F737572666163650D0C6E756C6C5F737572666163650D066E756C6C62730D066E756C6C62730B0B04000000000400000000040000000004000000000A06000000000000F03F0A0600000000000000001500000000
310
1500000000100A06FF5A1CBBF2DEEEBF0A060000000000000080110D04656467650CFFFFFFFF04FFFFFFFF0CFFFFFFFF0CEF030000060B5B1CBBF2DEEEBF0C580400000600000000000000800C290400000C590400000B0707756E6B6E6F776E110D05706F696E740CFFFFFFFF04FFFFFFFF0CFFFFFFFF13AAE9F31182AB35
310
C002D9047CD69529C00000000000001440110D04656467650CFFFFFFFF04FFFFFFFF0CFFFFFFFF0CF70300000600000000000000000C5A04000006C7D12C4ABCADEF3F0C5B0400000C5C0400000B0707756E6B6E6F776E110D05706F696E740CFFFFFFFF04FFFFFFFF0CFFFFFFFF13A61BCB2625B639C04424838B4BA43EC0
310
0000000000000000110E0D4154545249425F435553544F4D0D066174747269620CFFFFFFFF04FFFFFFFF0CFFFFFFFF0CFFFFFFFF0CF80300000711736B657463685F6174747269625F646566040100000004010000000403000000070D31363220302031203020312032110D06636F656467650CFFFFFFFF04FFFFFFFF0CFF
310
FFFFFF0C290400000CF80300000C5D0400000C5E0400000B0C2704000004000000000C5F040000110D06636F656467650C6004000004FFFFFFFF0CFFFFFFFF0C300400000C610400000CF80300000CC80300000B0C4800000004000000000CFFFFFFFF110D046C6F6F700CFFFFFFFF04FFFFFFFF0CFFFFFFFF0CFFFFFFFF0C
310
F80300000C62040000110D067063757276650CFFFFFFFF04FFFFFFFF0CFFFFFFFF04000000000B0F0D0B6578705F7061725F6375720D046E756273040100000015000000000402000000060B5B1CBBF2DEEEBF04010000000600000000000000800401000000061C5B1CBBF2DEEEBF06000000000000000006000000000000
310
00800600000000000000000600000000000000000D0673706C696E650B0F0D0B63796C5F73706C5F737572043C5A00000D08696E7463757276650A0F0D0372656604B6000000100A060B5B1CBBF2DEEEBF0A06000000000000008014000000000000000000000000000000000000000000002440137360B49E2A9D35C0015F
310
49CA010937C0000000000000000015020000000A060B5B1CBBF2DEEEBF0A0600000000000000800A0600000000000000000A06000000000000E03F15000000001500000000150000000015000000000400000000040000000004000000000400000000040000000004000000000B100B0B0B0B100600000000000000000600
310
00000000000000110D06636F656467650CFFFFFFFF04FFFFFFFF0CFFFFFFFF0CFA0300000C250400000C630400000C200400000A0C2704000004000000000C64040000110D06636F656467650CFFFFFFFF04FFFFFFFF0CFFFFFFFF0C650400000C660400000C350400000CFB0300000B0C6704000004000000000C68040000
310
110D067063757276650CFFFFFFFF04FFFFFFFF0CFFFFFFFF04000000000B0F0D0B6578705F7061725F6375720D046E75627304010000001500000000040200000006000000000000E0BF04010000000600000000000000800401000000060B5B1CBBF2DEEEBF06000000000000E03F060B5B1CBBF2DEEEBF06000000000000
310
00000600000000000000000D0673706C696E650B0F0D0372656604BF000000100B0B0B0B10060000000000000000060000000000000000110E0873747261696768740D0563757276650CFFFFFFFF04FFFFFFFF0CFFFFFFFF13AAE9F31182AB35C002D9047CD69529C000000000000000001400000000000000000000000000
310
00000000000000000024400A0600000000000000000A06000000000000E03F110E0D4154545249425F435553544F4D0D066174747269620CFFFFFFFF04FFFFFFFF0CFFFFFFFF0CFFFFFFFF0CFD030000071667656E657269635F7461675F6174747269625F6465660403000000040300000004FFFFFFFF071767656E657269
310
635F7461675F6174747269625F64656620040100000004020000000702323104000000000401000000042D0100000400000000110E0673706C696E650D07737572666163650CFFFFFFFF04FFFFFFFF0CFFFFFFFF0B0F0D0372656604AD000000100B0B0B0B110E0D4154545249425F435553544F4D0D066174747269620CFF
310
FFFFFF04FFFFFFFF0CFFFFFFFF0CFFFFFFFF0C000400000711736B657463685F6174747269625F646566040100000004010000000403000000070F313037203020302030203232203336110D06636F656467650C6904000004FFFFFFFF0CFFFFFFFF0C000400000C260400000C660400000C6A0400000B0C48000000040000
310
00000CFFFFFFFF110D06636F656467650C6B04000004FFFFFFFF0CFFFFFFFF0C6C0400000C6D0400000C000400000C320400000B0C6E04000004000000000CFFFFFFFF110D04656467650CFFFFFFFF04FFFFFFFF0CFFFFFFFF0C380400000612C851514D4105C00C6F040000063FD038C6A6F104C00C310400000C70040000
310
0B0707756E6B6E6F776E110E0D4154545249425F435553544F4D0D066174747269620CFFFFFFFF04FFFFFFFF0CFFFFFFFF0CFFFFFFFF0C010400000711736B657463685F6174747269625F646566040100000004010000000403000000070D31363220302030203020322032110D06636F656467650CFFFFFFFF04FFFFFFFF
310
0CFFFFFFFF0C3B0400000C010400000C6D0400000C710400000B0C3604000004000000000C72040000110D06636F656467650CFFFFFFFF04FFFFFFFF0CFFFFFFFF0C010400000C3B0400000CCB0300000CFB0300000A0C3604000004000000000C73040000110D046C6F6F700CFFFFFFFF04FFFFFFFF0CFFFFFFFF0CFFFFFF
310
FF0C010400000C74040000110D067063757276650CFFFFFFFF04FFFFFFFF0CFFFFFFFF04000000000B0F0D0B6578705F7061725F6375720D046E756273040100000015000000000402000000061C5B1CBBF2DEEE3F040100000006000000000000F03F0401000000062D5B1CBBF2DEEE3F0600000000000000000600000000
310
0000F03F0600000000000000000600000000000000000D0673706C696E650B0F0D0B63796C5F73706C5F737572043C5A00000D08696E7463757276650B0F0D0372656604B6000000100A061C5B1CBBF2DEEE3F0A06000000000000F03F14000000000000000000000000000000000000000000002440137360B49E2A9D35C0
310
015F49CA010937C0000000000000000015020000000A061C5B1CBBF2DEEE3F0A06000000000000F03F0A0600000000000000000A06000000000000E03F15000000001500000000150000000015000000000400000000040000000004000000000400000000040000000004000000000B100B0B0B0B10060000000000000000
310
060000000000000000110D067665727465780CFFFFFFFF04FFFFFFFF0CFFFFFFFF0C3204000004000000000C75040000110E08696E7463757276650D0563757276650CFFFFFFFF04FFFFFFFF0CFFFFFFFF0B0F0D0372656604B6000000100A060B5B1CBBF2DEEE3F0A06000000000000F03F110D06636F656467650CFFFFFF
310
FF04FFFFFFFF0CFFFFFFFF0C760400000C050400000C770400000C780400000B0C7C00000004000000000CFFFFFFFF110D06636F656467650CFFFFFFFF04FFFFFFFF0CFFFFFFFF0C350400000C340400000C050400000C3C0400000A0C3604000004000000000C79040000110D04656467650CFFFFFFFF04FFFFFFFF0CFFFF
310
FFFF0CEF030000061C5B1CBBF2DEEE3F0C7A04000006000000000000F03F0C3B0400000C7B0400000B0707756E6B6E6F776E110E0D4154545249425F435553544F4D0D066174747269620CFFFFFFFF04FFFFFFFF0CFFFFFFFF0CFFFFFFFF0C07040000071667656E657269635F7461675F6174747269625F64656604030000
310
00040300000004FFFFFFFF071767656E657269635F7461675F6174747269625F64656620040100000004020000000702373004000000000401000000042D0100000400000000110D04666163650C7C04000004FFFFFFFF0CFFFFFFFF0C7D0400000C7E0400000C060000000CFFFFFFFF0C7F0400000B0B110D046C6F6F700C
310
FFFFFFFF04FFFFFFFF0CFFFFFFFF0CFFFFFFFF0C800400000C07040000110E0673706C696E650D07737572666163650CFFFFFFFF04FFFFFFFF0CFFFFFFFF0B0F0D0B63796C5F73706C5F737572043C5A00000D08696E7463757276650A0F0D0D65786163745F696E745F637572043C5A000015000000000D056E7572627304
310
050000001500000000040B0000000600000000000000000405000000069A9999999999B93F0401000000069A9999999999C93F040100000006343333333333D33F0401000000069A9999999999D93F040100000006000000000000E03F040100000006333333333333E33F040100000006666666666666E63F040100000006
310
999999999999E93F040100000006CCCCCCCCCCCCEC3F040100000006000000000000F03F040500000006A71BCB2625B63940064624838B4BA43E4006000000000000000006000000000000F03F0693065C741544394006C6FF9B9B99913E4006000000000000000006000000000000F03F065D22E60DF668384006A43DE722
310
D2643E4006000000000000000006000000000000F03F06E4AA8C18473B374006314D62017C0B3E4006000000000000000006000000000000F03F060A9B2CD4EADF3540067AE18C0D4F673D4006000000000000000006000000000000F03F06011D8CC6B08E344006D35CE41B794A3C40060000000000000000060000000000
310
00F03F0666CC0693C5A4334006619CAD16D2D83A4006000000000000000006000000000000F03F06FB14D0E25E26334006AE1A3E39E50E394006000000000000000006000000000000F03F06F2B804C08C0F33400694BABF0EEEEF364006000000000000000006000000000000F03F0670D27A554E57334006FB046AE05083
310
344006000000000000000006000000000000F03F0686F8F357E7F33340068F91B1DF0BD1314006000000000000000006000000000000F03F063AB50AEF68AE34400613BBD0C11FED2E4006000000000000000006000000000000F03F06318CB06B575A354006C93C478AC4302B4006000000000000000006000000000000F0
310
3F06BB4D2971F9DA3540067C26546F309C284006000000000000000006000000000000F03F06D40A1041CB1E3640067819EBD1254C274006000000000000000006000000000000F03F0600000000000000000D0C6E756C6C5F737572666163650D0C6E756C6C5F737572666163650D066E756C6C62730D066E756C6C62730B
310
0B04000000000400000000040000000004000000000A06000000000000F03F0A06000000000000000015000000001500000000100A06075B1CBBF2DEEEBF0A06000000000000008014000000000000000000000000000000000000000000002440137460B49E2A9D3540045F49CA0109374000000000000000001502000000
310
0A06075B1CBBF2DEEEBF0A0600000000000000800A0600000000000000000A06000000000000E03F15000000001500000000150000000015000000000400000000040000000004000000000400000000040000000004000000000B100B0B0B0B110D06636F656467650C8104000004FFFFFFFF0CFFFFFFFF0C1A0400000C82
310
0400000C830400000C840400000B0C0804000004000000000C85040000110E0D4154545249425F435553544F4D0D066174747269620CFFFFFFFF04FFFFFFFF0CFFFFFFFF0CFFFFFFFF0C0A0400000711736B657463685F6174747269625F646566040100000004010000000403000000070D32333220302030203020322032
310
110D06636F656467650CFFFFFFFF04FFFFFFFF0CFFFFFFFF0C4D0400000C0A0400000C0D0400000C480400000B0CDA03000004000000000C86040000110D06636F656467650C8704000004FFFFFFFF0CFFFFFFFF0C830400000C0E0400000C0A0400000C450400000A0C4800000004000000000CFFFFFFFF110D0465646765
310
0CFFFFFFFF04FFFFFFFF0CFFFFFFFF0CE803000006105B1CBBF2DEEE3F0C4A04000006000000000000F03F0C0A0400000C880400000B0707756E6B6E6F776E110D067063757276650CFFFFFFFF04FFFFFFFF0CFFFFFFFF04000000000B0F0D0B6578705F7061725F6375720D046E7562730401000000150000000004020000
310
0006105B1CBBF2DEEE3F040100000006000000000000F03F040100000006215B1CBBF2DEEE3F06000000000000000006000000000000F03F0600000000000000000600000000000000000D0673706C696E650B0F0D0372656604B0000000100B0B0B0B10060000000000000000060000000000000000110D06636F65646765
310
0CFFFFFFFF04FFFFFFFF0CFFFFFFFF0C0D0400000C0C0400000C1D0400000C560400000A0CA503000004000000000CFFFFFFFF110D04656467650CFFFFFFFF04FFFFFFFF0CFFFFFFFF0C4A0400000600000000000000000C8904000006000000000000E03F0C430400000C8A0400000B0707756E6B6E6F776E110E0D415454
310
5249425F435553544F4D0D066174747269620CFFFFFFFF04FFFFFFFF0CFFFFFFFF0CFFFFFFFF0C0E0400000711736B657463685F6174747269625F646566040100000004010000000403000000070E3130372030203020302036203336110D067665727465780CFFFFFFFF04FFFFFFFF0CFFFFFFFF0C0F0400000400000000
310
0C8B040000110E07656C6C697073650D0563757276650CFFFFFFFF04FFFFFFFF0CFFFFFFFF130000000000000000000000000000000000000000000000001400000000000000000000000000000000000000000000F03F1400000000000039400000000000000000000000000000000006000000000000F03F0A0659363D31
310
44AEEA3F0A06A615A15DDEECEB3F110D067063757276650CFFFFFFFF04FFFFFFFF0CFFFFFFFF04000000000B0F0D0B6578705F7061725F6375720D046E75627304010000001500000000040200000006F7F72D4ABCADEF3F040100000006000000000000F03F040100000006321E2F4ABCADEFBF06000000000000E03F0600
310
0000000000F0BF06000000000000E03F0600000000000000000D0673706C696E650B0F0D03726566049A000000100B0B0B0B10060000000000000000060000000000000000110D06636F656467650CFFFFFFFF04FFFFFFFF0CFFFFFFFF0C110400000C430400000C550400000C8C0400000A0CDA03000004000000000C8D04
310
0000110D067063757276650CFFFFFFFF04FFFFFFFF0CFFFFFFFF04000000000B0F0D0B6578705F7061725F6375720D046E75627304010000001500000000040200000006000000000000E0BF0401000000060000000000000080040100000006105B1CBBF2DEEE3F06000000000000E03F06105B1CBBF2DEEE3F0600000000
310
000000000600000000000000000D0673706C696E650B0F0D0372656604B0000000100B0B0B0B10060000000000000000060000000000000000110D067665727465780CFFFFFFFF04FFFFFFFF0CFFFFFFFF0C1E04000004000000000C8E040000110E0873747261696768740D0563757276650CFFFFFFFF04FFFFFFFF0CFFFF
310
FFFF1348F13E38D7113040ACF63137AF2633400000000000000000140000000000000000000000000000000000000000000024400A0600000000000000000A06000000000000E03F110D05706F696E740CFFFFFFFF04FFFFFFFF0CFFFFFFFF1348F13E38D7113040ACF63137AF2633400000000000000000110D05706F696E
310
740CFFFFFFFF04FFFFFFFF0CFFFFFFFF134CBF4375BAF92F407BC175D2C66E33400000000000001440110D06636F656467650CFFFFFFFF04FFFFFFFF0CFFFFFFFF0C820400000C1A0400000C8F0400000C900400000A0C0804000004000000000C91040000110D067063757276650CFFFFFFFF04FFFFFFFF0CFFFFFFFF0400
310
0000000B0F0D0B6578705F7061725F6375720D046E756273040100000015000000000402000000060000000000000000040100000006000000000000E03F040100000006BBD12C4ABCADEF3F06000000000000000006BBD12C4ABCADEF3F06000000000000E03F0600000000000000000D0673706C696E650B0F0D03726566
310
04B9000000100B0B0B0B10060000000000000000060000000000000000110D06636F656467650CFFFFFFFF04FFFFFFFF0CFFFFFFFF0C1D0400000C8F0400000C4D0400000C8C0400000B0C7C00000004000000000CFFFFFFFF110D04656467650CFFFFFFFF04FFFFFFFF0CFFFFFFFF0C890400000659363D3144AEEA3F0C4F
310
04000006A615A15DDEECEB3F0C470400000C920400000B0707756E6B6E6F776E110E08696E7463757276650D0563757276650CFFFFFFFF04FFFFFFFF0CFFFFFFFF0A0F0D0D65786163745F696E745F637572043C5A000015000000000D056E7572627304050000001500000000040B00000006000000000000000004050000
310
00069A9999999999B93F0401000000069A9999999999C93F040100000006343333333333D33F0401000000069A9999999999D93F040100000006000000000000E03F040100000006333333333333E33F040100000006666666666666E63F040100000006999999999999E93F040100000006CCCCCCCCCCCCEC3F0401000000
310
06000000000000F03F040500000006A71BCB2625B63940064624838B4BA43E4006000000000000144006000000000000F03F06A03E1541E527394006D10A044BD4BF3E4006000000000000144006000000000000F03F063B767CD990133840061AB0FA234DEF3E4006000000000000144006000000000000F03F06C8372A4C
310
948D364006940AA192B81F3F4006000000000000144006000000000000F03F06981BB86F6CB73440066EABA542F3313F4006000000000000144006000000000000F03F06957C1FB05BC4324006E840788253F63E4006000000000000144006000000000000F03F067D2996ACA431314006CCE1EBAE1C613E40060000000000
310
00144006000000000000F03F060DE59D01D5063040068D2D3DD7486B3D4006000000000000144006000000000000F03F06F2A3412EF38E2E4006A1AC60D98A113C4006000000000000144006000000000000F03F061CB09AED51DD2D40060CBCFAF073583A4006000000000000144006000000000000F03F064912E099BEE8
310
2D4006D97A99FA7747384006000000000000144006000000000000F03F062E2F6B1B717C2E400617DCFB04DD5F364006000000000000144006000000000000F03F066F5D5F9528342F4006364BFE1C3FD0344006000000000000144006000000000000F03F06384A747F86CE2F40061031FF7002B733400600000000000014
310
4006000000000000F03F0648F13E38D711304006ACF63137AF26334006000000000000144006000000000000F03F0600000000000000000D0C6E756C6C5F737572666163650D0C6E756C6C5F737572666163650D066E756C6C62730D066E756C6C62730B0B04000000000400000000040000000004000000000A0600000000
310
0000F03F0A06000000000000000015000000001500000000100A06000000000000F0BF0A06F7F72D4ABCADEFBF110D067665727465780CFFFFFFFF04FFFFFFFF0CFFFFFFFF0C9304000004000000000C94040000110E08696E7463757276650D0563757276650CFFFFFFFF04FFFFFFFF0CFFFFFFFF0A0F0D0D65786163745F
310
696E745F637572043C5A000015000000000D056E7572627304050000001500000000040B0000000600000000000000000405000000069A9999999999B93F0401000000069A9999999999C93F040100000006343333333333D33F0401000000069A9999999999D93F040100000006000000000000E03F040100000006333333
310
333333E33F040100000006666666666666E63F040100000006999999999999E93F040100000006CCCCCCCCCCCCEC3F040100000006000000000000F03F040500000006A61BCB2625B639C0064424838B4BA43EC006000000000000144006000000000000F03F0692065C74154439C006C4FF9B9B99913EC006000000000000
310
144006000000000000F03F065C22E60DF66838C006A23DE722D2643EC006000000000000144006000000000000F03F06E3AA8C18473B37C0062E4D62017C0B3EC006000000000000144006000000000000F03F06089B2CD4EADF35C00679E18C0D4F673DC006000000000000144006000000000000F03F06001D8CC6B08E34
310
C006D15CE41B794A3CC006000000000000144006000000000000F03F0665CC0693C5A433C0065E9CAD16D2D83AC006000000000000144006000000000000F03F06FA14D0E25E2633C006AD1A3E39E50E39C006000000000000144006000000000000F03F06F0B804C08C0F33C00692BABF0EEEEF36C0060000000000001440
310
06000000000000F03F066FD27A554E5733C006F9046AE0508334C006000000000000144006000000000000F03F0684F8F357E7F333C0068E91B1DF0BD131C006000000000000144006000000000000F03F0639B50AEF68AE34C0060FBBD0C11FED2EC006000000000000144006000000000000F03F062E8CB06B575A35C006
310
C63C478AC4302BC006000000000000144006000000000000F03F06BA4D2971F9DA35C0067A26546F309C28C006000000000000144006000000000000F03F06D20A1041CB1E36C0067619EBD1254C27C006000000000000144006000000000000F03F0600000000000000000D0C6E756C6C5F737572666163650D0C6E756C6C
310
5F737572666163650D066E756C6C62730D066E756C6C62730B0B04000000000400000000040000000004000000000A06000000000000F03F0A06000000000000000015000000001500000000100A060B5B1CBBF2DEEEBF0A060000000000000080110D067665727465780CFFFFFFFF04FFFFFFFF0CFFFFFFFF0C9504000004
310
010000000C96040000110D06636F656467650C9704000004FFFFFFFF0CFFFFFFFF0C980400000C5D0400000C610400000C220400000B0C9904000004000000000C9A040000110E08696E7463757276650D0563757276650CFFFFFFFF04FFFFFFFF0CFFFFFFFF0B0F0D0D65786163745F696E745F637572043C5A0000150000
310
00000D056E7572627304050000001500000000040B0000000600000000000000000405000000069A9999999999B93F0401000000069A9999999999C93F040100000006343333333333D33F0401000000069A9999999999D93F040100000006000000000000E03F040100000006333333333333E33F04010000000666666666
310
6666E63F040100000006999999999999E93F040100000006CCCCCCCCCCCCEC3F040100000006000000000000F03F040500000006A61BCB2625B639C0064424838B4BA43EC006000000000000000006000000000000F03F069F3E1541E52739C006CF0A044BD4BF3EC006000000000000000006000000000000F03F063A767C
310
D9901338C00617B0FA234DEF3EC006000000000000000006000000000000F03F06C6372A4C948D36C006900AA192B81F3FC006000000000000000006000000000000F03F06981BB86F6CB734C0066CABA542F3313FC006000000000000000006000000000000F03F06957C1FB05BC432C006E640788253F63EC00600000000
310
0000000006000000000000F03F067C2996ACA43131C006C9E1EBAE1C613EC006000000000000000006000000000000F03F060CE59D01D50630C0068A2D3DD7486B3DC006000000000000000006000000000000F03F06F1A3412EF38E2EC006A0AC60D98A113CC006000000000000000006000000000000F03F061BB09AED51
310
DD2DC0060ABCFAF073583AC006000000000000000006000000000000F03F064812E099BEE82DC006D87A99FA774738C006000000000000000006000000000000F03F062E2F6B1B717C2EC00616DCFB04DD5F36C006000000000000000006000000000000F03F066E5D5F9528342FC006354BFE1C3FD034C006000000000000
310
000006000000000000F03F06364A747F86CE2FC0060E31FF7002B733C006000000000000000006000000000000F03F0648F13E38D71130C006AAF63137AF2633C006000000000000000006000000000000F03F0600000000000000000D0C6E756C6C5F737572666163650D0C6E756C6C5F737572666163650D066E756C6C62
310
730D066E756C6C62730B0B04000000000400000000040000000004000000000A06000000000000F03F0A06000000000000000015000000001500000000100A0600000000000000000A06C7D12C4ABCADEF3F110D06636F656467650CFFFFFFFF04FFFFFFFF0CFFFFFFFF0C5B0400000C9B0400000C250400000C5E0400000A
310
0C9904000004000000000C9C040000110D04656467650CFFFFFFFF04FFFFFFFF0CFFFFFFFF0CF70300000600000000000000000C5804000006000000000000E03F0C250400000C9D0400000B0707756E6B6E6F776E110D067063757276650CFFFFFFFF04FFFFFFFF0CFFFFFFFF04000000000B0F0D0B6578705F7061725F63
310
75720D046E756273040100000015000000000402000000060000000000000000040100000006000000000000E03F040100000006000000000000008006000000000000000006000000000000008006000000000000E03F0600000000000000000D0673706C696E650B0F0D0372656604BF000000100B0B0B0B100600000000
310
00000000060000000000000000110E0D4154545249425F435553544F4D0D066174747269620CFFFFFFFF04FFFFFFFF0CFFFFFFFF0CFFFFFFFF0C260400000711736B657463685F6174747269625F646566040100000004010000000403000000070D31363220302031203020312032110D06636F656467650C9E04000004FF
310
FFFFFF0CFFFFFFFF0C260400000C9F0400000C5B0400000C220400000A0C4800000004000000000CFFFFFFFF110D04666163650CA004000004FFFFFFFF0CFFFFFFFF0CA10400000C270400000C060000000CFFFFFFFF0CA20400000B0B110D06636F656467650CFFFFFFFF04FFFFFFFF0CFFFFFFFF0CA30400000C76040000
310
0C290400000C200400000B0C7C00000004000000000CFFFFFFFF110D067063757276650CFFFFFFFF04FFFFFFFF0CFFFFFFFF04000000000B0F0D0B6578705F7061725F6375720D046E7562730401000000150000000004020000000600000000000000000401000000060B5B1CBBF2DEEE3F04010000000600000000000000
310
8006000000000000E03F061C5B1CBBF2DEEEBF06000000000000E03F0600000000000000000D0673706C696E650B0F0D0372656604BF000000100B0B0B0B10060000000000000000060000000000000000110D06636F656467650CFFFFFFFF04FFFFFFFF0CFFFFFFFF0CA40400000C2A0400000C760400000CA50400000A0C
310
6704000004000000000CA6040000110D06636F656467650CA704000004FFFFFFFF0CFFFFFFFF0C2A0400000CA40400000C300400000C6A0400000A0C6704000004000000000CA8040000110D046C6F6F700CFFFFFFFF04FFFFFFFF0CFFFFFFFF0CFFFFFFFF0C660400000CA1040000110D067063757276650CFFFFFFFF04FF
310
FFFFFF0CFFFFFFFF04000000000B0F0D0B6578705F7061725F6375720D046E756273040100000015000000000402000000060000000000000000040100000006000000000000E03F04010000000602F82D4ABCADEFBF0600000000000000000602F82D4ABCADEFBF06000000000000E03F0600000000000000000D0673706C
310
696E650B0F0D0B63796C5F73706C5F737572043C5A00000D08696E7463757276650A0F0D0372656604A4000000100A06000000000000F0BF0A0602F82D4ABCADEFBF1400000000000000000000000000000000000000000000244013B813A51F24B03AC032D822F7D51933C0000000000000000015020000000A0600000000
310
0000F0BF0A0602F82D4ABCADEFBF0A0600000000000000000A06000000000000E03F15000000001500000000150000000015000000000400000000040000000004000000000400000000040000000004000000000B100B0B0B0B10060000000000000000060000000000000000110E0D4154545249425F435553544F4D0D06
310
6174747269620CFFFFFFFF04FFFFFFFF0CFFFFFFFF0CFFFFFFFF0C300400000711736B657463685F6174747269625F646566040100000004010000000403000000070D31353220302031203020322032110D04656467650CFFFFFFFF04FFFFFFFF0CFFFFFFFF0C950300000602F82D4ABCADEF3F0C6F040000060000000000
310
00F03F0C660400000CA90400000B0707756E6B6E6F776E110E0D4154545249425F435553544F4D0D066174747269620CFFFFFFFF04FFFFFFFF0CFFFFFFFF0CFFFFFFFF0C310400000711736B657463685F6174747269625F646566040100000004010000000403000000070F313037203020302030203232203336110D0663
310
6F656467650CFFFFFFFF04FFFFFFFF0CFFFFFFFF0C770400000C310400000CA40400000CAA0400000B0C6E04000004000000000CFFFFFFFF110D06636F656467650CFFFFFFFF04FFFFFFFF0CFFFFFFFF0C310400000C770400000C340400000C710400000A0C6E04000004000000000CFFFFFFFF110D046C6F6F700CFFFFFF
310
FF04FFFFFFFF0CFFFFFFFF0CFFFFFFFF0C310400000CAB040000110D067665727465780CFFFFFFFF04FFFFFFFF0CFFFFFFFF0C6A04000004010000000CAC040000110E07656C6C697073650D0563757276650CFFFFFFFF04FFFFFFFF0CFFFFFFFF130000000000000000000000000000000000000000000000001400000000
310
000000000000000000000000000000000000F03F1400000000000039400000000000000000000000000000000006000000000000F03F0A0612C851514D4105C00A063FD038C6A6F104C0110D04656467650CFFFFFFFF04FFFFFFFF0CFFFFFFFF0C380400000600000000000000000C7A04000006000000000000E03F0C3404
310
00000CAD0400000B0707756E6B6E6F776E110D067063757276650CFFFFFFFF04FFFFFFFF0CFFFFFFFF04000000000B0F0D0B6578705F7061725F6375720D046E756273040100000015000000000402000000060000000000000000040100000006000000000000E03F040100000006000000000000F03F0600000000000000
310
0006000000000000F03F06000000000000E03F0600000000000000000D0673706C696E650B0F0D0372656604C2000000100B0B0B0B10060000000000000000060000000000000000110D067063757276650CFFFFFFFF04FFFFFFFF0CFFFFFFFF04000000000B0F0D0B6578705F7061725F6375720D046E7562730401000000
310
1500000000040200000006000000000000E0BF04010000000600000000000000800401000000061C5B1CBBF2DEEE3F06000000000000E03F061C5B1CBBF2DEEE3F0600000000000000000600000000000000000D0673706C696E650B0F0D0372656604C2000000100B0B0B0B10060000000000000000060000000000000000
310
110D04666163650CAE04000004FFFFFFFF0CFFFFFFFF0CFD0300000C360400000C060000000CFFFFFFFF0CAF0400000B0B110D05706F696E740CFFFFFFFF04FFFFFFFF0CFFFFFFFF13D20A1041CB1E36C07619EBD1254C27C00000000000000000110D06636F656467650CFFFFFFFF04FFFFFFFF0CFFFFFFFF0C630400000C
310
3A0400000C650400000CA50400000B0C7C00000004000000000CFFFFFFFF110D06636F656467650CFFFFFFFF04FFFFFFFF0CFFFFFFFF0C6D0400000C6C0400000C3A0400000C780400000A0C6E04000004000000000CFFFFFFFF110D04656467650CFFFFFFFF04FFFFFFFF0CFFFFFFFF0C7A0400000612C851514D4105C00C
310
B0040000063FD038C6A6F104C00C770400000CB10400000B0707756E6B6E6F776E110D067063757276650CFFFFFFFF04FFFFFFFF0CFFFFFFFF04000000000B0F0D0B6578705F7061725F6375720D046E75627304010000001500000000040200000006000000000000F0BF0401000000061C5B1CBBF2DEEEBF040100000006
310
000000000000F03F06000000000000E03F062D5B1CBBF2DEEE3F06000000000000E03F0600000000000000000D0673706C696E650B0F0D0372656604C2000000100B0B0B0B10060000000000000000060000000000000000110D067665727465780CFFFFFFFF04FFFFFFFF0CFFFFFFFF0C7804000004000000000CB2040000
310
110E08696E7463757276650D0563757276650CFFFFFFFF04FFFFFFFF0CFFFFFFFF0B0F0D0372656604CA000000100A061C5B1CBBF2DEEE3F0A06000000000000F03F110E0D4154545249425F435553544F4D0D066174747269620CFFFFFFFF04FFFFFFFF0CFFFFFFFF0CFFFFFFFF0C3E040000071667656E657269635F7461
310
675F6174747269625F6465660403000000040300000004FFFFFFFF071767656E657269635F7461675F6174747269625F64656620040100000004020000000702363904000000000401000000042D0100000400000000110D04666163650CB304000004FFFFFFFF0CFFFFFFFF0CB40400000CB50400000C060000000CFFFFFF
310
FF0CB60400000B0B110D046C6F6F700CFFFFFFFF04FFFFFFFF0CFFFFFFFF0CFFFFFFFF0CB70400000C3E040000110E0673706C696E650D07737572666163650CFFFFFFFF04FFFFFFFF0CFFFFFFFF0B0F0D0B63796C5F73706C5F737572043C5A00000D08696E7463757276650A0F0D0D65786163745F696E745F637572043C
310
5A000015000000000D056E7572627304050000001500000000040B0000000600000000000000000405000000069A9999999999B93F0401000000069A9999999999C93F040100000006343333333333D33F0401000000069A9999999999D93F040100000006000000000000E03F040100000006333333333333E33F04010000
310
0006666666666666E63F040100000006999999999999E93F040100000006CCCCCCCCCCCCEC3F040100000006000000000000F03F040500000006EA2F37D10C52414006010000000000344006000000000000000006000000000000F03F06E6396359EC13414006C21480A0864A344006000000000000000006000000000000
310
F03F065761887D359A4040066C4A2036A5D5344006000000000000000006000000000000F03F06FF0C08CC82D63F400646962E388788354006000000000000000006000000000000F03F06A232F49FF1223E40068A77E1F7753A364006000000000000000006000000000000F03F06C7CC374895393C4006DB82DF7B1FAD36
310
4006000000000000000006000000000000F03F067899EBE31E8C3A40068F2068E6A4AA364006000000000000000006000000000000F03F063F3C9684401F39400640D90C5FD729364006000000000000000006000000000000F03F066FFC5F342FF5374006D24B49DE6526354006000000000000000006000000000000F03F
310
066A9B3F39DD0A3740063C68253049A6334006000000000000000006000000000000F03F06FE01F5034F5B3640063A1D70E63FB3314006000000000000000006000000000000F03F06A243C2CEEEF9354006576C79E6959F2F4006000000000000000006000000000000F03F06FF83880F93C73540066C6ACA7EB7712C4006
310
000000000000000006000000000000F03F06E0514C18EAAF3540069F090A175E2C2A4006000000000000000006000000000000F03F06E4FB840590A6354006010000000000294006000000000000000006000000000000F03F0600000000000000000D0C6E756C6C5F737572666163650D0C6E756C6C5F737572666163650D
310
066E756C6C62730D066E756C6C62730B0B04000000000400000000040000000004000000000A06000000000000F03F0A06000000000000000015000000001500000000100A06000000000000F0BF0A06FEF72D4ABCADEFBF1400000000000000000000000000000000000000000000244013B713A51F24B03A4036D822F7D5
310
193340000000000000000015020000000A06000000000000F0BF0A06FEF72D4ABCADEFBF0A0600000000000000000A06000000000000E03F15000000001500000000150000000015000000000400000000040000000004000000000400000000040000000004000000000B100B0B0B0B110D06636F656467650CB804000004
310
FFFFFFFF0CFFFFFFFF0CB90400000CBA0400000CBB0400000CBC0400000A0C3F04000004000000000CBD040000110E0D4154545249425F435553544F4D0D066174747269620CFFFFFFFF04FFFFFFFF0CFFFFFFFF0CFFFFFFFF0C410400000711736B657463685F6174747269625F6465660401000000040100000004030000
310
00070D32323220302030203020312032110D06636F656467650CFFFFFFFF04FFFFFFFF0CFFFFFFFF0C410400000C530400000CB90400000CBE0400000A0C0804000004000000000CBF040000110D06636F656467650CC004000004FFFFFFFF0CFFFFFFFF0CBB0400000C440400000C410400000C840400000A0C4800000004
310
000000000CFFFFFFFF110D04656467650CFFFFFFFF04FFFFFFFF0CFFFFFFFF0CC10400000600000000000000000CE803000006BBD12C4ABCADEF3F0C410400000CC20400000B0707756E6B6E6F776E110D067063757276650CFFFFFFFF04FFFFFFFF0CFFFFFFFF04000000000B0F0D0B6578705F7061725F6375720D046E75
310
6273040100000015000000000402000000060000000000000000040100000006BBD12C4ABCADEF3F040100000006000000000000000006000000000000000006F7F72D4ABCADEF3F0600000000000000000600000000000000000D0673706C696E650B0F0D0372656604B9000000100B0B0B0B100600000000000000000600
310
00000000000000110D067063757276650CFFFFFFFF04FFFFFFFF0CFFFFFFFF04000000000B0F0D0B6578705F7061725F6375720D046E756273040100000015000000000402000000060000000000000000040100000006000000000000E03F040100000006000000000000F03F06000000000000000006000000000000F03F
310
06000000000000E03F0600000000000000000D0673706C696E650B0F0D0372656604B0000000100B0B0B0B10060000000000000000060000000000000000110E0D4154545249425F435553544F4D0D066174747269620CFFFFFFFF04FFFFFFFF0CFFFFFFFF0CFFFFFFFF0C440400000711736B657463685F6174747269625F
310
646566040100000004010000000403000000070D32333220302030203020322032110E08696E7463757276650D0563757276650CFFFFFFFF04FFFFFFFF0CFFFFFFFF0B0F0D03726566048F000000100A06FF5A1CBBF2DEEE3F0A06000000000000F03F110D067665727465780CFFFFFFFF04FFFFFFFF0CFFFFFFFF0C560400
310
0004000000000CC3040000110E0873747261696768740D0563757276650CFFFFFFFF04FFFFFFFF0CFFFFFFFF13FAD0E13A5BCD304069E0A8BC058332400000000000000000140000000000000000000000000000000000000000000024400A0600000000000000000A06000000000000E03F110D05706F696E740CFFFFFFFF
310
04FFFFFFFF0CFFFFFFFF13FAD0E13A5BCD304069E0A8BC058332400000000000000000110D04656467650CFFFFFFFF04FFFFFFFF0CFFFFFFFF0C1904000006105B1CBBF2DEEE3F0C8904000006000000000000F03F0C4D0400000CC40400000B0707756E6B6E6F776E110D067063757276650CFFFFFFFF04FFFFFFFF0CFFFF
310
FFFF04000000000B0F0D0B6578705F7061725F6375720D046E75627304010000001500000000040200000006000000000000F0BF040100000006105B1CBBF2DEEEBF040100000006000000000000F03F06000000000000E03F06215B1CBBF2DEEE3F06000000000000E03F0600000000000000000D0673706C696E650B0F0D
310
0372656604B0000000100B0B0B0B10060000000000000000060000000000000000110D05706F696E740CFFFFFFFF04FFFFFFFF0CFFFFFFFF1348F13E38D7113040ACF63137AF2633400000000000001440110D06636F656467650CFFFFFFFF04FFFFFFFF0CFFFFFFFF0C550400000CC50400000C530400000C900400000B0C
310
7C00000004000000000CFFFFFFFF110D04656467650CFFFFFFFF04FFFFFFFF0CFFFFFFFF0CC60400000600000000000000000C1904000006BBD12C4ABCADEF3F0C530400000CC70400000B0707756E6B6E6F776E110D067063757276650CFFFFFFFF04FFFFFFFF0CFFFFFFFF04000000000B0F0D0B6578705F7061725F6375
310
720D046E75627304010000001500000000040200000006BBD12C4ABCADEFBF0401000000060000000000000080040100000006F7F72D4ABCADEF3F06000000000000E03F06000000000000000006000000000000E03F0600000000000000000D0673706C696E650B0F0D0372656604B9000000100B0B0B0B10060000000000
310
000000060000000000000000110E07656C6C697073650D0563757276650CFFFFFFFF04FFFFFFFF0CFFFFFFFF130000000000000000000000000000000000000000000014401400000000000000000000000000000000000000000000F03F1400000000000039400000000000000000000000000000000006000000000000F0
310
3F0B0B110D04656467650CFFFFFFFF04FFFFFFFF0CFFFFFFFF0C580400000600000000000000000CC804000006C7D12C4ABCADEF3F0C9B0400000CC90400000B0707756E6B6E6F776E110D05706F696E740CFFFFFFFF04FFFFFFFF0CFFFFFFFF13A61BCB2625B639C04424838B4BA43EC00000000000001440110D04656467
310
650CFFFFFFFF04FFFFFFFF0CFFFFFFFF0CCA0400000600000000000000000C5A040000060E5B1CBBF2DEEE3F0CCB0400000CCC0400000B0707756E6B6E6F776E110D05706F696E740CFFFFFFFF04FFFFFFFF0CFFFFFFFF1356BF4375BAF92FC071C175D2C66E33C00000000000000000110E0D4154545249425F435553544F
310
4D0D066174747269620CFFFFFFFF04FFFFFFFF0CFFFFFFFF0CFFFFFFFF0C5B0400000711736B657463685F6174747269625F646566040100000004010000000403000000070D31353920302030203020312032110D06636F656467650CFFFFFFFF04FFFFFFFF0CFFFFFFFF0C9B0400000C5B0400000CCD0400000CCE040000
310
0B0C9904000004000000000CCF040000110D046C6F6F700CFFFFFFFF04FFFFFFFF0CFFFFFFFF0CFFFFFFFF0C5B0400000CD0040000110D067063757276650CFFFFFFFF04FFFFFFFF0CFFFFFFFF04000000000B0F0D0B6578705F7061725F6375720D046E756273040100000015000000000402000000060000000000000000
310
040100000006C7D12C4ABCADEF3F04010000000600000000000000000600000000000000000602F82D4ABCADEF3F0600000000000000000600000000000000000D0673706C696E650B0F0D0B63796C5F73706C5F737572043C5A00000D08696E7463757276650B0F0D0372656604CB000000100A0600000000000000000A06
310
C7D12C4ABCADEF3F1400000000000000000000000000000000000000000000244013966AA7B3B08B32C0CA340929AC133BC0000000000000000015020000000A0600000000000000000A06C7D12C4ABCADEF3F0A0600000000000000000A06000000000000E03F150000000015000000001500000000150000000004000000
310
00040000000004000000000400000000040000000004000000000B100B0B0B0B10060000000000000000060000000000000000110D06636F656467650CFFFFFFFF04FFFFFFFF0CFFFFFFFF0C5D0400000C980400000CA30400000C930400000A0C9904000004000000000CD1040000110D067063757276650CFFFFFFFF04FF
310
FFFFFF0CFFFFFFFF04000000000B0F0D0B6578705F7061725F6375720D046E75627304010000001500000000040200000006000000000000E0BF0401000000060000000000000080040100000006000000000000000006000000000000E03F0600000000000000000600000000000000000600000000000000000D0673706C
310
696E650B0F0D0372656604DA000000100B0B0B0B10060000000000000000060000000000000000110E0873747261696768740D0563757276650CFFFFFFFF04FFFFFFFF0CFFFFFFFF13A61BCB2625B639C04424838B4BA43EC00000000000000000140000000000000000000000000000000000000000000024400A06000000
310
00000000000A06000000000000E03F110E0D4154545249425F435553544F4D0D066174747269620CFFFFFFFF04FFFFFFFF0CFFFFFFFF0CFFFFFFFF0C610400000711736B657463685F6174747269625F646566040100000004010000000403000000070D31353920302030203020312032110D06636F656467650CD2040000
310
04FFFFFFFF0CFFFFFFFF0C610400000CD30400000CD40400000CD50400000A0C4800000004000000000CFFFFFFFF110E0D4154545249425F435553544F4D0D066174747269620CFFFFFFFF04FFFFFFFF0CFFFFFFFF0CFFFFFFFF0C62040000071667656E657269635F7461675F6174747269625F6465660403000000040300
310
000004FFFFFFFF071767656E657269635F7461675F6174747269625F64656620040100000004020000000702323504000000000401000000042D0100000400000000110D04666163650CD604000004FFFFFFFF0CFFFFFFFF0CAB0400000C670400000C060000000CFFFFFFFF0CD70400000B0B110E0673706C696E650D0773
310
7572666163650CFFFFFFFF04FFFFFFFF0CFFFFFFFF0B0F0D0372656604BF000000100B0B0B0B110D06636F656467650CFFFFFFFF04FFFFFFFF0CFFFFFFFF0CD80400000C630400000C9B0400000C930400000B0C7C00000004000000000CFFFFFFFF110D06636F656467650CFFFFFFFF04FFFFFFFF0CFFFFFFFF0C66040000
310
0C650400000C6C0400000CAA0400000A0C6704000004000000000CD9040000110D04656467650CFFFFFFFF04FFFFFFFF0CFFFFFFFF0CB004000006000000000000F0BF0CEF0300000602F82D4ABCADEFBF0C650400000CDA0400000B0707756E6B6E6F776E110D067063757276650CFFFFFFFF04FFFFFFFF0CFFFFFFFF0400
310
0000000B0F0D0B6578705F7061725F6375720D046E7562730401000000150000000004020000000602F82D4ABCADEF3F040100000006000000000000F03F0401000000063D1E2F4ABCADEFBF06000000000000E03F06000000000000F0BF06000000000000E03F0600000000000000000D0673706C696E650B0F0D03726566
310
04CF000000100B0B0B0B10060000000000000000060000000000000000110E0D4154545249425F435553544F4D0D066174747269620CFFFFFFFF04FFFFFFFF0CFFFFFFFF0CFFFFFFFF0C660400000711736B657463685F6174747269625F646566040100000004010000000403000000070D31353220302031203020322032
310
110D067063757276650CFFFFFFFF04FFFFFFFF0CFFFFFFFF04000000000B0F0D0B6578705F7061725F6375720D046E75627304010000001500000000040200000006000000000000F0BF04010000000602F82D4ABCADEFBF040100000006000000000000F0BF060000000000000000063D1E2F4ABCADEFBF06000000000000
310
00000600000000000000000D0673706C696E650B0F0D0372656604CF000000100B0B0B0B10060000000000000000060000000000000000110E08696E7463757276650D0563757276650CFFFFFFFF04FFFFFFFF0CFFFFFFFF0B0F0D0372656604A4000000100A06C6D12C4ABCADEF3F0A06000000000000F03F110D04656467
310
650CFFFFFFFF04FFFFFFFF0CFFFFFFFF0C6F0400000600000000000000000CB004000006000000000000E03F0C6C0400000CDB0400000B0707756E6B6E6F776E110D04666163650CDC04000004FFFFFFFF0CFFFFFFFF0C740400000C6E0400000C060000000CFFFFFFFF0CDD0400000B0B110D05706F696E740CFFFFFFFF04
310
FFFFFFFF0CFFFFFFFF13E7FB840590A635C0FEFFFFFFFFFF28C00000000000000000110E0873747261696768740D0563757276650CFFFFFFFF04FFFFFFFF0CFFFFFFFF13D20A1041CB1E36C07619EBD1254C27C00000000000000000140000000000000000000000000000000000000000000024400A060000000000000000
310
0A06000000000000E03F110E0D4154545249425F435553544F4D0D066174747269620CFFFFFFFF04FFFFFFFF0CFFFFFFFF0CFFFFFFFF0C74040000071667656E657269635F7461675F6174747269625F6465660403000000040300000004FFFFFFFF071767656E657269635F7461675F6174747269625F6465662004010000
310
0004020000000702323204000000000401000000042D0100000400000000110E0673706C696E650D07737572666163650CFFFFFFFF04FFFFFFFF0CFFFFFFFF0B0F0D0372656604C2000000100B0B0B0B110D067665727465780CFFFFFFFF04FFFFFFFF0CFFFFFFFF0CA504000004000000000CDE040000110E07656C6C6970
310
73650D0563757276650CFFFFFFFF04FFFFFFFF0CFFFFFFFF130000000000000000000000000000000000000000000014401400000000000000000000000000000000000000000000F03F1400000000000039400000000000000000000000000000000006000000000000F03F0B0B110D05706F696E740CFFFFFFFF04FFFFFF
310
FF0CFFFFFFFF13D20A1041CB1E36C07619EBD1254C27C00000000000001440110E0D4154545249425F435553544F4D0D066174747269620CFFFFFFFF04FFFFFFFF0CFFFFFFFF0CFFFFFFFF0C7D040000071667656E657269635F7461675F6174747269625F6465660403000000040300000004FFFFFFFF071767656E657269
310
635F7461675F6174747269625F64656620040100000004020000000702363804000000000401000000042D0100000400000000110D04666163650CDF04000004FFFFFFFF0CFFFFFFFF0CE00400000CE10400000C060000000CFFFFFFFF0CE20400000B0B110D046C6F6F700CFFFFFFFF04FFFFFFFF0CFFFFFFFF0CFFFFFFFF
310
0CE30400000C7D040000110E04636F6E650D07737572666163650CFFFFFFFF04FFFFFFFF0CFFFFFFFF130000000000000000000000000000000000000000000000001400000000000000000000000000000000000000000000F03F1400000000000039400000000000000000000000000000000006000000000000F03F0B0B
310
06000000000000000006000000000000F03F0600000000000039400B0B0B0B0B110D06636F656467650CE404000004FFFFFFFF0CFFFFFFFF0CE50400000CE60400000CE70400000CE80400000A0C7E04000004000000000CE9040000110E0D4154545249425F435553544F4D0D066174747269620CFFFFFFFF04FFFFFFFF0C
310
FFFFFFFF0CFFFFFFFF0C800400000711736B657463685F6174747269625F646566040100000004010000000403000000070D32323520302031203020312032110D06636F656467650CFFFFFFFF04FFFFFFFF0CFFFFFFFF0CEA0400000C800400000C820400000CBE0400000B0C3F04000004000000000CEB040000110D0663
310
6F656467650CFFFFFFFF04FFFFFFFF0CFFFFFFFF0C800400000CEA0400000CE50400000CEC0400000A0C3F04000004000000000CED040000110D06636F656467650CEE04000004FFFFFFFF0CFFFFFFFF0CE70400000C830400000C800400000CBC0400000B0C4800000004000000000CFFFFFFFF110D04656467650CFFFFFF
310
FF04FFFFFFFF0CFFFFFFFF0CC10400000600000000000000000CEF04000006075B1CBBF2DEEE3F0C800400000CF00400000B0707756E6B6E6F776E110D067063757276650CFFFFFFFF04FFFFFFFF0CFFFFFFFF04000000000B0F0D0B6578705F7061725F6375720D046E75627304010000001500000000040200000006075B
310
1CBBF2DEEEBF0401000000060000000000000080040100000006185B1CBBF2DEEEBF0600000000000000000600000000000000800600000000000000000600000000000000000D0673706C696E650B0F0D0372656604C3000000100B0B0B0B10060000000000000000060000000000000000110D04656467650CFFFFFFFF04
310
FFFFFFFF0CFFFFFFFF0CC10400000600000000000000000CC604000006000000000000E03F0CB90400000CF10400000B0707756E6B6E6F776E110D067063757276650CFFFFFFFF04FFFFFFFF0CFFFFFFFF04000000000B0F0D0B6578705F7061725F6375720D046E7562730401000000150000000004020000000600000000
310
0000E0BF0401000000060000000000000080040100000006000000000000000006000000000000E03F0600000000000000000600000000000000000600000000000000000D0673706C696E650B0F0D0372656604B9000000100B0B0B0B10060000000000000000060000000000000000110E0D4154545249425F435553544F
310
4D0D066174747269620CFFFFFFFF04FFFFFFFF0CFFFFFFFF0CFFFFFFFF0C830400000711736B657463685F6174747269625F646566040100000004010000000403000000070D32323220302030203020312032110D067665727465780CFFFFFFFF04FFFFFFFF0CFFFFFFFF0C8404000004000000000CF2040000110E08696E
310
7463757276650D0563757276650CFFFFFFFF04FFFFFFFF0CFFFFFFFF0B0F0D03726566049B000000100A0600000000000000000A06BBD12C4ABCADEF3F110D05706F696E740CFFFFFFFF04FFFFFFFF0CFFFFFFFF13FAD0E13A5BCD304069E0A8BC058332400000000000001440110E08696E7463757276650D056375727665
310
0CFFFFFFFF04FFFFFFFF0CFFFFFFFF0B0F0D0372656604BD000000100A06105B1CBBF2DEEE3F0A06000000000000F03F110D06636F656467650CFFFFFFFF04FFFFFFFF0CFFFFFFFF0C8F0400000CF30400000CEA0400000CF40400000B0C7C00000004000000000CFFFFFFFF110D067665727465780CFFFFFFFF04FFFFFFFF
310
0CFFFFFFFF0C9004000004000000000CF5040000110E08696E7463757276650D0563757276650CFFFFFFFF04FFFFFFFF0CFFFFFFFF0B0F0D0372656604C9000000100A0600000000000000000A06BBD12C4ABCADEF3F110D067665727465780CFFFFFFFF04FFFFFFFF0CFFFFFFFF0CF604000004000000000CF7040000110E
310
08696E7463757276650D0563757276650CFFFFFFFF04FFFFFFFF0CFFFFFFFF0B0F0D0D65786163745F696E745F637572043C5A000015000000000D056E7572627304050000001500000000040B0000000600000000000000000405000000069A9999999999B93F0401000000069A9999999999C93F04010000000634333333
310
3333D33F0401000000069A9999999999D93F040100000006000000000000E03F040100000006333333333333E33F040100000006666666666666E63F040100000006999999999999E93F040100000006CCCCCCCCCCCCEC3F040100000006000000000000F03F040500000006A61BCB2625B639C0064424838B4BA43EC00600
310
0000000000144006000000000000F03F069F3E1541E52739C006CF0A044BD4BF3EC006000000000000144006000000000000F03F063A767CD9901338C00617B0FA234DEF3EC006000000000000144006000000000000F03F06C6372A4C948D36C006900AA192B81F3FC006000000000000144006000000000000F03F06981B
310
B86F6CB734C0066CABA542F3313FC006000000000000144006000000000000F03F06957C1FB05BC432C006E640788253F63EC006000000000000144006000000000000F03F067C2996ACA43131C006C9E1EBAE1C613EC006000000000000144006000000000000F03F060CE59D01D50630C0068A2D3DD7486B3DC006000000
310
000000144006000000000000F03F06F1A3412EF38E2EC006A0AC60D98A113CC006000000000000144006000000000000F03F061BB09AED51DD2DC0060ABCFAF073583AC006000000000000144006000000000000F03F064812E099BEE82DC006D87A99FA774738C006000000000000144006000000000000F03F062E2F6B1B
310
717C2EC00616DCFB04DD5F36C006000000000000144006000000000000F03F066E5D5F9528342FC006354BFE1C3FD034C006000000000000144006000000000000F03F06364A747F86CE2FC0060E31FF7002B733C006000000000000144006000000000000F03F0648F13E38D71130C006AAF63137AF2633C0060000000000
310
00144006000000000000F03F0600000000000000000D0C6E756C6C5F737572666163650D0C6E756C6C5F737572666163650D066E756C6C62730D066E756C6C62730B0B04000000000400000000040000000004000000000A06000000000000F03F0A06000000000000000015000000001500000000100A0600000000000000
310
000A06C7D12C4ABCADEF3F110D067665727465780CFFFFFFFF04FFFFFFFF0CFFFFFFFF0CF804000004000000000CF9040000110D06636F656467650CFA04000004FFFFFFFF0CFFFFFFFF0CFB0400000CCD0400000CFC0400000C950400000A0CFD04000004000000000CFE040000110E08696E7463757276650D0563757276
310
650CFFFFFFFF04FFFFFFFF0CFFFFFFFF0B0F0D0D65786163745F696E745F637572043C5A000015000000000D056E7572627304050000001500000000040B0000000600000000000000000405000000069A9999999999B93F0401000000069A9999999999C93F040100000006343333333333D33F0401000000069A99999999
310
99D93F040100000006000000000000E03F040100000006333333333333E33F040100000006666666666666E63F040100000006999999999999E93F040100000006CCCCCCCCCCCCEC3F040100000006000000000000F03F040500000006F58EAC91925C2BC006305C73E939CB42C006000000000000000006000000000000F0
310
3F063350FCDCFE922AC00629DA92D0EFAE42C006000000000000000006000000000000F03F066688E478CF1529C006362CD5DD6C7442C006000000000000000006000000000000F03F065B2CFAD6F01B27C0069E37EE25DC1642C006000000000000000006000000000000F03F069CA09A616BFF24C006181DFC0D528E41C0
310
06000000000000000006000000000000F03F064C38BEC37A4823C0066DB1E384D2CE40C006000000000000000006000000000000F03F06F0AD1B97B68D22C0061C5EA1B447F23FC006000000000000000006000000000000F03F06964E566A65D922C006ED8A7248BD183EC006000000000000000006000000000000F03F06
310
E8FF19D2EA2124C006FCC90CAAB6123CC006000000000000000006000000000000F03F06BE57E6BC4C5126C00650F1A4B711E439C006000000000000000006000000000000F03F0641090882C74F29C00670E6F9D1FC9037C006000000000000000006000000000000F03F06514AF97F6B4A2CC006872DE358A09A35C00600
310
0000000000000006000000000000F03F06E6134F84A3D42EC0065DF31506171434C006000000000000000006000000000000F03F06E348B30B295430C006239961EFB60933C006000000000000000006000000000000F03F06F6D0E13A5BCD30C0066BE0A8BC058332C006000000000000000006000000000000F03F060000
310
0000000000000D0C6E756C6C5F737572666163650D0C6E756C6C5F737572666163650D066E756C6C62730D066E756C6C62730B0B04000000000400000000040000000004000000000A06000000000000F03F0A06000000000000000015000000001500000000100A0600000000000000000A060E5B1CBBF2DEEE3F110D0663
310
6F656467650CFFFFFFFF04FFFFFFFF0CFFFFFFFF0CCB0400000CFF0400000C000500000CCE0400000A0CFD04000004000000000C01050000110D04656467650CFFFFFFFF04FFFFFFFF0CFFFFFFFF0C5A0400000600000000000000000CC804000006000000000000E03F0C980400000C020500000B0707756E6B6E6F776E11
310
0D067063757276650CFFFFFFFF04FFFFFFFF0CFFFFFFFF04000000000B0F0D0B6578705F7061725F6375720D046E756273040100000015000000000402000000060000000000000000040100000006000000000000E03F040100000006C7D12C4ABCADEF3F06000000000000000006C7D12C4ABCADEF3F06000000000000E0
310
3F0600000000000000000D0673706C696E650B0F0D0372656604DA000000100B0B0B0B10060000000000000000060000000000000000110D04666163650C0305000004FFFFFFFF0CFFFFFFFF0C620400000C990400000C060000000CFFFFFFFF0C040500000B0B110D067063757276650CFFFFFFFF04FFFFFFFF0CFFFFFFFF
310
04000000000B0F0D0B6578705F7061725F6375720D046E75627304010000001500000000040200000006C7D12C4ABCADEFBF040100000006000000000000008004010000000602F82D4ABCADEF3F06000000000000E03F06000000000000000006000000000000E03F0600000000000000000D0673706C696E650B0F0D0372
310
656604DA000000100B0B0B0B10060000000000000000060000000000000000110E0D4154545249425F435553544F4D0D066174747269620CFFFFFFFF04FFFFFFFF0CFFFFFFFF0CFFFFFFFF0C9F0400000711736B657463685F6174747269625F646566040100000004010000000403000000070D3136392030203020302032
310
2032110D06636F656467650C0505000004FFFFFFFF0CFFFFFFFF0C9F0400000C060500000C070500000C080500000A0C4800000004000000000CFFFFFFFF110D06636F656467650C0905000004FFFFFFFF0CFFFFFFFF0C0A0500000C0B0500000C9F0400000CD50400000B0C0C05000004000000000C0D050000110D046564
310
67650CFFFFFFFF04FFFFFFFF0CFFFFFFFF0C5A040000061E5B1CBBF2DEEE3F0C0E05000006000000000000F03F0CD40400000C0F0500000B0707756E6B6E6F776E110E0D4154545249425F435553544F4D0D066174747269620CFFFFFFFF04FFFFFFFF0CFFFFFFFF0CFFFFFFFF0CA1040000071667656E657269635F746167
310
5F6174747269625F6465660403000000040300000004FFFFFFFF071767656E657269635F7461675F6174747269625F64656620040100000004020000000702323404000000000401000000042D0100000400000000110E0673706C696E650D07737572666163650CFFFFFFFF04FFFFFFFF0CFFFFFFFF0B0F0D0372656604CF
310
000000100B0B0B0B110D06636F656467650CFFFFFFFF04FFFFFFFF0CFFFFFFFF0C100500000CA30400000C110500000C120500000B0C7C00000004000000000CFFFFFFFF110D067063757276650CFFFFFFFF04FFFFFFFF0CFFFFFFFF04000000000B0F0D0B6578705F7061725F6375720D046E756273040100000015000000
310
00040200000006000000000000E0BF0401000000060000000000000080040100000006000000000000F0BF06000000000000E03F06000000000000F0BF0600000000000000000600000000000000000D0673706C696E650B0F0D0372656604CF000000100B0B0B0B10060000000000000000060000000000000000110E0869
310
6E7463757276650D0563757276650CFFFFFFFF04FFFFFFFF0CFFFFFFFF0A0F0D0372656604B4000000100A06000000000000F0BF0A0602F82D4ABCADEFBF110E0873747261696768740D0563757276650CFFFFFFFF04FFFFFFFF0CFFFFFFFF13E7FB840590A635C0FEFFFFFFFFFF28C0000000000000000014000000000000
310
0000000000000000000000000000000024400A0600000000000000000A06000000000000E03F110E0D4154545249425F435553544F4D0D066174747269620CFFFFFFFF04FFFFFFFF0CFFFFFFFF0CFFFFFFFF0CAB040000071667656E657269635F7461675F6174747269625F6465660403000000040300000004FFFFFFFF07
310
1767656E657269635F7461675F6174747269625F64656620040100000004020000000702323304000000000401000000042D0100000400000000110E04636F6E650D07737572666163650CFFFFFFFF04FFFFFFFF0CFFFFFFFF1300000000000000000000000000000000000000000000000014000000000000000000000000
310
00000000000000000000F03F1400000000000039400000000000000000000000000000000006000000000000F03F0B0B06000000000000000006000000000000F03F0600000000000039400B0B0B0B0B110D05706F696E740CFFFFFFFF04FFFFFFFF0CFFFFFFFF13E7FB840590A635C0FEFFFFFFFFFF28C000000000000014
310
40110E0D4154545249425F435553544F4D0D066174747269620CFFFFFFFF04FFFFFFFF0CFFFFFFFF0CFFFFFFFF0CB4040000071667656E657269635F7461675F6174747269625F6465660403000000040300000004FFFFFFFF071767656E657269635F7461675F6174747269625F6465662004010000000402000000070236
310
3704000000000401000000042D0100000400000000110D04666163650C1305000004FFFFFFFF0CFFFFFFFF0C140500000C150500000C060000000CFFFFFFFF0C160500000B0B110D046C6F6F700CFFFFFFFF04FFFFFFFF0CFFFFFFFF0CFFFFFFFF0C170500000CB4040000110E0673706C696E650D07737572666163650CFF
310
FFFFFF04FFFFFFFF0CFFFFFFFF0B0F0D0B63796C5F73706C5F737572043C5A00000D08696E7463757276650B0F0D0372656604C4000000100A06185B1CBBF2DEEE3F0A06000000000000F03F14000000000000000000000000000000000000000000002440137460B49E2A9D3540045F49CA01093740000000000000000015
310
020000000A06185B1CBBF2DEEE3F0A06000000000000F03F0A0600000000000000000A06000000000000E03F15000000001500000000150000000015000000000400000000040000000004000000000400000000040000000004000000000B100B0B0B0B110D06636F656467650C1805000004FFFFFFFF0CFFFFFFFF0C1905
310
00000C1A0500000C1B0500000C1C0500000B0CB504000004000000000CFFFFFFFF110E0D4154545249425F435553544F4D0D066174747269620CFFFFFFFF04FFFFFFFF0CFFFFFFFF0CFFFFFFFF0CB70400000711736B657463685F6174747269625F646566040100000004010000000403000000070D323135203020312030
310
20322032110D06636F656467650CFFFFFFFF04FFFFFFFF0CFFFFFFFF0C1D0500000CB70400000C1E0500000CEC0400000B0C7E04000004000000000C1F050000110D06636F656467650CFFFFFFFF04FFFFFFFF0CFFFFFFFF0CB70400000C1D0500000C190500000C200500000A0C7E04000004000000000C21050000110D06
310
636F656467650C2205000004FFFFFFFF0CFFFFFFFF0C1B0500000CBB0400000CB70400000CE80400000B0C4800000004000000000CFFFFFFFF110D04656467650CFFFFFFFF04FFFFFFFF0CFFFFFFFF0CEF04000006FEF72D4ABCADEF3F0C2305000006000000000000F03F0CB70400000C240500000B0707756E6B6E6F776E
310
110D067063757276650CFFFFFFFF04FFFFFFFF0CFFFFFFFF04000000000B0F0D0B6578705F7061725F6375720D046E75627304010000001500000000040200000006000000000000F0BF040100000006FEF72D4ABCADEFBF040100000006000000000000F0BF06000000000000000006391E2F4ABCADEFBF06000000000000
310
00000600000000000000000D0673706C696E650B0F0D0372656604D3000000100B0B0B0B10060000000000000000060000000000000000110D06636F656467650CFFFFFFFF04FFFFFFFF0CFFFFFFFF0CBA0400000CB90400000CC50400000CF40400000A0C3F04000004000000000C25050000110D067063757276650CFFFF
310
FFFF04FFFFFFFF0CFFFFFFFF04000000000B0F0D0B6578705F7061725F6375720D046E756273040100000015000000000402000000060000000000000000040100000006000000000000E03F040100000006000000000000008006000000000000000006000000000000008006000000000000E03F0600000000000000000D
310
0673706C696E650B0F0D0372656604C3000000100B0B0B0B10060000000000000000060000000000000000110D04656467650CFFFFFFFF04FFFFFFFF0CFFFFFFFF0CEF0400000600000000000000000C2605000006000000000000E03F0C270500000C280500000B0707756E6B6E6F776E110D067063757276650CFFFFFFFF
310
04FFFFFFFF0CFFFFFFFF04000000000B0F0D0B6578705F7061725F6375720D046E75627304010000001500000000040200000006000000000000E0BF0401000000060000000000000080040100000006075B1CBBF2DEEEBF06000000000000E03F06075B1CBBF2DEEEBF0600000000000000000600000000000000000D0673
310
706C696E650B0F0D0372656604C3000000100B0B0B0B10060000000000000000060000000000000000110E0D4154545249425F435553544F4D0D066174747269620CFFFFFFFF04FFFFFFFF0CFFFFFFFF0CFFFFFFFF0CBB0400000711736B657463685F6174747269625F646566040100000004010000000403000000070D32
310
323520302031203020312032110D067665727465780CFFFFFFFF04FFFFFFFF0CFFFFFFFF0CBC04000004010000000C29050000110E08696E7463757276650D0563757276650CFFFFFFFF04FFFFFFFF0CFFFFFFFF0B0F0D0372656604C4000000100A0600000000000000000A06075B1CBBF2DEEE3F110E0873747261696768
310
740D0563757276650CFFFFFFFF04FFFFFFFF0CFFFFFFFF13A71BCB2625B639404624838B4BA43E400000000000000000140000000000000000000000000000000000000000000024400A0600000000000000000A06000000000000E03F110D05706F696E740CFFFFFFFF04FFFFFFFF0CFFFFFFFF13A71BCB2625B639404624
310
838B4BA43E400000000000000000110D06636F656467650CFFFFFFFF04FFFFFFFF0CFFFFFFFF0CC50400000C2A0500000C1D0500000C2B0500000B0C7C00000004000000000CFFFFFFFF110D04656467650CFFFFFFFF04FFFFFFFF0CFFFFFFFF0C2605000006075B1CBBF2DEEEBF0CC60400000600000000000000800CEA04
310
00000C2C0500000B0707756E6B6E6F776E110D05706F696E740CFFFFFFFF04FFFFFFFF0CFFFFFFFF13A71BCB2625B639404624838B4BA43E400000000000001440110D04656467650CFFFFFFFF04FFFFFFFF0CFFFFFFFF0CC8040000060E5B1CBBF2DEEEBF0C2D0500000600000000000000800CFF0400000C2E0500000B07
310
07756E6B6E6F776E110D05706F696E740CFFFFFFFF04FFFFFFFF0CFFFFFFFF1356BF4375BAF92FC071C175D2C66E33C00000000000001440110D04656467650CFFFFFFFF04FFFFFFFF0CFFFFFFFF0CCA0400000600000000000000000C2F05000006BDD12C4ABCADEF3F0C300500000C310500000B0707756E6B6E6F776E11
310
0D05706F696E740CFFFFFFFF04FFFFFFFF0CFFFFFFFF13F58EAC91925C2BC0305C73E939CB42C00000000000000000110E0D4154545249425F435553544F4D0D066174747269620CFFFFFFFF04FFFFFFFF0CFFFFFFFF0CFFFFFFFF0CCB0400000711736B657463685F6174747269625F646566040100000004010000000403
310
000000070D31363920302031203020312032110D06636F656467650CFFFFFFFF04FFFFFFFF0CFFFFFFFF0CFF0400000CCB0400000C320500000C330500000B0CFD04000004000000000C34050000110D06636F656467650C3505000004FFFFFFFF0CFFFFFFFF0C060500000C360500000CCB0400000C950400000B0C480000
310
0004000000000CFFFFFFFF110D046C6F6F700CFFFFFFFF04FFFFFFFF0CFFFFFFFF0CFFFFFFFF0CCB0400000C37050000110D067063757276650CFFFFFFFF04FFFFFFFF0CFFFFFFFF04000000000B0F0D0B6578705F7061725F6375720D046E756273040100000015000000000402000000060E5B1CBBF2DEEEBF0401000000
310
0600000000000000800401000000061E5B1CBBF2DEEEBF0600000000000000000600000000000000800600000000000000000600000000000000000D0673706C696E650B0F0D0B63796C5F73706C5F737572043C5A00000D08696E7463757276650A0F0D0372656604E1000000100A060E5B1CBBF2DEEEBF0A060000000000
310
000080140000000000000000000000000000000000000000000024401301E4403C29DD28C09332BD0ED4093DC0000000000000000015020000000A060E5B1CBBF2DEEEBF0A0600000000000000800A0600000000000000000A06000000000000E03F1500000000150000000015000000001500000000040000000004000000
310
0004000000000400000000040000000004000000000B100B0B0B0B10060000000000000000060000000000000000110D06636F656467650CFFFFFFFF04FFFFFFFF0CFFFFFFFF0CCD0400000CFB0400000C380500000CF60400000A0CFD04000004000000000C39050000110D06636F656467650CFFFFFFFF04FFFFFFFF0CFF
310
FFFFFF0C3A0500000C3B0500000C0B0500000CCE0400000B0C3C05000004000000000C3D050000110D067063757276650CFFFFFFFF04FFFFFFFF0CFFFFFFFF04000000000B0F0D0B6578705F7061725F6375720D046E75627304010000001500000000040200000006000000000000E0BF0401000000060000000000000080
310
0401000000060E5B1CBBF2DEEEBF06000000000000E03F060E5B1CBBF2DEEEBF0600000000000000000600000000000000000D0673706C696E650B0F0D0372656604EA000000100B0B0B0B10060000000000000000060000000000000000110E0873747261696768740D0563757276650CFFFFFFFF04FFFFFFFF0CFFFFFFFF
310
1356BF4375BAF92FC071C175D2C66E33C00000000000000000140000000000000000000000000000000000000000000024400A0600000000000000000A06000000000000E03F110E0D4154545249425F435553544F4D0D066174747269620CFFFFFFFF04FFFFFFFF0CFFFFFFFF0CFFFFFFFF0CD0040000071667656E657269
310
635F7461675F6174747269625F6465660403000000040300000004FFFFFFFF071767656E657269635F7461675F6174747269625F64656620040100000004020000000702323604000000000401000000042D0100000400000000110E0673706C696E650D07737572666163650CFFFFFFFF04FFFFFFFF0CFFFFFFFF0B0F0D03
310
72656604DA000000100B0B0B0B110E0D4154545249425F435553544F4D0D066174747269620CFFFFFFFF04FFFFFFFF0CFFFFFFFF0CFFFFFFFF0CD30400000711736B657463685F6174747269625F646566040100000004010000000403000000070F313037203020302030203234203336110D06636F656467650C3E050000
310
04FFFFFFFF0CFFFFFFFF0CD30400000CFC0400000C3B0500000C3F0500000B0C4800000004000000000CFFFFFFFF110D06636F656467650C4005000004FFFFFFFF0CFFFFFFFF0C410500000C420500000CD30400000C080500000B0C4305000004000000000CFFFFFFFF110D04656467650CFFFFFFFF04FFFFFFFF0CFFFFFF
310
FF0C0E0500000681DFF4476A7602C00C4405000006AFE7DBBCC32602C00C070500000C450500000B0707756E6B6E6F776E110E0D4154545249425F435553544F4D0D066174747269620CFFFFFFFF04FFFFFFFF0CFFFFFFFF0CFFFFFFFF0CD40400000711736B657463685F6174747269625F64656604010000000401000000
310
0403000000070D31363920302030203020322032110D06636F656467650CFFFFFFFF04FFFFFFFF0CFFFFFFFF0C110500000CD40400000C420500000C460500000B0C0C05000004000000000C47050000110D06636F656467650CFFFFFFFF04FFFFFFFF0CFFFFFFFF0CD40400000C110500000C980400000CCE0400000A0C0C
310
05000004000000000C48050000110D046C6F6F700CFFFFFFFF04FFFFFFFF0CFFFFFFFF0CFFFFFFFF0CD40400000C49050000110D067063757276650CFFFFFFFF04FFFFFFFF0CFFFFFFFF04000000000B0F0D0B6578705F7061725F6375720D046E756273040100000015000000000402000000061E5B1CBBF2DEEE3F040100
310
000006000000000000F03F0401000000062F5B1CBBF2DEEE3F06000000000000000006000000000000F03F0600000000000000000600000000000000000D0673706C696E650B0F0D0B63796C5F73706C5F737572043C5A00000D08696E7463757276650B0F0D0372656604E1000000100A061E5B1CBBF2DEEE3F0A06000000
310
000000F03F140000000000000000000000000000000000000000000024401301E4403C29DD28C09332BD0ED4093DC0000000000000000015020000000A061E5B1CBBF2DEEE3F0A06000000000000F03F0A0600000000000000000A06000000000000E03F150000000015000000001500000000150000000004000000000400
310
00000004000000000400000000040000000004000000000B100B0B0B0B10060000000000000000060000000000000000110D067665727465780CFFFFFFFF04FFFFFFFF0CFFFFFFFF0C0805000004000000000C4A050000110E08696E7463757276650D0563757276650CFFFFFFFF04FFFFFFFF0CFFFFFFFF0B0F0D03726566
310
04E1000000100A060E5B1CBBF2DEEE3F0A06000000000000F03F110D06636F656467650CFFFFFFFF04FFFFFFFF0CFFFFFFFF0C4B0500000CD80400000C4C0500000C4D0500000B0C7C00000004000000000CFFFFFFFF110D06636F656467650CFFFFFFFF04FFFFFFFF0CFFFFFFFF0C0B0500000C0A0500000CD80400000C12
310
0500000A0C0C05000004000000000C4E050000110D04656467650CFFFFFFFF04FFFFFFFF0CFFFFFFFF0CC8040000061E5B1CBBF2DEEE3F0C4F05000006000000000000F03F0C110500000C500500000B0707756E6B6E6F776E110E0D4154545249425F435553544F4D0D066174747269620CFFFFFFFF04FFFFFFFF0CFFFFFF
310
FF0CFFFFFFFF0CE0040000071667656E657269635F7461675F6174747269625F6465660403000000040300000004FFFFFFFF071767656E657269635F7461675F6174747269625F64656620040100000004020000000702363604000000000401000000042D0100000400000000110D04666163650C5105000004FFFFFFFF0C
310
FFFFFFFF0C520500000C530500000C060000000CFFFFFFFF0C540500000B0B110D046C6F6F700CFFFFFFFF04FFFFFFFF0CFFFFFFFF0CFFFFFFFF0C550500000CE0040000110E0673706C696E650D07737572666163650CFFFFFFFF04FFFFFFFF0CFFFFFFFF0B0F0D0B63796C5F73706C5F737572043C5A00000D08696E7463
310
757276650B0F0D0372656604D4000000100A0600000000000000000A06C3D12C4ABCADEF3F1400000000000000000000000000000000000000000000244013B713A51F24B03A4036D822F7D5193340000000000000000015020000000A0600000000000000000A06C3D12C4ABCADEF3F0A0600000000000000000A06000000
310
000000E03F15000000001500000000150000000015000000000400000000040000000004000000000400000000040000000004000000000B100B0B0B0B110D06636F656467650C5605000004FFFFFFFF0CFFFFFFFF0C570500000C1E0500000C580500000C590500000B0CE104000004000000000C5A050000110E0D415454
310
5249425F435553544F4D0D066174747269620CFFFFFFFF04FFFFFFFF0CFFFFFFFF0CFFFFFFFF0CE30400000711736B657463685F6174747269625F646566040100000004010000000403000000070E3130372030203020302034203336110D06636F656467650CFFFFFFFF04FFFFFFFF0CFFFFFFFF0C5B0500000CE3040000
310
0CE60400000C200500000B0CB504000004000000000CFFFFFFFF110D06636F656467650CFFFFFFFF04FFFFFFFF0CFFFFFFFF0CE30400000C5B0500000C570500000C5C0500000A0CB504000004000000000CFFFFFFFF110D06636F656467650C5D05000004FFFFFFFF0CFFFFFFFF0C580500000CE70400000CE30400000C1C
310
0500000A0C4800000004000000000CFFFFFFFF110D04656467650CFFFFFFFF04FFFFFFFF0CFFFFFFFF0C5E05000006342893177005DF3F0C230500000667732D3852C1E03F0CE30400000C5F0500000B0707756E6B6E6F776E110D06636F656467650CFFFFFFFF04FFFFFFFF0CFFFFFFFF0CE60400000CE50400000CF30400
310
000C2B0500000A0C7E04000004000000000C60050000110D06636F656467650CFFFFFFFF04FFFFFFFF0CFFFFFFFF0C170500000C610500000C270500000CEC0400000A0CE104000004000000000C62050000110D067063757276650CFFFFFFFF04FFFFFFFF0CFFFFFFFF04000000000B0F0D0B6578705F7061725F6375720D
310
046E756273040100000015000000000402000000060000000000000000040100000006000000000000E03F040100000006FEF72D4ABCADEFBF06000000000000000006FEF72D4ABCADEFBF06000000000000E03F0600000000000000000D0673706C696E650B0F0D0372656604D3000000100B0B0B0B100600000000000000
310
00060000000000000000110D04656467650CFFFFFFFF04FFFFFFFF0CFFFFFFFF0C230500000600000000000000000C6305000006000000000000E03F0C190500000C640500000B0707756E6B6E6F776E110D067063757276650CFFFFFFFF04FFFFFFFF0CFFFFFFFF04000000000B0F0D0B6578705F7061725F6375720D046E
310
75627304010000001500000000040200000006000000000000E0BF0401000000060000000000000080040100000006000000000000F0BF06000000000000E03F06000000000000F0BF0600000000000000000600000000000000000D0673706C696E650B0F0D0372656604D3000000100B0B0B0B1006000000000000000006
310
0000000000000000110E0D4154545249425F435553544F4D0D066174747269620CFFFFFFFF04FFFFFFFF0CFFFFFFFF0CFFFFFFFF0CE70400000711736B657463685F6174747269625F646566040100000004010000000403000000070D32313520302031203020322032110D067665727465780CFFFFFFFF04FFFFFFFF0CFF
310
FFFFFF0CE804000004010000000C65050000110E08696E7463757276650D0563757276650CFFFFFFFF04FFFFFFFF0CFFFFFFFF0B0F0D0372656604D4000000100A06C3D12C4ABCADEF3F0A06000000000000F03F110D067063757276650CFFFFFFFF04FFFFFFFF0CFFFFFFFF04000000000B0F0D0B6578705F7061725F6375
310
720D046E756273040100000015000000000402000000060000000000000000040100000006075B1CBBF2DEEE3F040100000006000000000000008006000000000000E03F06185B1CBBF2DEEEBF06000000000000E03F0600000000000000000D0673706C696E650B0F0D0372656604C3000000100B0B0B0B10060000000000
310
000000060000000000000000110D067665727465780CFFFFFFFF04FFFFFFFF0CFFFFFFFF0CF404000004000000000C66050000110D06636F656467650CFFFFFFFF04FFFFFFFF0CFFFFFFFF0C670500000C550500000CBA0400000CEC0400000B0C1505000004000000000C68050000110E0873747261696768740D05637572
310
76650CFFFFFFFF04FFFFFFFF0CFFFFFFFF13AAE9F31182AB35400DD9047CD69529400000000000000000140000000000000000000000000000000000000000000024400A0600000000000000000A06000000000000E03F110D05706F696E740CFFFFFFFF04FFFFFFFF0CFFFFFFFF13AAE9F31182AB35400DD9047CD6952940
310
0000000000000000110D06636F656467650CFFFFFFFF04FFFFFFFF0CFFFFFFFF0CF30400000C690500000C5B0500000C6A0500000B0C7C00000004000000000CFFFFFFFF110D04656467650CFFFFFFFF04FFFFFFFF0CFFFFFFFF0C6305000006000000000000F0BF0C2605000006FEF72D4ABCADEFBF0C1D0500000C6B0500
310
000B0707756E6B6E6F776E110E08696E7463757276650D0563757276650CFFFFFFFF04FFFFFFFF0CFFFFFFFF0A0F0D0D65786163745F696E745F637572043C5A000015000000000D056E7572627304050000001500000000040B0000000600000000000000000405000000069A9999999999B93F0401000000069A99999999
310
99C93F040100000006343333333333D33F0401000000069A9999999999D93F040100000006000000000000E03F040100000006333333333333E33F040100000006666666666666E63F040100000006999999999999E93F040100000006CCCCCCCCCCCCEC3F040100000006000000000000F03F040500000006A71BCB2625B6
310
3940064624838B4BA43E4006000000000000144006000000000000F03F0693065C741544394006C6FF9B9B99913E4006000000000000144006000000000000F03F065D22E60DF668384006A43DE722D2643E4006000000000000144006000000000000F03F06E4AA8C18473B374006314D62017C0B3E400600000000000014
310
4006000000000000F03F060A9B2CD4EADF3540067AE18C0D4F673D4006000000000000144006000000000000F03F06011D8CC6B08E344006D35CE41B794A3C4006000000000000144006000000000000F03F0666CC0693C5A4334006619CAD16D2D83A4006000000000000144006000000000000F03F06FB14D0E25E263340
310
06AE1A3E39E50E394006000000000000144006000000000000F03F06F2B804C08C0F33400694BABF0EEEEF364006000000000000144006000000000000F03F0670D27A554E57334006FB046AE05083344006000000000000144006000000000000F03F0686F8F357E7F33340068F91B1DF0BD1314006000000000000144006
310
000000000000F03F063AB50AEF68AE34400613BBD0C11FED2E4006000000000000144006000000000000F03F06318CB06B575A354006C93C478AC4302B4006000000000000144006000000000000F03F06BB4D2971F9DA3540067C26546F309C284006000000000000144006000000000000F03F06D40A1041CB1E36400678
310
19EBD1254C274006000000000000144006000000000000F03F0600000000000000000D0C6E756C6C5F737572666163650D0C6E756C6C5F737572666163650D066E756C6C62730D066E756C6C62730B0B04000000000400000000040000000004000000000A06000000000000F03F0A06000000000000000015000000001500
310
000000100A06075B1CBBF2DEEEBF0A060000000000000080110D067665727465780CFFFFFFFF04FFFFFFFF0CFFFFFFFF0C6C05000004000000000C6D050000110E08696E7463757276650D0563757276650CFFFFFFFF04FFFFFFFF0CFFFFFFFF0A0F0D0D65786163745F696E745F637572043C5A000015000000000D056E75
310
72627304050000001500000000040B0000000600000000000000000405000000069A9999999999B93F0401000000069A9999999999C93F040100000006343333333333D33F0401000000069A9999999999D93F040100000006000000000000E03F040100000006333333333333E33F040100000006666666666666E63F0401
310
00000006999999999999E93F040100000006CCCCCCCCCCCCEC3F040100000006000000000000F03F040500000006F58EAC91925C2BC006305C73E939CB42C006000000000000144006000000000000F03F063350FCDCFE922AC00629DA92D0EFAE42C006000000000000144006000000000000F03F066688E478CF1529C006
310
362CD5DD6C7442C006000000000000144006000000000000F03F065B2CFAD6F01B27C0069E37EE25DC1642C006000000000000144006000000000000F03F069CA09A616BFF24C006181DFC0D528E41C006000000000000144006000000000000F03F064C38BEC37A4823C0066DB1E384D2CE40C00600000000000014400600
310
0000000000F03F06F0AD1B97B68D22C0061C5EA1B447F23FC006000000000000144006000000000000F03F06964E566A65D922C006ED8A7248BD183EC006000000000000144006000000000000F03F06E8FF19D2EA2124C006FCC90CAAB6123CC006000000000000144006000000000000F03F06BE57E6BC4C5126C00650F1
310
A4B711E439C006000000000000144006000000000000F03F0641090882C74F29C00670E6F9D1FC9037C006000000000000144006000000000000F03F06514AF97F6B4A2CC006872DE358A09A35C006000000000000144006000000000000F03F06E6134F84A3D42EC0065DF31506171434C006000000000000144006000000
310
000000F03F06E348B30B295430C006239961EFB60933C006000000000000144006000000000000F03F06F6D0E13A5BCD30C0066BE0A8BC058332C006000000000000144006000000000000F03F0600000000000000000D0C6E756C6C5F737572666163650D0C6E756C6C5F737572666163650D066E756C6C62730D066E756C
310
6C62730B0B04000000000400000000040000000004000000000A06000000000000F03F0A06000000000000000015000000001500000000100A060E5B1CBBF2DEEEBF0A060000000000000080110D067665727465780CFFFFFFFF04FFFFFFFF0CFFFFFFFF0C6E05000004010000000C6F050000110D06636F656467650C7005
310
000004FFFFFFFF0CFFFFFFFF0C710500000C320500000C360500000CF80400000B0C7205000004000000000C73050000110E08696E7463757276650D0563757276650CFFFFFFFF04FFFFFFFF0CFFFFFFFF0B0F0D0D65786163745F696E745F637572043C5A000015000000000D056E7572627304050000001500000000040B
310
0000000600000000000000000405000000069A9999999999B93F0401000000069A9999999999C93F040100000006343333333333D33F0401000000069A9999999999D93F040100000006000000000000E03F040100000006333333333333E33F040100000006666666666666E63F040100000006999999999999E93F040100
310
000006CCCCCCCCCCCCEC3F040100000006000000000000F03F040500000006F58EAC91925C2BC006305C73E939CB42C006000000000000000006000000000000F03F06C22B0271653E2AC0065B374641D6BF42C006000000000000000006000000000000F03F0675397EEE971628C006930164E7E2A642C006000000000000
310
000006000000000000F03F06BCE8379D891825C00663D5C9CBF17A42C006000000000000000006000000000000F03F0645E07BDD769821C006012F6BAC1B3342C006000000000000000006000000000000F03F0668BEE970A02E1CC00663D58BAEBFC141C006000000000000000006000000000000F03F06311EB9040D1117
310
C00642D088D1C53641C006000000000000000006000000000000F03F06AC02F43033FE13C006DA0FAEFE2B9040C006000000000000000006000000000000F03F06A68AC389EF0713C0068E42E21E019A3FC006000000000000000006000000000000F03F068D824AF18B1514C006AC890BAC23DD3DC0060000000000000000
310
06000000000000F03F06189313F3B5FE16C006CC1A62AE02EE3BC006000000000000000006000000000000F03F06C8FD74CB5FAF1AC006D15895AF113D3AC006000000000000000006000000000000F03F0697BFCF4E5B2B1EC00610AE1632F8E438C006000000000000000006000000000000F03F06780174F81C6720C006
310
3A3B6F6A17F737C006000000000000000006000000000000F03F0659D90B9BDB1921C0063C33D063087E37C006000000000000000006000000000000F03F0600000000000000000D0C6E756C6C5F737572666163650D0C6E756C6C5F737572666163650D066E756C6C62730D066E756C6C62730B0B04000000000400000000
310
040000000004000000000A06000000000000F03F0A06000000000000000015000000001500000000100A0600000000000000000A06BDD12C4ABCADEF3F110D06636F656467650CFFFFFFFF04FFFFFFFF0CFFFFFFFF0C300500000C740500000CFB0400000C330500000A0C7205000004000000000C75050000110D04656467
310
650CFFFFFFFF04FFFFFFFF0CFFFFFFFF0CCA0400000600000000000000000C2D05000006000000000000E03F0CFB0400000C760500000B0707756E6B6E6F776E110D067063757276650CFFFFFFFF04FFFFFFFF0CFFFFFFFF04000000000B0F0D0B6578705F7061725F6375720D046E75627304010000001500000000040200
310
0000060000000000000000040100000006000000000000E03F040100000006000000000000008006000000000000000006000000000000008006000000000000E03F0600000000000000000D0673706C696E650B0F0D0372656604EA000000100B0B0B0B10060000000000000000060000000000000000110E0D4154545249
310
425F435553544F4D0D066174747269620CFFFFFFFF04FFFFFFFF0CFFFFFFFF0CFFFFFFFF0CFC0400000711736B657463685F6174747269625F646566040100000004010000000403000000070D31363920302031203020312032110D06636F656467650C7705000004FFFFFFFF0CFFFFFFFF0CFC0400000C780500000C3005
310
00000CF80400000A0C4800000004000000000CFFFFFFFF110D04666163650C7905000004FFFFFFFF0CFFFFFFFF0C7A0500000CFD0400000C060000000CFFFFFFFF0C7B0500000B0B110D06636F656467650CFFFFFFFF04FFFFFFFF0CFFFFFFFF0C7C0500000C4B0500000CFF0400000CF60400000B0C7C0000000400000000
310
0CFFFFFFFF110D067063757276650CFFFFFFFF04FFFFFFFF0CFFFFFFFF04000000000B0F0D0B6578705F7061725F6375720D046E7562730401000000150000000004020000000600000000000000000401000000060E5B1CBBF2DEEE3F040100000006000000000000008006000000000000E03F061E5B1CBBF2DEEEBF0600
310
0000000000E03F0600000000000000000D0673706C696E650B0F0D0372656604EA000000100B0B0B0B10060000000000000000060000000000000000110D06636F656467650CFFFFFFFF04FFFFFFFF0CFFFFFFFF0C7D0500000C000500000C4B0500000C7E0500000A0C3C05000004000000000C7F050000110D06636F6564
310
67650C8005000004FFFFFFFF0CFFFFFFFF0C000500000C7D0500000C060500000C3F0500000A0C3C05000004000000000C81050000110D046C6F6F700CFFFFFFFF04FFFFFFFF0CFFFFFFFF0CFFFFFFFF0C3B0500000C7A050000110D067063757276650CFFFFFFFF04FFFFFFFF0CFFFFFFFF04000000000B0F0D0B6578705F
310
7061725F6375720D046E756273040100000015000000000402000000060000000000000000040100000006000000000000E03F04010000000602F82D4ABCADEFBF0600000000000000000602F82D4ABCADEFBF06000000000000E03F0600000000000000000D0673706C696E650B0F0D0B63796C5F73706C5F737572043C5A
310
00000D08696E7463757276650A0F0D0372656604CB000000100A06000000000000F0BF0A0602F82D4ABCADEFBF1400000000000000000000000000000000000000000000244013966AA7B3B08B32C0CA340929AC133BC0000000000000000015020000000A06000000000000F0BF0A0602F82D4ABCADEFBF0A060000000000
310
0000000A06000000000000E03F15000000001500000000150000000015000000000400000000040000000004000000000400000000040000000004000000000B100B0B0B0B10060000000000000000060000000000000000110E0D4154545249425F435553544F4D0D066174747269620CFFFFFFFF04FFFFFFFF0CFFFFFFFF
310
0CFFFFFFFF0C060500000711736B657463685F6174747269625F646566040100000004010000000403000000070D31353920302031203020322032110D04656467650CFFFFFFFF04FFFFFFFF0CFFFFFFFF0C5A0400000602F82D4ABCADEF3F0C4405000006000000000000F03F0C3B0500000C820500000B0707756E6B6E6F
310
776E110E0D4154545249425F435553544F4D0D066174747269620CFFFFFFFF04FFFFFFFF0CFFFFFFFF0CFFFFFFFF0C070500000711736B657463685F6174747269625F646566040100000004010000000403000000070F313037203020302030203234203336110D06636F656467650CFFFFFFFF04FFFFFFFF0CFFFFFFFF0C
310
4C0500000C070500000C7D0500000C830500000B0C4305000004000000000CFFFFFFFF110D06636F656467650CFFFFFFFF04FFFFFFFF0CFFFFFFFF0C070500000C4C0500000C0A0500000C460500000A0C4305000004000000000CFFFFFFFF110D046C6F6F700CFFFFFFFF04FFFFFFFF0CFFFFFFFF0CFFFFFFFF0C07050000
310
0C84050000110D067665727465780CFFFFFFFF04FFFFFFFF0CFFFFFFFF0C3F05000004010000000C85050000110E07656C6C697073650D0563757276650CFFFFFFFF04FFFFFFFF0CFFFFFFFF130000000000000000000000000000000000000000000000001400000000000000000000000000000000000000000000F03F14
310
00000000000039400000000000000000000000000000000006000000000000F03F0A0681DFF4476A7602C00A06AFE7DBBCC32602C0110D04656467650CFFFFFFFF04FFFFFFFF0CFFFFFFFF0C0E0500000600000000000000000C4F05000006000000000000E03F0C0A0500000C860500000B0707756E6B6E6F776E110D0670
310
63757276650CFFFFFFFF04FFFFFFFF0CFFFFFFFF04000000000B0F0D0B6578705F7061725F6375720D046E756273040100000015000000000402000000060000000000000000040100000006000000000000E03F040100000006000000000000F03F06000000000000000006000000000000F03F06000000000000E03F0600
310
000000000000000D0673706C696E650B0F0D0372656604ED000000100B0B0B0B10060000000000000000060000000000000000110D067063757276650CFFFFFFFF04FFFFFFFF0CFFFFFFFF04000000000B0F0D0B6578705F7061725F6375720D046E75627304010000001500000000040200000006000000000000E0BF0401
310
0000000600000000000000800401000000061E5B1CBBF2DEEE3F06000000000000E03F061E5B1CBBF2DEEE3F0600000000000000000600000000000000000D0673706C696E650B0F0D0372656604ED000000100B0B0B0B10060000000000000000060000000000000000110D04666163650C8705000004FFFFFFFF0CFFFFFF
310
FF0CD00400000C0C0500000C060000000CFFFFFFFF0C880500000B0B110D05706F696E740CFFFFFFFF04FFFFFFFF0CFFFFFFFF13F6D0E13A5BCD30C06BE0A8BC058332C00000000000000000110D06636F656467650CFFFFFFFF04FFFFFFFF0CFFFFFFFF0C380500000C100500000C3A0500000C7E0500000B0C7C00000004
310
000000000CFFFFFFFF110D06636F656467650CFFFFFFFF04FFFFFFFF0CFFFFFFFF0C420500000C410500000C100500000C4D0500000A0C4305000004000000000CFFFFFFFF110D04656467650CFFFFFFFF04FFFFFFFF0CFFFFFFFF0C4F0500000681DFF4476A7602C00C8905000006AFE7DBBCC32602C00C4C0500000C8A05
310
00000B0707756E6B6E6F776E110D067063757276650CFFFFFFFF04FFFFFFFF0CFFFFFFFF04000000000B0F0D0B6578705F7061725F6375720D046E75627304010000001500000000040200000006000000000000F0BF0401000000061E5B1CBBF2DEEEBF040100000006000000000000F03F06000000000000E03F062F5B1C
310
BBF2DEEE3F06000000000000E03F0600000000000000000D0673706C696E650B0F0D0372656604ED000000100B0B0B0B10060000000000000000060000000000000000110D067665727465780CFFFFFFFF04FFFFFFFF0CFFFFFFFF0C4D05000004000000000C8B050000110E08696E7463757276650D0563757276650CFFFF
310
FFFF04FFFFFFFF0CFFFFFFFF0B0F0D0372656604F3000000100A061E5B1CBBF2DEEE3F0A06000000000000F03F110E0D4154545249425F435553544F4D0D066174747269620CFFFFFFFF04FFFFFFFF0CFFFFFFFF0CFFFFFFFF0C14050000071667656E657269635F7461675F6174747269625F646566040300000004030000
310
0004FFFFFFFF071767656E657269635F7461675F6174747269625F64656620040100000004020000000702363504000000000401000000042D0100000400000000110D04666163650C8C05000004FFFFFFFF0CFFFFFFFF0C8D0500000C8E0500000C060000000CFFFFFFFF0C8F0500000B0B110D046C6F6F700CFFFFFFFF04
310
FFFFFFFF0CFFFFFFFF0CFFFFFFFF0C900500000C14050000110E0673706C696E650D07737572666163650CFFFFFFFF04FFFFFFFF0CFFFFFFFF0B0F0D0B63796C5F73706C5F737572043C5A00000D08696E7463757276650A0F0D0D65786163745F696E745F637572043C5A000015000000000D056E75726273040500000015
310
00000000040B0000000600000000000000000405000000069A9999999999B93F0401000000069A9999999999C93F040100000006343333333333D33F0401000000069A9999999999D93F040100000006000000000000E03F040100000006333333333333E33F040100000006666666666666E63F0401000000069999999999
310
99E93F040100000006CCCCCCCCCCCCEC3F040100000006000000000000F03F040500000006EA2F37D10C52414006010000000000344006000000000000000006000000000000F03F06D63FFF004319414006847323937115344006000000000000000006000000000000F03F0613B6006BA6AA404006B22627314F36344006
310
000000000000000006000000000000F03F06D9D7E2B6A00D404006509E99D78A49344006000000000000000006000000000000F03F06DC41EE33B19C3E40060EEDAE6F1226344006000000000000000006000000000000F03F0634AA4E1562FE3C4006B0FB7C99C08D334006000000000000000006000000000000F03F06D8
310
66D59024A43B4006C1A102CA6582324006000000000000000006000000000000F03F06697E3FB6BE903A4006BB2D510352FF304006000000000000000006000000000000F03F0621F29D6298C1394006420D144DCF112E4006000000000000000006000000000000F03F0688CC8DF3C230394006FB9625565A522940060000
310
00000000000006000000000000F03F06645D6C42D4D73840060C32028CF3D5234006000000000000000006000000000000F03F064A6EFC9E06B9384006B45DB09225D41D4006000000000000000006000000000000F03F06035428CA0AB7384006966CDE8C91E3154006000000000000000006000000000000F03F066615D5
310
B2F3BE3840064679B8591B5A104006000000000000000006000000000000F03F06520F370C37C5384006AC6035AF8B0B0B4006000000000000000006000000000000F03F0600000000000000000D0C6E756C6C5F737572666163650D0C6E756C6C5F737572666163650D066E756C6C62730D066E756C6C62730B0B04000000
310
000400000000040000000004000000000A06000000000000F03F0A06000000000000000015000000001500000000100A060E5B1CBBF2DEEEBF0A0600000000000000801400000000000000000000000000000000000000000000244013C8FCC0F25E303C406294D4D0D6812C40000000000000000015020000000A060E5B1C
310
BBF2DEEEBF0A0600000000000000800A0600000000000000000A06000000000000E03F15000000001500000000150000000015000000000400000000040000000004000000000400000000040000000004000000000B100B0B0B0B110D06636F656467650C9105000004FFFFFFFF0CFFFFFFFF0C270500000C920500000C93
310
0500000C940500000B0C1505000004000000000C95050000110E0D4154545249425F435553544F4D0D066174747269620CFFFFFFFF04FFFFFFFF0CFFFFFFFF0CFFFFFFFF0C170500000711736B657463685F6174747269625F646566040100000004010000000403000000070D32323520302030203020322032110D06636F
310
656467650CFFFFFFFF04FFFFFFFF0CFFFFFFFF0C610500000C170500000C1A0500000C5C0500000B0CE104000004000000000C96050000110D06636F656467650C9705000004FFFFFFFF0CFFFFFFFF0C930500000C1B0500000C170500000C590500000A0C4800000004000000000CFFFFFFFF110D04656467650CFFFFFFFF
310
04FFFFFFFF0CFFFFFFFF0CEF04000006185B1CBBF2DEEE3F0C5E05000006000000000000F03F0C170500000C980500000B0707756E6B6E6F776E110D067063757276650CFFFFFFFF04FFFFFFFF0CFFFFFFFF04000000000B0F0D0B6578705F7061725F6375720D046E75627304010000001500000000040200000006185B1C
310
BBF2DEEE3F040100000006000000000000F03F040100000006285B1CBBF2DEEE3F06000000000000000006000000000000F03F0600000000000000000600000000000000000D0673706C696E650B0F0D0372656604E5000000100B0B0B0B10060000000000000000060000000000000000110D06636F656467650CFFFFFFFF
310
04FFFFFFFF0CFFFFFFFF0C1A0500000C190500000C2A0500000C6A0500000A0CB504000004000000000CFFFFFFFF110D04656467650CFFFFFFFF04FFFFFFFF0CFFFFFFFF0C5E0500000600000000000000000C9905000006000000000000E03F0C570500000C9A0500000B0707756E6B6E6F776E110E0D4154545249425F43
310
5553544F4D0D066174747269620CFFFFFFFF04FFFFFFFF0CFFFFFFFF0CFFFFFFFF0C1B0500000711736B657463685F6174747269625F646566040100000004010000000403000000070E3130372030203020302034203336110D067665727465780CFFFFFFFF04FFFFFFFF0CFFFFFFFF0C1C05000004000000000C9B050000
310
110E07656C6C697073650D0563757276650CFFFFFFFF04FFFFFFFF0CFFFFFFFF130000000000000000000000000000000000000000000000001400000000000000000000000000000000000000000000F03F1400000000000039400000000000000000000000000000000006000000000000F03F0A06342893177005DF3F0A
310
0667732D3852C1E03F110D067063757276650CFFFFFFFF04FFFFFFFF0CFFFFFFFF04000000000B0F0D0B6578705F7061725F6375720D046E75627304010000001500000000040200000006FEF72D4ABCADEF3F040100000006000000000000F03F040100000006391E2F4ABCADEFBF06000000000000E03F06000000000000
310
F0BF06000000000000E03F0600000000000000000D0673706C696E650B0F0D0372656604D3000000100B0B0B0B10060000000000000000060000000000000000110D06636F656467650CFFFFFFFF04FFFFFFFF0CFFFFFFFF0C1E0500000C570500000C690500000C9C0500000A0CE104000004000000000C9D050000110D06
310
7063757276650CFFFFFFFF04FFFFFFFF0CFFFFFFFF04000000000B0F0D0B6578705F7061725F6375720D046E75627304010000001500000000040200000006000000000000E0BF0401000000060000000000000080040100000006185B1CBBF2DEEE3F06000000000000E03F06185B1CBBF2DEEE3F06000000000000000006
310
00000000000000000D0673706C696E650B0F0D0372656604E5000000100B0B0B0B10060000000000000000060000000000000000110D067665727465780CFFFFFFFF04FFFFFFFF0CFFFFFFFF0C2B05000004000000000C9E050000110E0873747261696768740D0563757276650CFFFFFFFF04FFFFFFFF0CFFFFFFFF13E4FB
310
840590A6354001000000000029400000000000000000140000000000000000000000000000000000000000000024400A0600000000000000000A06000000000000E03F110D05706F696E740CFFFFFFFF04FFFFFFFF0CFFFFFFFF13E4FB840590A6354001000000000029400000000000000000110D05706F696E740CFFFFFF
310
FF04FFFFFFFF0CFFFFFFFF13AAE9F31182AB35400DD9047CD69529400000000000001440110D06636F656467650CFFFFFFFF04FFFFFFFF0CFFFFFFFF0C920500000C270500000C9F0500000CA00500000A0C1505000004000000000CA1050000110D067063757276650CFFFFFFFF04FFFFFFFF0CFFFFFFFF04000000000B0F
310
0D0B6578705F7061725F6375720D046E756273040100000015000000000402000000060000000000000000040100000006000000000000E03F040100000006C3D12C4ABCADEF3F06000000000000000006C3D12C4ABCADEF3F06000000000000E03F0600000000000000000D0673706C696E650B0F0D0372656604EE000000
310
100B0B0B0B10060000000000000000060000000000000000110D06636F656467650CFFFFFFFF04FFFFFFFF0CFFFFFFFF0C2A0500000C9F0500000C610500000C9C0500000B0C7C00000004000000000CFFFFFFFF110D04656467650CFFFFFFFF04FFFFFFFF0CFFFFFFFF0C9905000006342893177005DF3F0C630500000667
310
732D3852C1E03F0C5B0500000CA20500000B0707756E6B6E6F776E110E08696E7463757276650D0563757276650CFFFFFFFF04FFFFFFFF0CFFFFFFFF0A0F0D0D65786163745F696E745F637572043C5A000015000000000D056E7572627304050000001500000000040B0000000600000000000000000405000000069A9999
310
999999B93F0401000000069A9999999999C93F040100000006343333333333D33F0401000000069A9999999999D93F040100000006000000000000E03F040100000006333333333333E33F040100000006666666666666E63F040100000006999999999999E93F040100000006CCCCCCCCCCCCEC3F04010000000600000000
310
0000F03F040500000006EA2F37D10C52414006010000000000344006000000000000144006000000000000F03F06E6396359EC13414006C21480A0864A344006000000000000144006000000000000F03F065761887D359A4040066C4A2036A5D5344006000000000000144006000000000000F03F06FF0C08CC82D63F4006
310
46962E388788354006000000000000144006000000000000F03F06A232F49FF1223E40068A77E1F7753A364006000000000000144006000000000000F03F06C7CC374895393C4006DB82DF7B1FAD364006000000000000144006000000000000F03F067899EBE31E8C3A40068F2068E6A4AA36400600000000000014400600
310
0000000000F03F063F3C9684401F39400640D90C5FD729364006000000000000144006000000000000F03F066FFC5F342FF5374006D24B49DE6526354006000000000000144006000000000000F03F066A9B3F39DD0A3740063C68253049A6334006000000000000144006000000000000F03F06FE01F5034F5B3640063A1D
310
70E63FB3314006000000000000144006000000000000F03F06A243C2CEEEF9354006576C79E6959F2F4006000000000000144006000000000000F03F06FF83880F93C73540066C6ACA7EB7712C4006000000000000144006000000000000F03F06E0514C18EAAF3540069F090A175E2C2A4006000000000000144006000000
310
000000F03F06E4FB840590A6354006010000000000294006000000000000144006000000000000F03F0600000000000000000D0C6E756C6C5F737572666163650D0C6E756C6C5F737572666163650D066E756C6C62730D066E756C6C62730B0B04000000000400000000040000000004000000000A06000000000000F03F0A
310
06000000000000000015000000001500000000100A06000000000000F0BF0A06FEF72D4ABCADEFBF110D04656467650CFFFFFFFF04FFFFFFFF0CFFFFFFFF0C2D0500000600000000000000000CA305000006BDD12C4ABCADEF3F0C740500000CA40500000B0707756E6B6E6F776E110D05706F696E740CFFFFFFFF04FFFFFF
310
FF0CFFFFFFFF13F58EAC91925C2BC0305C73E939CB42C00000000000001440110D04656467650CFFFFFFFF04FFFFFFFF0CFFFFFFFF0CA50500000600000000000000000C2F05000006065B1CBBF2DEEE3F0CA60500000CA70500000B0707756E6B6E6F776E110D05706F696E740CFFFFFFFF04FFFFFFFF0CFFFFFFFF1374F1
310
30F21EC120C0D2A197579ABA37C00000000000000000110E0D4154545249425F435553544F4D0D066174747269620CFFFFFFFF04FFFFFFFF0CFFFFFFFF0CFFFFFFFF0C300500000711736B657463685F6174747269625F646566040100000004010000000403000000070D31363620302030203020312032110D06636F6564
310
67650CFFFFFFFF04FFFFFFFF0CFFFFFFFF0C740500000C300500000CA80500000CA90500000B0C7205000004000000000CAA050000110D046C6F6F700CFFFFFFFF04FFFFFFFF0CFFFFFFFF0CFFFFFFFF0C300500000CAB050000110D067063757276650CFFFFFFFF04FFFFFFFF0CFFFFFFFF04000000000B0F0D0B6578705F
310
7061725F6375720D046E756273040100000015000000000402000000060000000000000000040100000006BDD12C4ABCADEF3F040100000006000000000000000006000000000000000006FAF72D4ABCADEF3F0600000000000000000600000000000000000D0673706C696E650B0F0D0B63796C5F73706C5F737572043C5A
310
00000D08696E7463757276650B0F0D0372656604F4000000100A0600000000000000000A06BDD12C4ABCADEF3F140000000000000000000000000000000000000000000024401390F21F1B325520C0D4326D7B72C93FC0000000000000000015020000000A0600000000000000000A06BDD12C4ABCADEF3F0A060000000000
310
0000000A06000000000000E03F15000000001500000000150000000015000000000400000000040000000004000000000400000000040000000004000000000B100B0B0B0B10060000000000000000060000000000000000110D06636F656467650CFFFFFFFF04FFFFFFFF0CFFFFFFFF0C320500000C710500000C7C050000
310
0C6C0500000A0C7205000004000000000CAC050000110D067063757276650CFFFFFFFF04FFFFFFFF0CFFFFFFFF04000000000B0F0D0B6578705F7061725F6375720D046E75627304010000001500000000040200000006000000000000E0BF0401000000060000000000000080040100000006000000000000000006000000
310
000000E03F0600000000000000000600000000000000000600000000000000000D0673706C696E650B0F0D037265660404010000100B0B0B0B10060000000000000000060000000000000000110E0873747261696768740D0563757276650CFFFFFFFF04FFFFFFFF0CFFFFFFFF13F58EAC91925C2BC0305C73E939CB42C000
310
00000000000000140000000000000000000000000000000000000000000024400A0600000000000000000A06000000000000E03F110E0D4154545249425F435553544F4D0D066174747269620CFFFFFFFF04FFFFFFFF0CFFFFFFFF0CFFFFFFFF0C360500000711736B657463685F6174747269625F64656604010000000401
310
0000000403000000070D31363620302030203020312032110D06636F656467650CAD05000004FFFFFFFF0CFFFFFFFF0C360500000CAE0500000CAF0500000CB00500000A0C4800000004000000000CFFFFFFFF110E0D4154545249425F435553544F4D0D066174747269620CFFFFFFFF04FFFFFFFF0CFFFFFFFF0CFFFFFFFF
310
0C37050000071667656E657269635F7461675F6174747269625F6465660403000000040300000004FFFFFFFF071767656E657269635F7461675F6174747269625F64656620040100000004020000000702333004000000000401000000042D0100000400000000110D04666163650CB105000004FFFFFFFF0CFFFFFFFF0C84
310
0500000C3C0500000C060000000CFFFFFFFF0CB20500000B0B110E0673706C696E650D07737572666163650CFFFFFFFF04FFFFFFFF0CFFFFFFFF0B0F0D0372656604EA000000100B0B0B0B110D06636F656467650CFFFFFFFF04FFFFFFFF0CFFFFFFFF0CB30500000C380500000C740500000C6C0500000B0C7C0000000400
310
0000000CFFFFFFFF110D06636F656467650CFFFFFFFF04FFFFFFFF0CFFFFFFFF0C3B0500000C3A0500000C410500000C830500000A0C3C05000004000000000CB4050000110D04656467650CFFFFFFFF04FFFFFFFF0CFFFFFFFF0C8905000006000000000000F0BF0CC80400000602F82D4ABCADEFBF0C3A0500000CB50500
310
000B0707756E6B6E6F776E110D067063757276650CFFFFFFFF04FFFFFFFF0CFFFFFFFF04000000000B0F0D0B6578705F7061725F6375720D046E7562730401000000150000000004020000000602F82D4ABCADEF3F040100000006000000000000F03F0401000000063E1E2F4ABCADEFBF06000000000000E03F0600000000
310
0000F0BF06000000000000E03F0600000000000000000D0673706C696E650B0F0D0372656604F8000000100B0B0B0B10060000000000000000060000000000000000110E0D4154545249425F435553544F4D0D066174747269620CFFFFFFFF04FFFFFFFF0CFFFFFFFF0CFFFFFFFF0C3B0500000711736B657463685F617474
310
7269625F646566040100000004010000000403000000070D31353920302031203020322032110D067063757276650CFFFFFFFF04FFFFFFFF0CFFFFFFFF04000000000B0F0D0B6578705F7061725F6375720D046E75627304010000001500000000040200000006000000000000F0BF04010000000602F82D4ABCADEFBF0401
310
00000006000000000000F0BF060000000000000000063E1E2F4ABCADEFBF0600000000000000000600000000000000000D0673706C696E650B0F0D0372656604F8000000100B0B0B0B10060000000000000000060000000000000000110E08696E7463757276650D0563757276650CFFFFFFFF04FFFFFFFF0CFFFFFFFF0B0F
310
0D0372656604CB000000100A06C7D12C4ABCADEF3F0A06000000000000F03F110D04656467650CFFFFFFFF04FFFFFFFF0CFFFFFFFF0C440500000600000000000000000C8905000006000000000000E03F0C410500000CB60500000B0707756E6B6E6F776E110D04666163650CB705000004FFFFFFFF0CFFFFFFFF0C490500
310
000C430500000C060000000CFFFFFFFF0CB80500000B0B110D05706F696E740CFFFFFFFF04FFFFFFFF0CFFFFFFFF1348F13E38D71130C0AAF63137AF2633C00000000000000000110E0873747261696768740D0563757276650CFFFFFFFF04FFFFFFFF0CFFFFFFFF13F6D0E13A5BCD30C06BE0A8BC058332C0000000000000
310
0000140000000000000000000000000000000000000000000024400A0600000000000000000A06000000000000E03F110E0D4154545249425F435553544F4D0D066174747269620CFFFFFFFF04FFFFFFFF0CFFFFFFFF0CFFFFFFFF0C49050000071667656E657269635F7461675F6174747269625F64656604030000000403
310
00000004FFFFFFFF071767656E657269635F7461675F6174747269625F64656620040100000004020000000702323704000000000401000000042D0100000400000000110E0673706C696E650D07737572666163650CFFFFFFFF04FFFFFFFF0CFFFFFFFF0B0F0D0372656604ED000000100B0B0B0B110D067665727465780C
310
FFFFFFFF04FFFFFFFF0CFFFFFFFF0C7E05000004000000000CB9050000110E07656C6C697073650D0563757276650CFFFFFFFF04FFFFFFFF0CFFFFFFFF130000000000000000000000000000000000000000000014401400000000000000000000000000000000000000000000F03F14000000000000394000000000000000
310
00000000000000000006000000000000F03F0B0B110D05706F696E740CFFFFFFFF04FFFFFFFF0CFFFFFFFF13F6D0E13A5BCD30C06BE0A8BC058332C00000000000001440110E0D4154545249425F435553544F4D0D066174747269620CFFFFFFFF04FFFFFFFF0CFFFFFFFF0CFFFFFFFF0C52050000071667656E657269635F
310
7461675F6174747269625F6465660403000000040300000004FFFFFFFF071767656E657269635F7461675F6174747269625F64656620040100000004020000000702363404000000000401000000042D0100000400000000110D04666163650CBA05000004FFFFFFFF0CFFFFFFFF0CBB0500000CBC0500000C060000000CFF
310
FFFFFF0CBD0500000B0B110D046C6F6F700CFFFFFFFF04FFFFFFFF0CFFFFFFFF0CFFFFFFFF0CBE0500000C52050000110E0673706C696E650D07737572666163650CFFFFFFFF04FFFFFFFF0CFFFFFFFF0B0F0D0B63796C5F73706C5F737572043C5A00000D08696E7463757276650A0F0D0D65786163745F696E745F637572
310
043C5A000015000000000D056E7572627304050000001500000000040B0000000600000000000000000405000000069A9999999999B93F0401000000069A9999999999C93F040100000006343333333333D33F0401000000069A9999999999D93F040100000006000000000000E03F040100000006333333333333E33F0401
310
00000006666666666666E63F040100000006999999999999E93F040100000006CCCCCCCCCCCCEC3F040100000006000000000000F03F0405000000068FB1D03737B24340065B508E1DA1C81B4006000000000000000006000000000000F03F06372A4A8B948443400657A9A07BBE8A1D400600000000000000000600000000
310
0000F03F0627A83E3FFF29434006269267985871204006000000000000000006000000000000F03F066885B8712FA4424006498D85E5E2B0224006000000000000000006000000000000F03F0670CF8CC9F6F54140069C10E3543C29254006000000000000000006000000000000F03F06C2C91DE8A523414006053702F678
310
4F274006000000000000000006000000000000F03F06A284FD5B715940400610A6CF5B9570284006000000000000000006000000000000F03F0636932AD4F72F3F40064C54FB1D1978284006000000000000000006000000000000F03F0671013F2A24BF3D4006545B5CF3645C274006000000000000000006000000000000
310
F03F0656382306945F3C4006C2594DCAC82A254006000000000000000006000000000000F03F06B1E4F9F6ED0F3B40065CB4646DFDF8214006000000000000000006000000000000F03F0682D88101130F3A4006B0814C9CFE5D1D4006000000000000000006000000000000F03F0681F36CB59254394006EB2204E250A917
310
4006000000000000000006000000000000F03F0670032361ECDA38400623FCA1071B85134006000000000000000006000000000000F03F06F3DDC405C59E38400639F278B2645D114006000000000000000006000000000000F03F0600000000000000000D0C6E756C6C5F737572666163650D0C6E756C6C5F737572666163
310
650D066E756C6C62730D066E756C6C62730B0B04000000000400000000040000000004000000000A06000000000000F03F0A06000000000000000015000000001500000000100A06000000000000F0BF0A0600F82D4ABCADEFBF14000000000000000000000000000000000000000000002440134AC7DAF0889C3F4058342A
310
EC6CA42140000000000000000015020000000A06000000000000F0BF0A0600F82D4ABCADEFBF0A0600000000000000000A06000000000000E03F15000000001500000000150000000015000000000400000000040000000004000000000400000000040000000004000000000B100B0B0B0B110D06636F656467650CBF0500
310
0004FFFFFFFF0CFFFFFFFF0CC00500000CC10500000CC20500000CC30500000A0C5305000004000000000CC4050000110E0D4154545249425F435553544F4D0D066174747269620CFFFFFFFF04FFFFFFFF0CFFFFFFFF0CFFFFFFFF0C550500000711736B657463685F6174747269625F646566040100000004010000000403
310
000000070D32313520302030203020312032110D06636F656467650CFFFFFFFF04FFFFFFFF0CFFFFFFFF0C550500000C670500000CC00500000CC50500000A0C1505000004000000000CC6050000110D06636F656467650CC705000004FFFFFFFF0CFFFFFFFF0CC20500000C580500000C550500000C940500000A0C480000
310
0004000000000CFFFFFFFF110D04656467650CFFFFFFFF04FFFFFFFF0CFFFFFFFF0CC80500000600000000000000000CEF04000006C3D12C4ABCADEF3F0C550500000CC90500000B0707756E6B6E6F776E110D067063757276650CFFFFFFFF04FFFFFFFF0CFFFFFFFF04000000000B0F0D0B6578705F7061725F6375720D04
310
6E756273040100000015000000000402000000060000000000000000040100000006C3D12C4ABCADEF3F040100000006000000000000000006000000000000000006FEF72D4ABCADEF3F0600000000000000000600000000000000000D0673706C696E650B0F0D0372656604EE000000100B0B0B0B10060000000000000000
310
060000000000000000110D067063757276650CFFFFFFFF04FFFFFFFF0CFFFFFFFF04000000000B0F0D0B6578705F7061725F6375720D046E756273040100000015000000000402000000060000000000000000040100000006000000000000E03F040100000006000000000000F03F06000000000000000006000000000000
310
F03F06000000000000E03F0600000000000000000D0673706C696E650B0F0D0372656604E5000000100B0B0B0B10060000000000000000060000000000000000110E0D4154545249425F435553544F4D0D066174747269620CFFFFFFFF04FFFFFFFF0CFFFFFFFF0CFFFFFFFF0C580500000711736B657463685F6174747269
310
625F646566040100000004010000000403000000070D32323520302030203020322032110E08696E7463757276650D0563757276650CFFFFFFFF04FFFFFFFF0CFFFFFFFF0B0F0D0372656604C4000000100A06075B1CBBF2DEEE3F0A06000000000000F03F110D067665727465780CFFFFFFFF04FFFFFFFF0CFFFFFFFF0C6A
310
05000004000000000CCA050000110E0873747261696768740D0563757276650CFFFFFFFF04FFFFFFFF0CFFFFFFFF13D40A1041CB1E36407819EBD1254C27400000000000000000140000000000000000000000000000000000000000000024400A0600000000000000000A06000000000000E03F110D05706F696E740CFFFF
310
FFFF04FFFFFFFF0CFFFFFFFF13D40A1041CB1E36407819EBD1254C27400000000000000000110D04656467650CFFFFFFFF04FFFFFFFF0CFFFFFFFF0C2605000006185B1CBBF2DEEE3F0C9905000006000000000000F03F0C610500000CCB0500000B0707756E6B6E6F776E110D067063757276650CFFFFFFFF04FFFFFFFF0C
310
FFFFFFFF04000000000B0F0D0B6578705F7061725F6375720D046E75627304010000001500000000040200000006000000000000F0BF040100000006185B1CBBF2DEEEBF040100000006000000000000F03F06000000000000E03F06285B1CBBF2DEEE3F06000000000000E03F0600000000000000000D0673706C696E650B
310
0F0D0372656604E5000000100B0B0B0B10060000000000000000060000000000000000110D05706F696E740CFFFFFFFF04FFFFFFFF0CFFFFFFFF13E4FB840590A6354001000000000029400000000000001440110D06636F656467650CFFFFFFFF04FFFFFFFF0CFFFFFFFF0C690500000CCC0500000C670500000CA0050000
310
0B0C7C00000004000000000CFFFFFFFF110D04656467650CFFFFFFFF04FFFFFFFF0CFFFFFFFF0CCD0500000600000000000000000C2605000006C3D12C4ABCADEF3F0C670500000CCE0500000B0707756E6B6E6F776E110D067063757276650CFFFFFFFF04FFFFFFFF0CFFFFFFFF04000000000B0F0D0B6578705F7061725F
310
6375720D046E75627304010000001500000000040200000006C3D12C4ABCADEFBF0401000000060000000000000080040100000006FEF72D4ABCADEF3F06000000000000E03F06000000000000000006000000000000E03F0600000000000000000D0673706C696E650B0F0D0372656604EE000000100B0B0B0B1006000000
310
0000000000060000000000000000110E07656C6C697073650D0563757276650CFFFFFFFF04FFFFFFFF0CFFFFFFFF130000000000000000000000000000000000000000000014401400000000000000000000000000000000000000000000F03F14000000000000394000000000000000000000000000000000060000000000
310
00F03F0B0B110D067665727465780CFFFFFFFF04FFFFFFFF0CFFFFFFFF0CCF05000004000000000CD0050000110E08696E7463757276650D0563757276650CFFFFFFFF04FFFFFFFF0CFFFFFFFF0B0F0D0D65786163745F696E745F637572043C5A000015000000000D056E7572627304050000001500000000040B00000006
310
00000000000000000405000000069A9999999999B93F0401000000069A9999999999C93F040100000006343333333333D33F0401000000069A9999999999D93F040100000006000000000000E03F040100000006333333333333E33F040100000006666666666666E63F040100000006999999999999E93F040100000006CC
310
CCCCCCCCCCEC3F040100000006000000000000F03F040500000006F58EAC91925C2BC006305C73E939CB42C006000000000000144006000000000000F03F06C22B0271653E2AC0065B374641D6BF42C006000000000000144006000000000000F03F0675397EEE971628C006930164E7E2A642C00600000000000014400600
310
0000000000F03F06BCE8379D891825C00663D5C9CBF17A42C006000000000000144006000000000000F03F0645E07BDD769821C006012F6BAC1B3342C006000000000000144006000000000000F03F0668BEE970A02E1CC00663D58BAEBFC141C006000000000000144006000000000000F03F06311EB9040D1117C00642D0
310
88D1C53641C006000000000000144006000000000000F03F06AC02F43033FE13C006DA0FAEFE2B9040C006000000000000144006000000000000F03F06A68AC389EF0713C0068E42E21E019A3FC006000000000000144006000000000000F03F068D824AF18B1514C006AC890BAC23DD3DC006000000000000144006000000
310
000000F03F06189313F3B5FE16C006CC1A62AE02EE3BC006000000000000144006000000000000F03F06C8FD74CB5FAF1AC006D15895AF113D3AC006000000000000144006000000000000F03F0697BFCF4E5B2B1EC00610AE1632F8E438C006000000000000144006000000000000F03F06780174F81C6720C0063A3B6F6A
310
17F737C006000000000000144006000000000000F03F0659D90B9BDB1921C0063C33D063087E37C006000000000000144006000000000000F03F0600000000000000000D0C6E756C6C5F737572666163650D0C6E756C6C5F737572666163650D066E756C6C62730D066E756C6C62730B0B0400000000040000000004000000
310
0004000000000A06000000000000F03F0A06000000000000000015000000001500000000100A0600000000000000000A06BDD12C4ABCADEF3F110D067665727465780CFFFFFFFF04FFFFFFFF0CFFFFFFFF0CD105000004000000000CD2050000110D06636F656467650CD305000004FFFFFFFF0CFFFFFFFF0CD40500000CA8
310
0500000CD50500000C6E0500000A0CD605000004000000000CD7050000110E08696E7463757276650D0563757276650CFFFFFFFF04FFFFFFFF0CFFFFFFFF0B0F0D0D65786163745F696E745F637572043C5A000015000000000D056E7572627304050000001500000000040B0000000600000000000000000405000000069A
310
9999999999B93F0401000000069A9999999999C93F040100000006343333333333D33F0401000000069A9999999999D93F040100000006000000000000E03F040100000006333333333333E33F040100000006666666666666E63F040100000006999999999999E93F040100000006CCCCCCCCCCCCEC3F0401000000060000
310
00000000F03F0405000000060973D9BFAF0FF6BC0600000000000044C006000000000000000006000000000000F03F06F5ADD92BFBD6D23F067CAE2B472ED443C006000000000000000006000000000000F03F06AB11EA55DDCDEA3F060AA3B0CC9A7C43C006000000000000000006000000000000F03F06A4EDF705CA41F8
310
3F063ECAC97A6DF942C006000000000000000006000000000000F03F062C938C04672501400611F693BFE74A42C006000000000000000006000000000000F03F063A425845567F0340061B23769C6C7141C006000000000000000006000000000000F03F06B7D8E7A302AC014006226AD5BCA89840C0060000000000000000
310
06000000000000F03F06B332242FB4FFF63F06D27DD43047813FC006000000000000000006000000000000F03F06A339F2EAD339C23F06CAC44266ACD23DC006000000000000000006000000000000F03F06D04606BA0817FABF063289A02861253CC006000000000000000006000000000000F03F062F3D9FEDC6A80EC006
310
CC5080ED42793AC006000000000000000006000000000000F03F06EE231E63F49C17C006A82A0E939D2339C006000000000000000006000000000000F03F06D79C1A6740791EC0065BFDD746D32338C006000000000000000006000000000000F03F06FDC7128450AA21C00624BED11F7E7937C00600000000000000000600
310
0000000000F03F06BCF48B3239EA22C006794B13FA5F2437C006000000000000000006000000000000F03F0600000000000000000D0C6E756C6C5F737572666163650D0C6E756C6C5F737572666163650D066E756C6C62730D066E756C6C62730B0B04000000000400000000040000000004000000000A06000000000000F0
310
3F0A06000000000000000015000000001500000000100A0600000000000000000A06065B1CBBF2DEEE3F110D06636F656467650CFFFFFFFF04FFFFFFFF0CFFFFFFFF0CA60500000CD80500000CD90500000CA90500000A0CD605000004000000000CDA050000110D04656467650CFFFFFFFF04FFFFFFFF0CFFFFFFFF0C2F05
310
00000600000000000000000CA305000006000000000000E03F0C710500000CDB0500000B0707756E6B6E6F776E110D067063757276650CFFFFFFFF04FFFFFFFF0CFFFFFFFF04000000000B0F0D0B6578705F7061725F6375720D046E7562730401000000150000000004020000000600000000000000000401000000060000
310
00000000E03F040100000006BDD12C4ABCADEF3F06000000000000000006BDD12C4ABCADEF3F06000000000000E03F0600000000000000000D0673706C696E650B0F0D037265660404010000100B0B0B0B10060000000000000000060000000000000000110D04666163650CDC05000004FFFFFFFF0CFFFFFFFF0C37050000
310
0C720500000C060000000CFFFFFFFF0CDD0500000B0B110D067063757276650CFFFFFFFF04FFFFFFFF0CFFFFFFFF04000000000B0F0D0B6578705F7061725F6375720D046E75627304010000001500000000040200000006BDD12C4ABCADEFBF0401000000060000000000000080040100000006FAF72D4ABCADEF3F060000
310
00000000E03F06000000000000000006000000000000E03F0600000000000000000D0673706C696E650B0F0D037265660404010000100B0B0B0B10060000000000000000060000000000000000110E0D4154545249425F435553544F4D0D066174747269620CFFFFFFFF04FFFFFFFF0CFFFFFFFF0CFFFFFFFF0C7805000007
310
11736B657463685F6174747269625F646566040100000004010000000403000000070D31373620302030203020322032110D06636F656467650CDE05000004FFFFFFFF0CFFFFFFFF0C780500000CDF0500000CE00500000CE10500000A0C4800000004000000000CFFFFFFFF110D06636F656467650CE205000004FFFFFFFF
310
0CFFFFFFFF0CE30500000CE40500000C780500000CB00500000B0CE505000004000000000CE6050000110D04656467650CFFFFFFFF04FFFFFFFF0CFFFFFFFF0C2F05000006165B1CBBF2DEEE3F0CE705000006000000000000F03F0CAF0500000CE80500000B0707756E6B6E6F776E110E0D4154545249425F435553544F4D
310
0D066174747269620CFFFFFFFF04FFFFFFFF0CFFFFFFFF0CFFFFFFFF0C7A050000071667656E657269635F7461675F6174747269625F6465660403000000040300000004FFFFFFFF071767656E657269635F7461675F6174747269625F64656620040100000004020000000702323904000000000401000000042D01000004
310
00000000110E0673706C696E650D07737572666163650CFFFFFFFF04FFFFFFFF0CFFFFFFFF0B0F0D0372656604F8000000100B0B0B0B110D06636F656467650CFFFFFFFF04FFFFFFFF0CFFFFFFFF0CE90500000C7C0500000CEA0500000CEB0500000B0C7C00000004000000000CFFFFFFFF110D067063757276650CFFFFFF
310
FF04FFFFFFFF0CFFFFFFFF04000000000B0F0D0B6578705F7061725F6375720D046E75627304010000001500000000040200000006000000000000E0BF0401000000060000000000000080040100000006000000000000F0BF06000000000000E03F06000000000000F0BF0600000000000000000600000000000000000D06
310
73706C696E650B0F0D0372656604F8000000100B0B0B0B10060000000000000000060000000000000000110E08696E7463757276650D0563757276650CFFFFFFFF04FFFFFFFF0CFFFFFFFF0A0F0D0372656604E0000000100A06000000000000F0BF0A0602F82D4ABCADEFBF110E0873747261696768740D0563757276650C
310
FFFFFFFF04FFFFFFFF0CFFFFFFFF1348F13E38D71130C0AAF63137AF2633C00000000000000000140000000000000000000000000000000000000000000024400A0600000000000000000A06000000000000E03F110E0D4154545249425F435553544F4D0D066174747269620CFFFFFFFF04FFFFFFFF0CFFFFFFFF0CFFFFFF
310
FF0C84050000071667656E657269635F7461675F6174747269625F6465660403000000040300000004FFFFFFFF071767656E657269635F7461675F6174747269625F64656620040100000004020000000702323804000000000401000000042D0100000400000000110E04636F6E650D07737572666163650CFFFFFFFF04FF
310
FFFFFF0CFFFFFFFF130000000000000000000000000000000000000000000000001400000000000000000000000000000000000000000000F03F1400000000000039400000000000000000000000000000000006000000000000F03F0B0B06000000000000000006000000000000F03F0600000000000039400B0B0B0B0B11
310
0D05706F696E740CFFFFFFFF04FFFFFFFF0CFFFFFFFF1348F13E38D71130C0AAF63137AF2633C00000000000001440110E0D4154545249425F435553544F4D0D066174747269620CFFFFFFFF04FFFFFFFF0CFFFFFFFF0CFFFFFFFF0C8D050000071667656E657269635F7461675F6174747269625F64656604030000000403
310
00000004FFFFFFFF071767656E657269635F7461675F6174747269625F64656620040100000004020000000702363304000000000401000000042D0100000400000000110D04666163650CEC05000004FFFFFFFF0CFFFFFFFF0CED0500000CEE0500000C060000000CFFFFFFFF0CEF0500000B0B110D046C6F6F700CFFFFFF
310
FF04FFFFFFFF0CFFFFFFFF0CFFFFFFFF0CF00500000C8D050000110E04636F6E650D07737572666163650CFFFFFFFF04FFFFFFFF0CFFFFFFFF130000000000000000000000000000000000000000000000001400000000000000000000000000000000000000000000F03F1400000000000039400000000000000000000000
310
000000000006000000000000F03F0B0B06000000000000000006000000000000F03F0600000000000039400B0B0B0B0B110D06636F656467650CF105000004FFFFFFFF0CFFFFFFFF0CF20500000CF30500000CF40500000CF50500000A0C8E05000004000000000CF6050000110E0D4154545249425F435553544F4D0D0661
310
74747269620CFFFFFFFF04FFFFFFFF0CFFFFFFFF0CFFFFFFFF0C900500000711736B657463685F6174747269625F646566040100000004010000000403000000070D32313820302031203020312032110D06636F656467650CFFFFFFFF04FFFFFFFF0CFFFFFFFF0CF70500000C900500000C920500000CC50500000B0C5305
310
000004000000000CF8050000110D06636F656467650CFFFFFFFF04FFFFFFFF0CFFFFFFFF0C900500000CF70500000CF20500000CF90500000A0C5305000004000000000CFA050000110D06636F656467650CFB05000004FFFFFFFF0CFFFFFFFF0CF40500000C930500000C900500000CC30500000B0C480000000400000000
310
0CFFFFFFFF110D04656467650CFFFFFFFF04FFFFFFFF0CFFFFFFFF0CC80500000600000000000000000CFC050000060E5B1CBBF2DEEE3F0C900500000CFD0500000B0707756E6B6E6F776E110D067063757276650CFFFFFFFF04FFFFFFFF0CFFFFFFFF04000000000B0F0D0B6578705F7061725F6375720D046E7562730401
310
00000015000000000402000000060E5B1CBBF2DEEEBF04010000000600000000000000800401000000061F5B1CBBF2DEEEBF0600000000000000000600000000000000800600000000000000000600000000000000000D0673706C696E650B0F0D0372656604FC000000100B0B0B0B10060000000000000000060000000000
310
000000110D04656467650CFFFFFFFF04FFFFFFFF0CFFFFFFFF0CC80500000600000000000000000CCD05000006000000000000E03F0CC00500000CFE0500000B0707756E6B6E6F776E110D067063757276650CFFFFFFFF04FFFFFFFF0CFFFFFFFF04000000000B0F0D0B6578705F7061725F6375720D046E75627304010000
310
001500000000040200000006000000000000E0BF0401000000060000000000000080040100000006000000000000000006000000000000E03F0600000000000000000600000000000000000600000000000000000D0673706C696E650B0F0D0372656604EE000000100B0B0B0B100600000000000000000600000000000000
310
00110E0D4154545249425F435553544F4D0D066174747269620CFFFFFFFF04FFFFFFFF0CFFFFFFFF0CFFFFFFFF0C930500000711736B657463685F6174747269625F646566040100000004010000000403000000070D32313520302030203020312032110D067665727465780CFFFFFFFF04FFFFFFFF0CFFFFFFFF0C940500
310
0004000000000CFF050000110E08696E7463757276650D0563757276650CFFFFFFFF04FFFFFFFF0CFFFFFFFF0B0F0D0372656604D4000000100A0600000000000000000A06C3D12C4ABCADEF3F110D05706F696E740CFFFFFFFF04FFFFFFFF0CFFFFFFFF13D40A1041CB1E36407819EBD1254C27400000000000001440110E
310
08696E7463757276650D0563757276650CFFFFFFFF04FFFFFFFF0CFFFFFFFF0B0F0D0372656604F2000000100A06185B1CBBF2DEEE3F0A06000000000000F03F110D06636F656467650CFFFFFFFF04FFFFFFFF0CFFFFFFFF0C9F0500000C000600000CF70500000C010600000B0C7C00000004000000000CFFFFFFFF110D06
310
7665727465780CFFFFFFFF04FFFFFFFF0CFFFFFFFF0CA005000004000000000C02060000110E08696E7463757276650D0563757276650CFFFFFFFF04FFFFFFFF0CFFFFFFFF0B0F0D037265660402010000100A0600000000000000000A06C3D12C4ABCADEF3F110D04656467650CFFFFFFFF04FFFFFFFF0CFFFFFFFF0CA305
310
000006065B1CBBF2DEEEBF0C030600000600000000000000800CD80500000C040600000B0707756E6B6E6F776E110D05706F696E740CFFFFFFFF04FFFFFFFF0CFFFFFFFF1374F130F21EC120C0D2A197579ABA37C00000000000001440110D04656467650CFFFFFFFF04FFFFFFFF0CFFFFFFFF0CA505000006000000000000
310
00000C0506000006C7D12C4ABCADEF3F0C060600000C070600000B0707756E6B6E6F776E110D05706F696E740CFFFFFFFF04FFFFFFFF0CFFFFFFFF130973D9BFAF0FF6BC00000000000044C00000000000000000110E0D4154545249425F435553544F4D0D066174747269620CFFFFFFFF04FFFFFFFF0CFFFFFFFF0CFFFFFF
310
FF0CA60500000711736B657463685F6174747269625F646566040100000004010000000403000000070D31373620302031203020312032110D06636F656467650CFFFFFFFF04FFFFFFFF0CFFFFFFFF0CD80500000CA60500000C080600000C090600000B0CD605000004000000000C0A060000110D06636F656467650C0B06
310
000004FFFFFFFF0CFFFFFFFF0CDF0500000C0C0600000CA60500000C6E0500000B0C4800000004000000000CFFFFFFFF110D046C6F6F700CFFFFFFFF04FFFFFFFF0CFFFFFFFF0CFFFFFFFF0CA60500000C0D060000110D067063757276650CFFFFFFFF04FFFFFFFF0CFFFFFFFF04000000000B0F0D0B6578705F7061725F63
310
75720D046E75627304010000001500000000040200000006065B1CBBF2DEEEBF0401000000060000000000000080040100000006165B1CBBF2DEEEBF0600000000000000000600000000000000800600000000000000000600000000000000000D0673706C696E650B0F0D0B63796C5F73706C5F737572043C5A00000D0869
310
6E7463757276650A0F0D03726566040F010000100A06065B1CBBF2DEEEBF0A0600000000000000801400000000000000000000000000000000000000000000244013F05C57F60D02FCBF6D1A2332058A3FC0000000000000000015020000000A06065B1CBBF2DEEEBF0A0600000000000000800A0600000000000000000A06
310
000000000000E03F15000000001500000000150000000015000000000400000000040000000004000000000400000000040000000004000000000B100B0B0B0B10060000000000000000060000000000000000110D06636F656467650CFFFFFFFF04FFFFFFFF0CFFFFFFFF0CA80500000CD40500000C0E0600000CCF050000
310
0A0CD605000004000000000C0F060000110D06636F656467650CFFFFFFFF04FFFFFFFF0CFFFFFFFF0C100600000C110600000CE40500000CA90500000B0C1206000004000000000C13060000110D067063757276650CFFFFFFFF04FFFFFFFF0CFFFFFFFF04000000000B0F0D0B6578705F7061725F6375720D046E75627304
310
010000001500000000040200000006000000000000E0BF0401000000060000000000000080040100000006065B1CBBF2DEEEBF06000000000000E03F06065B1CBBF2DEEEBF0600000000000000000600000000000000000D0673706C696E650B0F0D037265660416010000100B0B0B0B100600000000000000000600000000
310
00000000110E0873747261696768740D0563757276650CFFFFFFFF04FFFFFFFF0CFFFFFFFF1374F130F21EC120C0D2A197579ABA37C00000000000000000140000000000000000000000000000000000000000000024400A0600000000000000000A06000000000000E03F110E0D4154545249425F435553544F4D0D066174
310
747269620CFFFFFFFF04FFFFFFFF0CFFFFFFFF0CFFFFFFFF0CAB050000071667656E657269635F7461675F6174747269625F6465660403000000040300000004FFFFFFFF071767656E657269635F7461675F6174747269625F64656620040100000004020000000702333104000000000401000000042D0100000400000000
310
110E0673706C696E650D07737572666163650CFFFFFFFF04FFFFFFFF0CFFFFFFFF0B0F0D037265660404010000100B0B0B0B110E0D4154545249425F435553544F4D0D066174747269620CFFFFFFFF04FFFFFFFF0CFFFFFFFF0CFFFFFFFF0CAE0500000711736B657463685F6174747269625F646566040100000004010000
310
000403000000070F313037203020302030203236203336110D06636F656467650C1406000004FFFFFFFF0CFFFFFFFF0CAE0500000CD50500000C110600000C150600000B0C4800000004000000000CFFFFFFFF110D06636F656467650C1606000004FFFFFFFF0CFFFFFFFF0C170600000C180600000CAE0500000CE1050000
310
0B0C1906000004000000000CFFFFFFFF110D04656467650CFFFFFFFF04FFFFFFFF0CFFFFFFFF0CE705000006DFED2F7D0E57FFBF0C1A060000063BFEFD66C1B7FEBF0CE00500000C1B0600000B0707756E6B6E6F776E110E0D4154545249425F435553544F4D0D066174747269620CFFFFFFFF04FFFFFFFF0CFFFFFFFF0CFF
310
FFFFFF0CAF0500000711736B657463685F6174747269625F646566040100000004010000000403000000070D31373620302030203020322032110D06636F656467650CFFFFFFFF04FFFFFFFF0CFFFFFFFF0CEA0500000CAF0500000C180600000C1C0600000B0CE505000004000000000C1D060000110D06636F656467650C
310
FFFFFFFF04FFFFFFFF0CFFFFFFFF0CAF0500000CEA0500000C710500000CA90500000A0CE505000004000000000C1E060000110D046C6F6F700CFFFFFFFF04FFFFFFFF0CFFFFFFFF0CFFFFFFFF0CAF0500000C1F060000110D067063757276650CFFFFFFFF04FFFFFFFF0CFFFFFFFF04000000000B0F0D0B6578705F706172
310
5F6375720D046E75627304010000001500000000040200000006165B1CBBF2DEEE3F040100000006000000000000F03F040100000006265B1CBBF2DEEE3F06000000000000000006000000000000F03F0600000000000000000600000000000000000D0673706C696E650B0F0D0B63796C5F73706C5F737572043C5A00000D
310
08696E7463757276650B0F0D03726566040F010000100A06165B1CBBF2DEEE3F0A06000000000000F03F1400000000000000000000000000000000000000000000244013F05C57F60D02FCBF6D1A2332058A3FC0000000000000000015020000000A06165B1CBBF2DEEE3F0A06000000000000F03F0A060000000000000000
310
0A06000000000000E03F15000000001500000000150000000015000000000400000000040000000004000000000400000000040000000004000000000B100B0B0B0B10060000000000000000060000000000000000110D067665727465780CFFFFFFFF04FFFFFFFF0CFFFFFFFF0CE105000004000000000C20060000110E08
310
696E7463757276650D0563757276650CFFFFFFFF04FFFFFFFF0CFFFFFFFF0B0F0D03726566040F010000100A06065B1CBBF2DEEE3F0A06000000000000F03F110D06636F656467650CFFFFFFFF04FFFFFFFF0CFFFFFFFF0C210600000CB30500000C220600000C230600000B0C7C00000004000000000CFFFFFFFF110D0663
310
6F656467650CFFFFFFFF04FFFFFFFF0CFFFFFFFF0CE40500000CE30500000CB30500000CEB0500000A0CE505000004000000000C24060000110D04656467650CFFFFFFFF04FFFFFFFF0CFFFFFFFF0CA305000006165B1CBBF2DEEE3F0C2506000006000000000000F03F0CEA0500000C260600000B0707756E6B6E6F776E11
310
0E0D4154545249425F435553544F4D0D066174747269620CFFFFFFFF04FFFFFFFF0CFFFFFFFF0CFFFFFFFF0CBB050000071667656E657269635F7461675F6174747269625F6465660403000000040300000004FFFFFFFF071767656E657269635F7461675F6174747269625F64656620040100000004020000000702363204
310
000000000401000000042D0100000400000000110D04666163650C2706000004FFFFFFFF0CFFFFFFFF0C280600000C290600000C060000000CFFFFFFFF0C2A0600000B0B110D046C6F6F700CFFFFFFFF04FFFFFFFF0CFFFFFFFF0CFFFFFFFF0C2B0600000CBB050000110E0673706C696E650D07737572666163650CFFFFFF
310
FF04FFFFFFFF0CFFFFFFFF0B0F0D0B63796C5F73706C5F737572043C5A00000D08696E7463757276650B0F0D0372656604FD000000100A061F5B1CBBF2DEEE3F0A06000000000000F03F1400000000000000000000000000000000000000000000244013C8FCC0F25E303C406294D4D0D6812C400000000000000000150200
310
00000A061F5B1CBBF2DEEE3F0A06000000000000F03F0A0600000000000000000A06000000000000E03F15000000001500000000150000000015000000000400000000040000000004000000000400000000040000000004000000000B100B0B0B0B110D06636F656467650C2C06000004FFFFFFFF0CFFFFFFFF0C2D060000
310
0C2E0600000C2F0600000C300600000B0CBC05000004000000000CFFFFFFFF110E0D4154545249425F435553544F4D0D066174747269620CFFFFFFFF04FFFFFFFF0CFFFFFFFF0CFFFFFFFF0CBE0500000711736B657463685F6174747269625F646566040100000004010000000403000000070D3230382030203120302032
310
2032110D06636F656467650CFFFFFFFF04FFFFFFFF0CFFFFFFFF0C310600000CBE0500000C320600000CF90500000B0C8E05000004000000000C33060000110D06636F656467650CFFFFFFFF04FFFFFFFF0CFFFFFFFF0CBE0500000C310600000C2D0600000C340600000A0C8E05000004000000000C35060000110D06636F
310
656467650C3606000004FFFFFFFF0CFFFFFFFF0C2F0600000CC20500000CBE0500000CF50500000B0C4800000004000000000CFFFFFFFF110D04656467650CFFFFFFFF04FFFFFFFF0CFFFFFFFF0CFC0500000600F82D4ABCADEF3F0C3706000006000000000000F03F0CBE0500000C380600000B0707756E6B6E6F776E110D
310
067063757276650CFFFFFFFF04FFFFFFFF0CFFFFFFFF04000000000B0F0D0B6578705F7061725F6375720D046E75627304010000001500000000040200000006000000000000F0BF04010000000600F82D4ABCADEFBF040100000006000000000000F0BF060000000000000000063B1E2F4ABCADEFBF060000000000000000
310
0600000000000000000D0673706C696E650B0F0D037265660408010000100B0B0B0B10060000000000000000060000000000000000110D06636F656467650CFFFFFFFF04FFFFFFFF0CFFFFFFFF0CC10500000CC00500000CCC0500000C010600000A0C5305000004000000000C39060000110D067063757276650CFFFFFFFF
310
04FFFFFFFF0CFFFFFFFF04000000000B0F0D0B6578705F7061725F6375720D046E756273040100000015000000000402000000060000000000000000040100000006000000000000E03F040100000006000000000000008006000000000000000006000000000000008006000000000000E03F0600000000000000000D0673
310
706C696E650B0F0D0372656604FC000000100B0B0B0B10060000000000000000060000000000000000110D04656467650CFFFFFFFF04FFFFFFFF0CFFFFFFFF0CFC0500000600000000000000000C3A06000006000000000000E03F0C3B0600000C3C0600000B0707756E6B6E6F776E110D067063757276650CFFFFFFFF04FF
310
FFFFFF0CFFFFFFFF04000000000B0F0D0B6578705F7061725F6375720D046E75627304010000001500000000040200000006000000000000E0BF04010000000600000000000000800401000000060E5B1CBBF2DEEEBF06000000000000E03F060E5B1CBBF2DEEEBF0600000000000000000600000000000000000D0673706C
310
696E650B0F0D0372656604FC000000100B0B0B0B10060000000000000000060000000000000000110E0D4154545249425F435553544F4D0D066174747269620CFFFFFFFF04FFFFFFFF0CFFFFFFFF0CFFFFFFFF0CC20500000711736B657463685F6174747269625F646566040100000004010000000403000000070D323138
310
20302031203020312032110D067665727465780CFFFFFFFF04FFFFFFFF0CFFFFFFFF0CC305000004010000000C3D060000110E08696E7463757276650D0563757276650CFFFFFFFF04FFFFFFFF0CFFFFFFFF0B0F0D0372656604FD000000100A0600000000000000000A060E5B1CBBF2DEEE3F110E0873747261696768740D
310
0563757276650CFFFFFFFF04FFFFFFFF0CFFFFFFFF13EA2F37D10C52414001000000000034400000000000000000140000000000000000000000000000000000000000000024400A0600000000000000000A06000000000000E03F110D05706F696E740CFFFFFFFF04FFFFFFFF0CFFFFFFFF13EA2F37D10C52414001000000
310
000034400000000000000000110D06636F656467650CFFFFFFFF04FFFFFFFF0CFFFFFFFF0CCC0500000C3E0600000C310600000C3F0600000B0C7C00000004000000000CFFFFFFFF110D04656467650CFFFFFFFF04FFFFFFFF0CFFFFFFFF0C3A060000060E5B1CBBF2DEEEBF0CCD0500000600000000000000800CF7050000
310
0C400600000B0707756E6B6E6F776E110D05706F696E740CFFFFFFFF04FFFFFFFF0CFFFFFFFF13EA2F37D10C52414001000000000034400000000000001440110D067665727465780CFFFFFFFF04FFFFFFFF0CFFFFFFFF0C4106000004000000000C42060000110E08696E7463757276650D0563757276650CFFFFFFFF04FF
310
FFFFFF0CFFFFFFFF0A0F0D0D65786163745F696E745F637572043C5A000015000000000D056E7572627304050000001500000000040B0000000600000000000000000405000000069A9999999999B93F0401000000069A9999999999C93F040100000006343333333333D33F0401000000069A9999999999D93F0401000000
310
06000000000000E03F040100000006333333333333E33F040100000006666666666666E63F040100000006999999999999E93F040100000006CCCCCCCCCCCCEC3F040100000006000000000000F03F0405000000060973D9BFAF0FF6BC0600000000000044C006000000000000144006000000000000F03F06F5ADD92BFBD6
310
D23F067CAE2B472ED443C006000000000000144006000000000000F03F06AB11EA55DDCDEA3F060AA3B0CC9A7C43C006000000000000144006000000000000F03F06A4EDF705CA41F83F063ECAC97A6DF942C006000000000000144006000000000000F03F062C938C04672501400611F693BFE74A42C00600000000000014
310
4006000000000000F03F063A425845567F0340061B23769C6C7141C006000000000000144006000000000000F03F06B7D8E7A302AC014006226AD5BCA89840C006000000000000144006000000000000F03F06B332242FB4FFF63F06D27DD43047813FC006000000000000144006000000000000F03F06A339F2EAD339C23F
310
06CAC44266ACD23DC006000000000000144006000000000000F03F06D04606BA0817FABF063289A02861253CC006000000000000144006000000000000F03F062F3D9FEDC6A80EC006CC5080ED42793AC006000000000000144006000000000000F03F06EE231E63F49C17C006A82A0E939D2339C006000000000000144006
310
000000000000F03F06D79C1A6740791EC0065BFDD746D32338C006000000000000144006000000000000F03F06FDC7128450AA21C00624BED11F7E7937C006000000000000144006000000000000F03F06BCF48B3239EA22C006794B13FA5F2437C006000000000000144006000000000000F03F0600000000000000000D0C
310
6E756C6C5F737572666163650D0C6E756C6C5F737572666163650D066E756C6C62730D066E756C6C62730B0B04000000000400000000040000000004000000000A06000000000000F03F0A06000000000000000015000000001500000000100A06065B1CBBF2DEEEBF0A060000000000000080110D067665727465780CFFFF
310
FFFF04FFFFFFFF0CFFFFFFFF0C4306000004010000000C44060000110D06636F656467650C4506000004FFFFFFFF0CFFFFFFFF0C460600000C080600000C0C0600000CD10500000B0C4706000004000000000C48060000110E08696E7463757276650D0563757276650CFFFFFFFF04FFFFFFFF0CFFFFFFFF0B0F0D0D657861
310
63745F696E745F637572043C5A000015000000000D056E7572627304050000001500000000040B0000000600000000000000000405000000069A9999999999B93F0401000000069A9999999999C93F040100000006343333333333D33F0401000000069A9999999999D93F040100000006000000000000E03F040100000006
310
333333333333E33F040100000006666666666666E63F040100000006999999999999E93F040100000006CCCCCCCCCCCCEC3F040100000006000000000000F03F0405000000060973D9BFAF0FF6BC0600000000000044C006000000000000000006000000000000F03F06EA64D0CBC2AADF3F066BC8BCFBD3DC43C006000000
310
000000000006000000000000F03F06CAEA2F99D00DF73F06A6DE2444339643C006000000000000000006000000000000F03F0696B67C3ADFD50540061C1E9224682B43C006000000000000000006000000000000F03F06DD90936172BA104006A21A97AC489B42C006000000000000000006000000000000F03F06AED89BA0
310
5E1A164006960931CE0CE441C006000000000000000006000000000000F03F06E691E325B56C194006CA0515B5772941C006000000000000000006000000000000F03F06EEB8173D42881A4006A692F22D466B40C006000000000000000006000000000000F03F0698E3CCE2A759194006642E8744B1523FC0060000000000
310
00000006000000000000F03F0615A69173B1FB1540063BBC4F8BB5C73DC006000000000000000006000000000000F03F06E2E92A7F179A104006623666CE27363CC006000000000000000006000000000000F03F06C1092B1933A40540069F50B9DE18F03AC006000000000000000006000000000000F03F06023D2F399ED4
310
F63F06D4D039B004F939C006000000000000000006000000000000F03F06D740F92EC558DF3F061BCFD0D9305339C006000000000000000006000000000000F03F06CBCFCFAF9B93EBBC0600000000000039C006000000000000000006000000000000F03F0600000000000000000D0C6E756C6C5F737572666163650D0C6E
310
756C6C5F737572666163650D066E756C6C62730D066E756C6C62730B0B04000000000400000000040000000004000000000A06000000000000F03F0A06000000000000000015000000001500000000100A0600000000000000000A06C7D12C4ABCADEF3F110D06636F656467650CFFFFFFFF04FFFFFFFF0CFFFFFFFF0C0606
310
00000C490600000CD40500000C090600000A0C4706000004000000000C4A060000110D04656467650CFFFFFFFF04FFFFFFFF0CFFFFFFFF0CA50500000600000000000000000C0306000006000000000000E03F0CD40500000C4B0600000B0707756E6B6E6F776E110D067063757276650CFFFFFFFF04FFFFFFFF0CFFFFFFFF
310
04000000000B0F0D0B6578705F7061725F6375720D046E756273040100000015000000000402000000060000000000000000040100000006000000000000E03F040100000006000000000000008006000000000000000006000000000000008006000000000000E03F0600000000000000000D0673706C696E650B0F0D0372
310
65660416010000100B0B0B0B10060000000000000000060000000000000000110E0D4154545249425F435553544F4D0D066174747269620CFFFFFFFF04FFFFFFFF0CFFFFFFFF0CFFFFFFFF0CD50500000711736B657463685F6174747269625F646566040100000004010000000403000000070D3137362030203120302031
310
2032110D06636F656467650C4C06000004FFFFFFFF0CFFFFFFFF0CD50500000C4D0600000C060600000CD10500000A0C4800000004000000000CFFFFFFFF110D04666163650C4E06000004FFFFFFFF0CFFFFFFFF0C4F0600000CD60500000C060000000CFFFFFFFF0C500600000B0B110D06636F656467650CFFFFFFFF04FF
310
FFFFFF0CFFFFFFFF0C510600000C210600000CD80500000CCF0500000B0C7C00000004000000000CFFFFFFFF110D067063757276650CFFFFFFFF04FFFFFFFF0CFFFFFFFF04000000000B0F0D0B6578705F7061725F6375720D046E756273040100000015000000000402000000060000000000000000040100000006065B1C
310
BBF2DEEE3F040100000006000000000000008006000000000000E03F06165B1CBBF2DEEEBF06000000000000E03F0600000000000000000D0673706C696E650B0F0D037265660416010000100B0B0B0B10060000000000000000060000000000000000110D06636F656467650CFFFFFFFF04FFFFFFFF0CFFFFFFFF0C520600
310
000CD90500000C210600000C530600000A0C1206000004000000000C54060000110D06636F656467650C5506000004FFFFFFFF0CFFFFFFFF0CD90500000C520600000CDF0500000C150600000A0C1206000004000000000C56060000110D046C6F6F700CFFFFFFFF04FFFFFFFF0CFFFFFFFF0CFFFFFFFF0C110600000C4F06
310
0000110D067063757276650CFFFFFFFF04FFFFFFFF0CFFFFFFFF04000000000B0F0D0B6578705F7061725F6375720D046E756273040100000015000000000402000000060000000000000000040100000006000000000000E03F040100000006FAF72D4ABCADEFBF06000000000000000006FAF72D4ABCADEFBF0600000000
310
0000E03F0600000000000000000D0673706C696E650B0F0D0B63796C5F73706C5F737572043C5A00000D08696E7463757276650A0F0D0372656604F4000000100A06000000000000F0BF0A06FAF72D4ABCADEFBF140000000000000000000000000000000000000000000024401390F21F1B325520C0D4326D7B72C93FC000
310
0000000000000015020000000A06000000000000F0BF0A06FAF72D4ABCADEFBF0A0600000000000000000A06000000000000E03F15000000001500000000150000000015000000000400000000040000000004000000000400000000040000000004000000000B100B0B0B0B10060000000000000000060000000000000000
310
110E0D4154545249425F435553544F4D0D066174747269620CFFFFFFFF04FFFFFFFF0CFFFFFFFF0CFFFFFFFF0CDF0500000711736B657463685F6174747269625F646566040100000004010000000403000000070D31363620302031203020322032110D04656467650CFFFFFFFF04FFFFFFFF0CFFFFFFFF0C2F05000006FA
310
F72D4ABCADEF3F0C1A06000006000000000000F03F0C110600000C570600000B0707756E6B6E6F776E110E0D4154545249425F435553544F4D0D066174747269620CFFFFFFFF04FFFFFFFF0CFFFFFFFF0CFFFFFFFF0CE00500000711736B657463685F6174747269625F646566040100000004010000000403000000070F31
310
3037203020302030203236203336110D06636F656467650CFFFFFFFF04FFFFFFFF0CFFFFFFFF0C220600000CE00500000C520600000C580600000B0C1906000004000000000CFFFFFFFF110D06636F656467650CFFFFFFFF04FFFFFFFF0CFFFFFFFF0CE00500000C220600000CE30500000C1C0600000A0C19060000040000
310
00000CFFFFFFFF110D046C6F6F700CFFFFFFFF04FFFFFFFF0CFFFFFFFF0CFFFFFFFF0CE00500000C59060000110D067665727465780CFFFFFFFF04FFFFFFFF0CFFFFFFFF0C1506000004010000000C5A060000110E07656C6C697073650D0563757276650CFFFFFFFF04FFFFFFFF0CFFFFFFFF130000000000000000000000
310
000000000000000000000000001400000000000000000000000000000000000000000000F03F1400000000000039400000000000000000000000000000000006000000000000F03F0A06DFED2F7D0E57FFBF0A063BFEFD66C1B7FEBF110D04656467650CFFFFFFFF04FFFFFFFF0CFFFFFFFF0CE70500000600000000000000
310
000C2506000006000000000000E03F0CE30500000C5B0600000B0707756E6B6E6F776E110D067063757276650CFFFFFFFF04FFFFFFFF0CFFFFFFFF04000000000B0F0D0B6578705F7061725F6375720D046E756273040100000015000000000402000000060000000000000000040100000006000000000000E03F04010000
310
0006000000000000F03F06000000000000000006000000000000F03F06000000000000E03F0600000000000000000D0673706C696E650B0F0D037265660419010000100B0B0B0B10060000000000000000060000000000000000110D067063757276650CFFFFFFFF04FFFFFFFF0CFFFFFFFF04000000000B0F0D0B6578705F
310
7061725F6375720D046E75627304010000001500000000040200000006000000000000E0BF0401000000060000000000000080040100000006165B1CBBF2DEEE3F06000000000000E03F06165B1CBBF2DEEE3F0600000000000000000600000000000000000D0673706C696E650B0F0D037265660419010000100B0B0B0B10
310
060000000000000000060000000000000000110D04666163650C5C06000004FFFFFFFF0CFFFFFFFF0CAB0500000CE50500000C060000000CFFFFFFFF0C5D0600000B0B110D05706F696E740CFFFFFFFF04FFFFFFFF0CFFFFFFFF13BCF48B3239EA22C0794B13FA5F2437C00000000000000000110D06636F656467650CFFFF
310
FFFF04FFFFFFFF0CFFFFFFFF0C0E0600000CE90500000C100600000C530600000B0C7C00000004000000000CFFFFFFFF110D06636F656467650CFFFFFFFF04FFFFFFFF0CFFFFFFFF0C180600000C170600000CE90500000C230600000A0C1906000004000000000CFFFFFFFF110D04656467650CFFFFFFFF04FFFFFFFF0CFF
310
FFFFFF0C2506000006DFED2F7D0E57FFBF0C5E060000063BFEFD66C1B7FEBF0C220600000C5F0600000B0707756E6B6E6F776E110D067063757276650CFFFFFFFF04FFFFFFFF0CFFFFFFFF04000000000B0F0D0B6578705F7061725F6375720D046E75627304010000001500000000040200000006000000000000F0BF0401
310
00000006165B1CBBF2DEEEBF040100000006000000000000F03F06000000000000E03F06265B1CBBF2DEEE3F06000000000000E03F0600000000000000000D0673706C696E650B0F0D037265660419010000100B0B0B0B10060000000000000000060000000000000000110D067665727465780CFFFFFFFF04FFFFFFFF0CFF
310
FFFFFF0C2306000004000000000C60060000110E08696E7463757276650D0563757276650CFFFFFFFF04FFFFFFFF0CFFFFFFFF0B0F0D03726566041E010000100A06165B1CBBF2DEEE3F0A06000000000000F03F110E0D4154545249425F435553544F4D0D066174747269620CFFFFFFFF04FFFFFFFF0CFFFFFFFF0CFFFFFF
310
FF0CED050000071667656E657269635F7461675F6174747269625F6465660403000000040300000004FFFFFFFF071767656E657269635F7461675F6174747269625F64656620040100000004020000000702363104000000000401000000042D0100000400000000110D04666163650C6106000004FFFFFFFF0CFFFFFFFF0C
310
620600000C630600000C060000000CFFFFFFFF0C640600000B0B110D046C6F6F700CFFFFFFFF04FFFFFFFF0CFFFFFFFF0CFFFFFFFF0C650600000CED050000110E0673706C696E650D07737572666163650CFFFFFFFF04FFFFFFFF0CFFFFFFFF0B0F0D0B63796C5F73706C5F737572043C5A00000D08696E7463757276650B
310
0F0D037265660409010000100A0600000000000000000A06C5D12C4ABCADEF3F14000000000000000000000000000000000000000000002440134AC7DAF0889C3F4058342AEC6CA42140000000000000000015020000000A0600000000000000000A06C5D12C4ABCADEF3F0A0600000000000000000A06000000000000E03F
310
15000000001500000000150000000015000000000400000000040000000004000000000400000000040000000004000000000B100B0B0B0B110D06636F656467650C6606000004FFFFFFFF0CFFFFFFFF0C670600000C320600000C680600000C690600000B0CEE05000004000000000C6A060000110E0D4154545249425F43
310
5553544F4D0D066174747269620CFFFFFFFF04FFFFFFFF0CFFFFFFFF0CFFFFFFFF0CF00500000711736B657463685F6174747269625F646566040100000004010000000403000000070E3130372030203020302032203336110D06636F656467650CFFFFFFFF04FFFFFFFF0CFFFFFFFF0C6B0600000CF00500000CF3050000
310
0C340600000B0CBC05000004000000000CFFFFFFFF110D06636F656467650CFFFFFFFF04FFFFFFFF0CFFFFFFFF0CF00500000C6B0600000C670600000C6C0600000A0CBC05000004000000000CFFFFFFFF110D06636F656467650C6D06000004FFFFFFFF0CFFFFFFFF0C680600000CF40500000CF00500000C300600000A0C
310
4800000004000000000CFFFFFFFF110D04656467650CFFFFFFFF04FFFFFFFF0CFFFFFFFF0C6E0600000667C75799AF5CC13F0C37060000067944E74A1857C63F0CF00500000C6F0600000B0707756E6B6E6F776E110D06636F656467650CFFFFFFFF04FFFFFFFF0CFFFFFFFF0CF30500000CF20500000C000600000C3F0600
310
000A0C8E05000004000000000C70060000110D06636F656467650CFFFFFFFF04FFFFFFFF0CFFFFFFFF0C2B0600000C710600000C3B0600000CF90500000A0CEE05000004000000000C72060000110D067063757276650CFFFFFFFF04FFFFFFFF0CFFFFFFFF04000000000B0F0D0B6578705F7061725F6375720D046E756273
310
040100000015000000000402000000060000000000000000040100000006000000000000E03F04010000000600F82D4ABCADEFBF0600000000000000000600F82D4ABCADEFBF06000000000000E03F0600000000000000000D0673706C696E650B0F0D037265660408010000100B0B0B0B1006000000000000000006000000
310
0000000000110D04656467650CFFFFFFFF04FFFFFFFF0CFFFFFFFF0C370600000600000000000000000C7306000006000000000000E03F0C2D0600000C740600000B0707756E6B6E6F776E110D067063757276650CFFFFFFFF04FFFFFFFF0CFFFFFFFF04000000000B0F0D0B6578705F7061725F6375720D046E7562730401
310
0000001500000000040200000006000000000000E0BF0401000000060000000000000080040100000006000000000000F0BF06000000000000E03F06000000000000F0BF0600000000000000000600000000000000000D0673706C696E650B0F0D037265660408010000100B0B0B0B10060000000000000000060000000000
310
000000110E0D4154545249425F435553544F4D0D066174747269620CFFFFFFFF04FFFFFFFF0CFFFFFFFF0CFFFFFFFF0CF40500000711736B657463685F6174747269625F646566040100000004010000000403000000070D32303820302031203020322032110D067665727465780CFFFFFFFF04FFFFFFFF0CFFFFFFFF0CF5
310
05000004010000000C75060000110E08696E7463757276650D0563757276650CFFFFFFFF04FFFFFFFF0CFFFFFFFF0B0F0D037265660409010000100A06C5D12C4ABCADEF3F0A06000000000000F03F110D067063757276650CFFFFFFFF04FFFFFFFF0CFFFFFFFF04000000000B0F0D0B6578705F7061725F6375720D046E75
310
62730401000000150000000004020000000600000000000000000401000000060E5B1CBBF2DEEE3F040100000006000000000000008006000000000000E03F061F5B1CBBF2DEEEBF06000000000000E03F0600000000000000000D0673706C696E650B0F0D0372656604FC000000100B0B0B0B100600000000000000000600
310
00000000000000110D067665727465780CFFFFFFFF04FFFFFFFF0CFFFFFFFF0C0106000004000000000C76060000110D06636F656467650CFFFFFFFF04FFFFFFFF0CFFFFFFFF0C770600000C650600000CC10500000CF90500000B0C2906000004000000000C78060000110E0873747261696768740D0563757276650CFFFF
310
FFFF04FFFFFFFF0CFFFFFFFF133E22FD670ABD38407911A1023B7012400000000000000000140000000000000000000000000000000000000000000024400A0600000000000000000A06000000000000E03F110D05706F696E740CFFFFFFFF04FFFFFFFF0CFFFFFFFF133E22FD670ABD38407911A1023B7012400000000000
310
000000110D06636F656467650CFFFFFFFF04FFFFFFFF0CFFFFFFFF0C000600000C790600000C6B0600000C7A0600000B0C7C00000004000000000CFFFFFFFF110D04656467650CFFFFFFFF04FFFFFFFF0CFFFFFFFF0C7306000006000000000000F0BF0C3A0600000600F82D4ABCADEFBF0C310600000C7B0600000B070775
310
6E6B6E6F776E110E08696E7463757276650D0563757276650CFFFFFFFF04FFFFFFFF0CFFFFFFFF0A0F0D0D65786163745F696E745F637572043C5A000015000000000D056E7572627304050000001500000000040B0000000600000000000000000405000000069A9999999999B93F0401000000069A9999999999C93F0401
310
00000006343333333333D33F0401000000069A9999999999D93F040100000006000000000000E03F040100000006333333333333E33F040100000006666666666666E63F040100000006999999999999E93F040100000006CCCCCCCCCCCCEC3F040100000006000000000000F03F040500000006EA2F37D10C524140060100
310
00000000344006000000000000144006000000000000F03F06D63FFF004319414006847323937115344006000000000000144006000000000000F03F0613B6006BA6AA404006B22627314F36344006000000000000144006000000000000F03F06D9D7E2B6A00D404006509E99D78A49344006000000000000144006000000
310
000000F03F06DC41EE33B19C3E40060EEDAE6F1226344006000000000000144006000000000000F03F0634AA4E1562FE3C4006B0FB7C99C08D334006000000000000144006000000000000F03F06D866D59024A43B4006C1A102CA6582324006000000000000144006000000000000F03F06697E3FB6BE903A4006BB2D5103
310
52FF304006000000000000144006000000000000F03F0621F29D6298C1394006420D144DCF112E4006000000000000144006000000000000F03F0688CC8DF3C230394006FB9625565A52294006000000000000144006000000000000F03F06645D6C42D4D73840060C32028CF3D52340060000000000001440060000000000
310
00F03F064A6EFC9E06B9384006B45DB09225D41D4006000000000000144006000000000000F03F06035428CA0AB7384006966CDE8C91E3154006000000000000144006000000000000F03F066615D5B2F3BE3840064679B8591B5A104006000000000000144006000000000000F03F06520F370C37C5384006AC6035AF8B0B
310
0B4006000000000000144006000000000000F03F0600000000000000000D0C6E756C6C5F737572666163650D0C6E756C6C5F737572666163650D066E756C6C62730D066E756C6C62730B0B04000000000400000000040000000004000000000A06000000000000F03F0A06000000000000000015000000001500000000100A
310
060E5B1CBBF2DEEEBF0A060000000000000080110D04656467650CFFFFFFFF04FFFFFFFF0CFFFFFFFF0C030600000600000000000000000C7C06000006C7D12C4ABCADEF3F0C490600000C7D0600000B0707756E6B6E6F776E110D05706F696E740CFFFFFFFF04FFFFFFFF0CFFFFFFFF13000000000080F6BC000000000000
310
44C00000000000001440110D04656467650CFFFFFFFF04FFFFFFFF0CFFFFFFFF0C7E0600000600000000000000000C05060000060D5B1CBBF2DEEE3F0C7F0600000C800600000B0707756E6B6E6F776E110D05706F696E740CFFFFFFFF04FFFFFFFF0CFFFFFFFF13B78C0BE65734CF3FAD3D240DBE2939C000000000000000
310
00110E0D4154545249425F435553544F4D0D066174747269620CFFFFFFFF04FFFFFFFF0CFFFFFFFF0CFFFFFFFF0C060600000711736B657463685F6174747269625F646566040100000004010000000403000000070D31373320302030203020312032110D06636F656467650CFFFFFFFF04FFFFFFFF0CFFFFFFFF0C490600
310
000C060600000C810600000C820600000B0C4706000004000000000C83060000110D046C6F6F700CFFFFFFFF04FFFFFFFF0CFFFFFFFF0CFFFFFFFF0C060600000C84060000110D067063757276650CFFFFFFFF04FFFFFFFF0CFFFFFFFF04000000000B0F0D0B6578705F7061725F6375720D046E7562730401000000150000
310
00000402000000060000000000000000040100000006C7D12C4ABCADEF3F04010000000600000000000000000600000000000000000603F82D4ABCADEF3F0600000000000000000600000000000000000D0673706C696E650B0F0D0B63796C5F73706C5F737572043C5A00000D08696E7463757276650B0F0D03726566041F
310
010000100A0600000000000000000A06C7D12C4ABCADEF3F14000000000000000000000000000000000000000000002440130EA88136369509403E8984E2DC5440C0000000000000000015020000000A0600000000000000000A06C7D12C4ABCADEF3F0A0600000000000000000A06000000000000E03F1500000000150000
310
0000150000000015000000000400000000040000000004000000000400000000040000000004000000000B100B0B0B0B10060000000000000000060000000000000000110D06636F656467650CFFFFFFFF04FFFFFFFF0CFFFFFFFF0C080600000C460600000C510600000C410600000A0C4706000004000000000C85060000
310
110D067063757276650CFFFFFFFF04FFFFFFFF0CFFFFFFFF04000000000B0F0D0B6578705F7061725F6375720D046E75627304010000001500000000040200000006000000000000E0BF0401000000060000000000000080040100000006000000000000000006000000000000E03F06000000000000000006000000000000
310
00000600000000000000000D0673706C696E650B0F0D03726566042D010000100B0B0B0B10060000000000000000060000000000000000110E0873747261696768740D0563757276650CFFFFFFFF04FFFFFFFF0CFFFFFFFF130973D9BFAF0FF6BC00000000000044C000000000000000001400000000000000000000000000
310
00000000000000000024400A0600000000000000000A06000000000000E03F110E0D4154545249425F435553544F4D0D066174747269620CFFFFFFFF04FFFFFFFF0CFFFFFFFF0CFFFFFFFF0C0C0600000711736B657463685F6174747269625F646566040100000004010000000403000000070D3137332030203020302031
310
2032110D06636F656467650C8606000004FFFFFFFF0CFFFFFFFF0C0C0600000C870600000C880600000C890600000A0C4800000004000000000CFFFFFFFF110E0D4154545249425F435553544F4D0D066174747269620CFFFFFFFF04FFFFFFFF0CFFFFFFFF0CFFFFFFFF0C0D060000071667656E657269635F7461675F6174
310
747269625F6465660403000000040300000004FFFFFFFF071767656E657269635F7461675F6174747269625F64656620040100000004020000000702333504000000000401000000042D0100000400000000110D04666163650C8A06000004FFFFFFFF0CFFFFFFFF0C590600000C120600000C060000000CFFFFFFFF0C8B06
310
00000B0B110E0673706C696E650D07737572666163650CFFFFFFFF04FFFFFFFF0CFFFFFFFF0B0F0D037265660416010000100B0B0B0B110D06636F656467650CFFFFFFFF04FFFFFFFF0CFFFFFFFF0C8C0600000C0E0600000C490600000C410600000B0C7C00000004000000000CFFFFFFFF110D06636F656467650CFFFFFF
310
FF04FFFFFFFF0CFFFFFFFF0C110600000C100600000C170600000C580600000A0C1206000004000000000C8D060000110D04656467650CFFFFFFFF04FFFFFFFF0CFFFFFFFF0C5E06000006000000000000F0BF0CA305000006FAF72D4ABCADEFBF0C100600000C8E0600000B0707756E6B6E6F776E110D067063757276650C
310
FFFFFFFF04FFFFFFFF0CFFFFFFFF04000000000B0F0D0B6578705F7061725F6375720D046E75627304010000001500000000040200000006FAF72D4ABCADEF3F040100000006000000000000F03F040100000006341E2F4ABCADEFBF06000000000000E03F06000000000000F0BF06000000000000E03F0600000000000000
310
000D0673706C696E650B0F0D037265660423010000100B0B0B0B10060000000000000000060000000000000000110E0D4154545249425F435553544F4D0D066174747269620CFFFFFFFF04FFFFFFFF0CFFFFFFFF0CFFFFFFFF0C110600000711736B657463685F6174747269625F6465660401000000040100000004030000
310
00070D31363620302031203020322032110D067063757276650CFFFFFFFF04FFFFFFFF0CFFFFFFFF04000000000B0F0D0B6578705F7061725F6375720D046E75627304010000001500000000040200000006000000000000F0BF040100000006FAF72D4ABCADEFBF040100000006000000000000F0BF060000000000000000
310
06341E2F4ABCADEFBF0600000000000000000600000000000000000D0673706C696E650B0F0D037265660423010000100B0B0B0B10060000000000000000060000000000000000110E08696E7463757276650D0563757276650CFFFFFFFF04FFFFFFFF0CFFFFFFFF0B0F0D0372656604F4000000100A06BDD12C4ABCADEF3F
310
0A06000000000000F03F110D04656467650CFFFFFFFF04FFFFFFFF0CFFFFFFFF0C1A0600000600000000000000000C5E06000006000000000000E03F0C170600000C8F0600000B0707756E6B6E6F776E110D04666163650C9006000004FFFFFFFF0CFFFFFFFF0C1F0600000C190600000C060000000CFFFFFFFF0C91060000
310
0B0B110D05706F696E740CFFFFFFFF04FFFFFFFF0CFFFFFFFF1359D90B9BDB1921C03C33D063087E37C00000000000000000110E0873747261696768740D0563757276650CFFFFFFFF04FFFFFFFF0CFFFFFFFF13BCF48B3239EA22C0794B13FA5F2437C0000000000000000014000000000000000000000000000000000000
310
0000000024400A0600000000000000000A06000000000000E03F110E0D4154545249425F435553544F4D0D066174747269620CFFFFFFFF04FFFFFFFF0CFFFFFFFF0CFFFFFFFF0C1F060000071667656E657269635F7461675F6174747269625F6465660403000000040300000004FFFFFFFF071767656E657269635F746167
310
5F6174747269625F64656620040100000004020000000702333204000000000401000000042D0100000400000000110E0673706C696E650D07737572666163650CFFFFFFFF04FFFFFFFF0CFFFFFFFF0B0F0D037265660419010000100B0B0B0B110D067665727465780CFFFFFFFF04FFFFFFFF0CFFFFFFFF0C530600000400
310
0000000C92060000110E07656C6C697073650D0563757276650CFFFFFFFF04FFFFFFFF0CFFFFFFFF130000000000000000000000000000000000000000000014401400000000000000000000000000000000000000000000F03F1400000000000039400000000000000000000000000000000006000000000000F03F0B0B11
310
0D05706F696E740CFFFFFFFF04FFFFFFFF0CFFFFFFFF13BCF48B3239EA22C0794B13FA5F2437C00000000000001440110E0D4154545249425F435553544F4D0D066174747269620CFFFFFFFF04FFFFFFFF0CFFFFFFFF0CFFFFFFFF0C28060000071667656E657269635F7461675F6174747269625F64656604030000000403
310
00000004FFFFFFFF071767656E657269635F7461675F6174747269625F64656620040100000004020000000702363004000000000401000000042D0100000400000000110D04666163650C9306000004FFFFFFFF0CFFFFFFFF0C940600000C950600000C060000000CFFFFFFFF0C960600000B0B110D046C6F6F700CFFFFFF
310
FF04FFFFFFFF0CFFFFFFFF0CFFFFFFFF0C970600000C28060000110E0673706C696E650D07737572666163650CFFFFFFFF04FFFFFFFF0CFFFFFFFF0B0F0D0B63796C5F73706C5F737572043C5A00000D08696E7463757276650A0F0D0D65786163745F696E745F637572043C5A000015000000000D056E7572627304050000
310
001500000000040B0000000600000000000000000405000000069A9999999999B93F0401000000069A9999999999C93F040100000006343333333333D33F0401000000069A9999999999D93F040100000006000000000000E03F040100000006333333333333E33F040100000006666666666666E63F040100000006999999
310
999999E93F040100000006CCCCCCCCCCCCEC3F040100000006000000000000F03F0405000000068FB1D03737B24340065B508E1DA1C81B4006000000000000000006000000000000F03F0602D927EA8480434006E07E92F79CB41C4006000000000000000006000000000000F03F062E2A54D7321E434006C838BF90CC5E1E
310
4006000000000000000006000000000000F03F0638F67659EF8D4240060921626A5D2A204006000000000000000006000000000000F03F062EB0C0881FD4414006E183A32864ED204006000000000000000006000000000000F03F06AF2578D469F7404006A1DF0E2A87EA204006000000000000000006000000000000F03F
310
06013CD4680327404006BEAF4FC7D0C11F4006000000000000000006000000000000F03F06FB501A5DD9C63E4006214C7CC0A58B1B4006000000000000000006000000000000F03F067DFE15165B583D40066B627E9B9446154006000000000000000006000000000000F03F067AB971B866003C4006789E426FD3400A4006
310
000000000000000006000000000000F03F06B72A7753AABC3A40061D2BEB595855EA3F06000000000000000006000000000000F03F067487579544C8394006E2B5133DF22BF7BF06000000000000000006000000000000F03F06A4BC89AF9B18394006F68E5DF88A7C0AC006000000000000000006000000000000F03F06FE
310
DF893FD7A63840067CE5322C127D12C006000000000000000006000000000000F03F06D7432FBFCA6E38400650FD8F6C4A2E15C006000000000000000006000000000000F03F0600000000000000000D0C6E756C6C5F737572666163650D0C6E756C6C5F737572666163650D066E756C6C62730D066E756C6C62730B0B0400
310
0000000400000000040000000004000000000A06000000000000F03F0A06000000000000000015000000001500000000100A06035B1CBBF2DEEEBF0A0600000000000000801400000000000000000000000000000000000000000000244013F489E3A92C5D3F40B512AAA6BF050E40000000000000000015020000000A0603
310
5B1CBBF2DEEEBF0A0600000000000000800A0600000000000000000A06000000000000E03F15000000001500000000150000000015000000000400000000040000000004000000000400000000040000000004000000000B100B0B0B0B110D06636F656467650C9806000004FFFFFFFF0CFFFFFFFF0C3B0600000C99060000
310
0C9A0600000C9B0600000B0C2906000004000000000C9C060000110E0D4154545249425F435553544F4D0D066174747269620CFFFFFFFF04FFFFFFFF0CFFFFFFFF0CFFFFFFFF0C2B0600000711736B657463685F6174747269625F646566040100000004010000000403000000070D32313820302030203020322032110D06
310
636F656467650CFFFFFFFF04FFFFFFFF0CFFFFFFFF0C710600000C2B0600000C2E0600000C6C0600000B0CEE05000004000000000C9D060000110D06636F656467650C9E06000004FFFFFFFF0CFFFFFFFF0C9A0600000C2F0600000C2B0600000C690600000A0C4800000004000000000CFFFFFFFF110D04656467650CFFFF
310
FFFF04FFFFFFFF0CFFFFFFFF0CFC050000061F5B1CBBF2DEEE3F0C6E06000006000000000000F03F0C2B0600000C9F0600000B0707756E6B6E6F776E110D067063757276650CFFFFFFFF04FFFFFFFF0CFFFFFFFF04000000000B0F0D0B6578705F7061725F6375720D046E756273040100000015000000000402000000061F
310
5B1CBBF2DEEE3F040100000006000000000000F03F0401000000062F5B1CBBF2DEEE3F06000000000000000006000000000000F03F0600000000000000000600000000000000000D0673706C696E650B0F0D03726566041A010000100B0B0B0B10060000000000000000060000000000000000110D06636F656467650CFFFF
310
FFFF04FFFFFFFF0CFFFFFFFF0C2E0600000C2D0600000C3E0600000C7A0600000A0CBC05000004000000000CFFFFFFFF110D04656467650CFFFFFFFF04FFFFFFFF0CFFFFFFFF0C6E0600000600000000000000000CA006000006000000000000E03F0C670600000CA10600000B0707756E6B6E6F776E110E0D415454524942
310
5F435553544F4D0D066174747269620CFFFFFFFF04FFFFFFFF0CFFFFFFFF0CFFFFFFFF0C2F0600000711736B657463685F6174747269625F646566040100000004010000000403000000070E3130372030203020302032203336110D067665727465780CFFFFFFFF04FFFFFFFF0CFFFFFFFF0C3006000004000000000CA206
310
0000110E07656C6C697073650D0563757276650CFFFFFFFF04FFFFFFFF0CFFFFFFFF130000000000000000000000000000000000000000000000001400000000000000000000000000000000000000000000F03F1400000000000039400000000000000000000000000000000006000000000000F03F0A0667C75799AF5CC1
310
3F0A067944E74A1857C63F110D067063757276650CFFFFFFFF04FFFFFFFF0CFFFFFFFF04000000000B0F0D0B6578705F7061725F6375720D046E7562730401000000150000000004020000000600F82D4ABCADEF3F040100000006000000000000F03F0401000000063B1E2F4ABCADEFBF06000000000000E03F0600000000
310
0000F0BF06000000000000E03F0600000000000000000D0673706C696E650B0F0D037265660408010000100B0B0B0B10060000000000000000060000000000000000110D06636F656467650CFFFFFFFF04FFFFFFFF0CFFFFFFFF0C320600000C670600000C790600000CA30600000A0CEE05000004000000000CA406000011
310
0D067063757276650CFFFFFFFF04FFFFFFFF0CFFFFFFFF04000000000B0F0D0B6578705F7061725F6375720D046E75627304010000001500000000040200000006000000000000E0BF04010000000600000000000000800401000000061F5B1CBBF2DEEE3F06000000000000E03F061F5B1CBBF2DEEE3F0600000000000000
310
000600000000000000000D0673706C696E650B0F0D03726566041A010000100B0B0B0B10060000000000000000060000000000000000110D067665727465780CFFFFFFFF04FFFFFFFF0CFFFFFFFF0C3F06000004000000000CA5060000110E0873747261696768740D0563757276650CFFFFFFFF04FFFFFFFF0CFFFFFFFF13
310
F3DDC405C59E384039F278B2645D11400000000000000000140000000000000000000000000000000000000000000024400A0600000000000000000A06000000000000E03F110D05706F696E740CFFFFFFFF04FFFFFFFF0CFFFFFFFF13F3DDC405C59E384039F278B2645D11400000000000000000110D05706F696E740CFF
310
FFFFFF04FFFFFFFF0CFFFFFFFF133E22FD670ABD38407A11A1023B7012400000000000001440110D06636F656467650CFFFFFFFF04FFFFFFFF0CFFFFFFFF0C990600000C3B0600000CA60600000CA70600000A0C2906000004000000000CA8060000110D067063757276650CFFFFFFFF04FFFFFFFF0CFFFFFFFF0400000000
310
0B0F0D0B6578705F7061725F6375720D046E756273040100000015000000000402000000060000000000000000040100000006000000000000E03F040100000006C5D12C4ABCADEF3F06000000000000000006C5D12C4ABCADEF3F06000000000000E03F0600000000000000000D0673706C696E650B0F0D03726566042701
310
0000100B0B0B0B10060000000000000000060000000000000000110D06636F656467650CFFFFFFFF04FFFFFFFF0CFFFFFFFF0C3E0600000CA60600000C710600000CA30600000B0C7C00000004000000000CFFFFFFFF110D04656467650CFFFFFFFF04FFFFFFFF0CFFFFFFFF0CA00600000667C75799AF5CC13F0C73060000
310
067944E74A1857C63F0C6B0600000CA90600000B0707756E6B6E6F776E110E08696E7463757276650D0563757276650CFFFFFFFF04FFFFFFFF0CFFFFFFFF0A0F0D0D65786163745F696E745F637572043C5A000015000000000D056E7572627304050000001500000000040B0000000600000000000000000405000000069A
310
9999999999B93F0401000000069A9999999999C93F040100000006343333333333D33F0401000000069A9999999999D93F040100000006000000000000E03F040100000006333333333333E33F040100000006666666666666E63F040100000006999999999999E93F040100000006CCCCCCCCCCCCEC3F0401000000060000
310
00000000F03F0405000000068FB1D03737B24340065B508E1DA1C81B4006000000000000144006000000000000F03F06372A4A8B948443400657A9A07BBE8A1D4006000000000000144006000000000000F03F0627A83E3FFF29434006269267985871204006000000000000144006000000000000F03F066885B8712FA442
310
4006498D85E5E2B0224006000000000000144006000000000000F03F0670CF8CC9F6F54140069C10E3543C29254006000000000000144006000000000000F03F06C2C91DE8A523414006053702F6784F274006000000000000144006000000000000F03F06A284FD5B715940400610A6CF5B95702840060000000000001440
310
06000000000000F03F0636932AD4F72F3F40064C54FB1D1978284006000000000000144006000000000000F03F0671013F2A24BF3D4006545B5CF3645C274006000000000000144006000000000000F03F0656382306945F3C4006C2594DCAC82A254006000000000000144006000000000000F03F06B1E4F9F6ED0F3B4006
310
5CB4646DFDF8214006000000000000144006000000000000F03F0682D88101130F3A4006B0814C9CFE5D1D4006000000000000144006000000000000F03F0681F36CB59254394006EB2204E250A9174006000000000000144006000000000000F03F0670032361ECDA38400623FCA1071B8513400600000000000014400600
310
0000000000F03F06F3DDC405C59E38400639F278B2645D114006000000000000144006000000000000F03F0600000000000000000D0C6E756C6C5F737572666163650D0C6E756C6C5F737572666163650D066E756C6C62730D066E756C6C62730B0B04000000000400000000040000000004000000000A06000000000000F0
310
3F0A06000000000000000015000000001500000000100A06000000000000F0BF0A0600F82D4ABCADEFBF110D067665727465780CFFFFFFFF04FFFFFFFF0CFFFFFFFF0CAA06000004000000000CAB060000110E08696E7463757276650D0563757276650CFFFFFFFF04FFFFFFFF0CFFFFFFFF0B0F0D0D65786163745F696E74
310
5F637572043C5A000015000000000D056E7572627304050000001500000000040B0000000600000000000000000405000000069A9999999999B93F0401000000069A9999999999C93F040100000006343333333333D33F0401000000069A9999999999D93F040100000006000000000000E03F040100000006333333333333
310
E33F040100000006666666666666E63F040100000006999999999999E93F040100000006CCCCCCCCCCCCEC3F040100000006000000000000F03F0405000000060973D9BFAF0FF6BC0600000000000044C006000000000000144006000000000000F03F06EA64D0CBC2AADF3F066BC8BCFBD3DC43C006000000000000144006
310
000000000000F03F06CAEA2F99D00DF73F06A6DE2444339643C006000000000000144006000000000000F03F0696B67C3ADFD50540061C1E9224682B43C006000000000000144006000000000000F03F06DD90936172BA104006A21A97AC489B42C006000000000000144006000000000000F03F06AED89BA05E1A16400696
310
0931CE0CE441C006000000000000144006000000000000F03F06E691E325B56C194006CA0515B5772941C006000000000000144006000000000000F03F06EEB8173D42881A4006A692F22D466B40C006000000000000144006000000000000F03F0698E3CCE2A759194006642E8744B1523FC0060000000000001440060000
310
00000000F03F0615A69173B1FB1540063BBC4F8BB5C73DC006000000000000144006000000000000F03F06E2E92A7F179A104006623666CE27363CC006000000000000144006000000000000F03F06C1092B1933A40540069F50B9DE18F03AC006000000000000144006000000000000F03F06023D2F399ED4F63F06D4D039
310
B004F939C006000000000000144006000000000000F03F06D740F92EC558DF3F061BCFD0D9305339C006000000000000144006000000000000F03F06CBCFCFAF9B93EBBC0600000000000039C006000000000000144006000000000000F03F0600000000000000000D0C6E756C6C5F737572666163650D0C6E756C6C5F7375
310
72666163650D066E756C6C62730D066E756C6C62730B0B04000000000400000000040000000004000000000A06000000000000F03F0A06000000000000000015000000001500000000100A0600000000000000000A06C7D12C4ABCADEF3F110D067665727465780CFFFFFFFF04FFFFFFFF0CFFFFFFFF0CAC06000004000000
310
000CAD060000110D06636F656467650CAE06000004FFFFFFFF0CFFFFFFFF0CAF0600000C810600000CB00600000C430600000A0CB106000004000000000CB2060000110E08696E7463757276650D0563757276650CFFFFFFFF04FFFFFFFF0CFFFFFFFF0B0F0D0D65786163745F696E745F637572043C5A000015000000000D
310
056E7572627304050000001500000000040B0000000600000000000000000405000000069A9999999999B93F0401000000069A9999999999C93F040100000006343333333333D33F0401000000069A9999999999D93F040100000006000000000000E03F040100000006333333333333E33F040100000006666666666666E6
310
3F040100000006999999999999E93F040100000006CCCCCCCCCCCCEC3F040100000006000000000000F03F040500000006F18EAC91925C2B4006305C73E939CB42C006000000000000000006000000000000F03F06A970A0C740AE2B4006DF478396299542C006000000000000000006000000000000F03F064C096DDDD03B
310
2C400659A001B3152B42C006000000000000000006000000000000F03F0652D53698C3CE2C40064431382E1E9241C006000000000000000006000000000000F03F06AC4AA294C30D2D40066BEEF29AA9D240C006000000000000000006000000000000F03F0630F7D10CA4712C400600D42638DCF23FC00600000000000000
310
0006000000000000F03F06B01E1E844DDB2A400671CEEA55746F3EC006000000000000000006000000000000F03F06B4F4A9DA8D402840068B66FD74061D3DC006000000000000000006000000000000F03F06A658535FEEAA2440061FE5956FC7F93BC006000000000000000006000000000000F03F065AC45A703D302040
310
06D5CA235F9D013BC006000000000000000006000000000000F03F06DB7398EA1ED0154006263994F818303AC006000000000000000006000000000000F03F06822CC5261568084006DD5D0EDE5FA439C006000000000000000006000000000000F03F060D5D3FB1E18EF13F068D711ABA2E4A39C006000000000000000006
310
000000000000F03F0624D20533375BD1BF068A5C8AEF6F1439C006000000000000000006000000000000F03F067087F3550C1BEFBF060E8E650D29FB38C006000000000000000006000000000000F03F0600000000000000000D0C6E756C6C5F737572666163650D0C6E756C6C5F737572666163650D066E756C6C62730D06
310
6E756C6C62730B0B04000000000400000000040000000004000000000A06000000000000F03F0A06000000000000000015000000001500000000100A0600000000000000000A060D5B1CBBF2DEEE3F110D06636F656467650CFFFFFFFF04FFFFFFFF0CFFFFFFFF0C7F0600000CB30600000CB40600000C820600000A0CB106
310
000004000000000CB5060000110D04656467650CFFFFFFFF04FFFFFFFF0CFFFFFFFF0C050600000600000000000000000C7C06000006000000000000E03F0C460600000CB60600000B0707756E6B6E6F776E110D067063757276650CFFFFFFFF04FFFFFFFF0CFFFFFFFF04000000000B0F0D0B6578705F7061725F6375720D
310
046E756273040100000015000000000402000000060000000000000000040100000006000000000000E03F040100000006C7D12C4ABCADEF3F06000000000000000006C7D12C4ABCADEF3F06000000000000E03F0600000000000000000D0673706C696E650B0F0D03726566042D010000100B0B0B0B100600000000000000
310
00060000000000000000110D04666163650CB706000004FFFFFFFF0CFFFFFFFF0C0D0600000C470600000C060000000CFFFFFFFF0CB80600000B0B110D067063757276650CFFFFFFFF04FFFFFFFF0CFFFFFFFF04000000000B0F0D0B6578705F7061725F6375720D046E75627304010000001500000000040200000006C7D1
310
2C4ABCADEFBF040100000006000000000000008004010000000603F82D4ABCADEF3F06000000000000E03F06000000000000000006000000000000E03F0600000000000000000D0673706C696E650B0F0D03726566042D010000100B0B0B0B10060000000000000000060000000000000000110E0D4154545249425F435553
310
544F4D0D066174747269620CFFFFFFFF04FFFFFFFF0CFFFFFFFF0CFFFFFFFF0C4D0600000711736B657463685F6174747269625F646566040100000004010000000403000000070D31383320302030203020322032110D06636F656467650CB906000004FFFFFFFF0CFFFFFFFF0C4D0600000CBA0600000CBB0600000CBC06
310
00000A0C4800000004000000000CFFFFFFFF110D06636F656467650CBD06000004FFFFFFFF0CFFFFFFFF0CBE0600000CBF0600000C4D0600000C890600000B0CC006000004000000000CC1060000110D04656467650CFFFFFFFF04FFFFFFFF0CFFFFFFFF0C05060000061D5B1CBBF2DEEE3F0CC206000006000000000000F0
310
3F0C880600000CC30600000B0707756E6B6E6F776E110E0D4154545249425F435553544F4D0D066174747269620CFFFFFFFF04FFFFFFFF0CFFFFFFFF0CFFFFFFFF0C4F060000071667656E657269635F7461675F6174747269625F6465660403000000040300000004FFFFFFFF071767656E657269635F7461675F61747472
310
69625F64656620040100000004020000000702333404000000000401000000042D0100000400000000110E0673706C696E650D07737572666163650CFFFFFFFF04FFFFFFFF0CFFFFFFFF0B0F0D037265660423010000100B0B0B0B110D06636F656467650CFFFFFFFF04FFFFFFFF0CFFFFFFFF0CC40600000C510600000CC5
310
0600000CC60600000B0C7C00000004000000000CFFFFFFFF110D067063757276650CFFFFFFFF04FFFFFFFF0CFFFFFFFF04000000000B0F0D0B6578705F7061725F6375720D046E75627304010000001500000000040200000006000000000000E0BF0401000000060000000000000080040100000006000000000000F0BF06
310
000000000000E03F06000000000000F0BF0600000000000000000600000000000000000D0673706C696E650B0F0D037265660423010000100B0B0B0B10060000000000000000060000000000000000110E08696E7463757276650D0563757276650CFFFFFFFF04FFFFFFFF0CFFFFFFFF0A0F0D03726566040E010000100A06
310
000000000000F0BF0A06FAF72D4ABCADEFBF110E0873747261696768740D0563757276650CFFFFFFFF04FFFFFFFF0CFFFFFFFF1359D90B9BDB1921C03C33D063087E37C00000000000000000140000000000000000000000000000000000000000000024400A0600000000000000000A06000000000000E03F110E0D415454
310
5249425F435553544F4D0D066174747269620CFFFFFFFF04FFFFFFFF0CFFFFFFFF0CFFFFFFFF0C59060000071667656E657269635F7461675F6174747269625F6465660403000000040300000004FFFFFFFF071767656E657269635F7461675F6174747269625F646566200401000000040200000007023333040000000004
310
01000000042D0100000400000000110E04636F6E650D07737572666163650CFFFFFFFF04FFFFFFFF0CFFFFFFFF130000000000000000000000000000000000000000000000001400000000000000000000000000000000000000000000F03F1400000000000039400000000000000000000000000000000006000000000000
310
F03F0B0B06000000000000000006000000000000F03F0600000000000039400B0B0B0B0B110D05706F696E740CFFFFFFFF04FFFFFFFF0CFFFFFFFF1359D90B9BDB1921C03C33D063087E37C00000000000001440110E0D4154545249425F435553544F4D0D066174747269620CFFFFFFFF04FFFFFFFF0CFFFFFFFF0CFFFFFF
310
FF0C62060000071667656E657269635F7461675F6174747269625F6465660403000000040300000004FFFFFFFF071767656E657269635F7461675F6174747269625F64656620040100000004020000000702353904000000000401000000042D0100000400000000110D04666163650CC706000004FFFFFFFF0CFFFFFFFF0C
310
C80600000CC90600000C060000000CFFFFFFFF0CCA0600000B0B110D046C6F6F700CFFFFFFFF04FFFFFFFF0CFFFFFFFF0CFFFFFFFF0CCB0600000C62060000110E0673706C696E650D07737572666163650CFFFFFFFF04FFFFFFFF0CFFFFFFFF0B0F0D0B63796C5F73706C5F737572043C5A00000D08696E7463757276650A
310
0F0D0D65786163745F696E745F637572043C5A000015000000000D056E7572627304050000001500000000040B0000000600000000000000000405000000069A9999999999B93F0401000000069A9999999999C93F040100000006343333333333D33F0401000000069A9999999999D93F040100000006000000000000E03F
310
040100000006333333333333E33F040100000006666666666666E63F040100000006999999999999E93F040100000006CCCCCCCCCCCCEC3F040100000006000000000000F03F0405000000068FB1D03737B24340066A508E1DA1C81BC006000000000000000006000000000000F03F06E0D4EE70939A434006C9012B40CBA4
310
19C006000000000000000006000000000000F03F060F6364AD0C6A4340068799049B9D8815C006000000000000000006000000000000F03F06DB3D3DEB841D4340064CD6528FA5C10FC006000000000000000006000000000000F03F06434549B0DFAF4240067776223B65BF02C006000000000000000006000000000000F0
310
3F06B877841A4A19424006549C22370FB1E8BF06000000000000000006000000000000F03F06C21BEBC5FF7341400624919EC9C027D33F06000000000000000006000000000000F03F068EB7A991D9BE404006767BCA0B898FEA3F06000000000000000006000000000000F03F06614F5C8799F23F400622F42546B4AAE93F
310
06000000000000000006000000000000F03F066BCEA89232483E400690EA607A56DACE3F06000000000000000006000000000000F03F061B5D0D9DF0803C4006D072753C77F7E9BF06000000000000000006000000000000F03F0692080BEC95FF3A40068044F014ED1B00C006000000000000000006000000000000F03F06
310
C523D3BD6FD339400698CF1A85CED608C006000000000000000006000000000000F03F065C96F545780639400678B046477F520FC006000000000000000006000000000000F03F06F3DDC405C59E38400642F278B2645D11C006000000000000000006000000000000F03F0600000000000000000D0C6E756C6C5F73757266
310
6163650D0C6E756C6C5F737572666163650D066E756C6C62730D066E756C6C62730B0B04000000000400000000040000000004000000000A06000000000000F03F0A06000000000000000015000000001500000000100A06000000000000F0BF0A06F9F72D4ABCADEFBF140000000000000000000000000000000000000000
310
0000244013E4489BBF6C5C40406C5240DA452E04C0000000000000000015020000000A06000000000000F0BF0A06F9F72D4ABCADEFBF0A0600000000000000000A06000000000000E03F15000000001500000000150000000015000000000400000000040000000004000000000400000000040000000004000000000B100B
310
0B0B0B110D06636F656467650CCC06000004FFFFFFFF0CFFFFFFFF0CCD0600000CCE0600000CCF0600000CD00600000A0C6306000004000000000CD1060000110E0D4154545249425F435553544F4D0D066174747269620CFFFFFFFF04FFFFFFFF0CFFFFFFFF0CFFFFFFFF0C650600000711736B657463685F617474726962
310
5F646566040100000004010000000403000000070D32303820302030203020312032110D06636F656467650CFFFFFFFF04FFFFFFFF0CFFFFFFFF0C650600000C770600000CCD0600000CD20600000A0C2906000004000000000CD3060000110D06636F656467650CD406000004FFFFFFFF0CFFFFFFFF0CCF0600000C680600
310
000C650600000C9B0600000A0C4800000004000000000CFFFFFFFF110D04656467650CFFFFFFFF04FFFFFFFF0CFFFFFFFF0CD50600000600000000000000000CFC05000006C5D12C4ABCADEF3F0C650600000CD60600000B0707756E6B6E6F776E110D067063757276650CFFFFFFFF04FFFFFFFF0CFFFFFFFF04000000000B
310
0F0D0B6578705F7061725F6375720D046E756273040100000015000000000402000000060000000000000000040100000006C5D12C4ABCADEF3F04010000000600000000000000000600000000000000000600F82D4ABCADEF3F0600000000000000000600000000000000000D0673706C696E650B0F0D0372656604270100
310
00100B0B0B0B10060000000000000000060000000000000000110D067063757276650CFFFFFFFF04FFFFFFFF0CFFFFFFFF04000000000B0F0D0B6578705F7061725F6375720D046E756273040100000015000000000402000000060000000000000000040100000006000000000000E03F040100000006000000000000F03F
310
06000000000000000006000000000000F03F06000000000000E03F0600000000000000000D0673706C696E650B0F0D03726566041A010000100B0B0B0B10060000000000000000060000000000000000110E0D4154545249425F435553544F4D0D066174747269620CFFFFFFFF04FFFFFFFF0CFFFFFFFF0CFFFFFFFF0C6806
310
00000711736B657463685F6174747269625F646566040100000004010000000403000000070D32313820302030203020322032110E08696E7463757276650D0563757276650CFFFFFFFF04FFFFFFFF0CFFFFFFFF0B0F0D0372656604FD000000100A060E5B1CBBF2DEEE3F0A06000000000000F03F110D067665727465780C
310
FFFFFFFF04FFFFFFFF0CFFFFFFFF0C7A06000004000000000CD7060000110E0873747261696768740D0563757276650CFFFFFFFF04FFFFFFFF0CFFFFFFFF13520F370C37C53840AC6035AF8B0B0B400000000000000000140000000000000000000000000000000000000000000024400A0600000000000000000A06000000
310
000000E03F110D05706F696E740CFFFFFFFF04FFFFFFFF0CFFFFFFFF13520F370C37C53840AC6035AF8B0B0B400000000000000000110D04656467650CFFFFFFFF04FFFFFFFF0CFFFFFFFF0C3A060000061F5B1CBBF2DEEE3F0CA006000006000000000000F03F0C710600000CD80600000B0707756E6B6E6F776E110D0670
310
63757276650CFFFFFFFF04FFFFFFFF0CFFFFFFFF04000000000B0F0D0B6578705F7061725F6375720D046E75627304010000001500000000040200000006000000000000F0BF0401000000061F5B1CBBF2DEEEBF040100000006000000000000F03F06000000000000E03F062F5B1CBBF2DEEE3F06000000000000E03F0600
310
000000000000000D0673706C696E650B0F0D03726566041A010000100B0B0B0B10060000000000000000060000000000000000110D05706F696E740CFFFFFFFF04FFFFFFFF0CFFFFFFFF13F3DDC405C59E384039F278B2645D11400000000000001440110D06636F656467650CFFFFFFFF04FFFFFFFF0CFFFFFFFF0C790600
310
000CD90600000C770600000CA70600000B0C7C00000004000000000CFFFFFFFF110D04656467650CFFFFFFFF04FFFFFFFF0CFFFFFFFF0CDA0600000600000000000000000C3A06000006C5D12C4ABCADEF3F0C770600000CDB0600000B0707756E6B6E6F776E110D067063757276650CFFFFFFFF04FFFFFFFF0CFFFFFFFF04
310
000000000B0F0D0B6578705F7061725F6375720D046E75627304010000001500000000040200000006C5D12C4ABCADEFBF040100000006000000000000008004010000000600F82D4ABCADEF3F06000000000000E03F06000000000000000006000000000000E03F0600000000000000000D0673706C696E650B0F0D037265
310
660427010000100B0B0B0B10060000000000000000060000000000000000110E07656C6C697073650D0563757276650CFFFFFFFF04FFFFFFFF0CFFFFFFFF130000000000000000000000000000000000000000000014401400000000000000000000000000000000000000000000F03F140000000000003940000000000000
310
0000000000000000000006000000000000F03F0B0B110D04656467650CFFFFFFFF04FFFFFFFF0CFFFFFFFF0C7C060000060D5B1CBBF2DEEEBF0CDC0600000600000000000000800CB30600000CDD0600000B0707756E6B6E6F776E110D05706F696E740CFFFFFFFF04FFFFFFFF0CFFFFFFFF13B88C0BE65734CF3FAD3D240D
310
BE2939C00000000000001440110D04656467650CFFFFFFFF04FFFFFFFF0CFFFFFFFF0C7E0600000600000000000000000CDE06000006C4D12C4ABCADEF3F0CDF0600000CE00600000B0707756E6B6E6F776E110D05706F696E740CFFFFFFFF04FFFFFFFF0CFFFFFFFF13F18EAC91925C2B40305C73E939CB42C00000000000
310
000000110E0D4154545249425F435553544F4D0D066174747269620CFFFFFFFF04FFFFFFFF0CFFFFFFFF0CFFFFFFFF0C7F0600000711736B657463685F6174747269625F646566040100000004010000000403000000070D31383320302031203020312032110D06636F656467650CFFFFFFFF04FFFFFFFF0CFFFFFFFF0CB3
310
0600000C7F0600000CE10600000CE20600000B0CB106000004000000000CE3060000110D06636F656467650CE406000004FFFFFFFF0CFFFFFFFF0CBA0600000CE50600000C7F0600000C430600000B0C4800000004000000000CFFFFFFFF110D046C6F6F700CFFFFFFFF04FFFFFFFF0CFFFFFFFF0CFFFFFFFF0C7F0600000C
310
E6060000110D067063757276650CFFFFFFFF04FFFFFFFF0CFFFFFFFF04000000000B0F0D0B6578705F7061725F6375720D046E756273040100000015000000000402000000060D5B1CBBF2DEEEBF04010000000600000000000000800401000000061D5B1CBBF2DEEEBF060000000000000000060000000000000080060000
310
0000000000000600000000000000000D0673706C696E650B0F0D0B63796C5F73706C5F737572043C5A00000D08696E7463757276650A0F0D037265660439010000100A060D5B1CBBF2DEEEBF0A0600000000000000801400000000000000000000000000000000000000000000244013D0D233CEBF482240D21895C15D3C3E
310
C0000000000000000015020000000A060D5B1CBBF2DEEEBF0A0600000000000000800A0600000000000000000A06000000000000E03F15000000001500000000150000000015000000000400000000040000000004000000000400000000040000000004000000000B100B0B0B0B1006000000000000000006000000000000
310
0000110D06636F656467650CFFFFFFFF04FFFFFFFF0CFFFFFFFF0C810600000CAF0600000CE70600000CAA0600000A0CB106000004000000000CE8060000110D06636F656467650CFFFFFFFF04FFFFFFFF0CFFFFFFFF0CE90600000CEA0600000CBF0600000C820600000B0CEB06000004000000000CEC060000110D067063
310
757276650CFFFFFFFF04FFFFFFFF0CFFFFFFFF04000000000B0F0D0B6578705F7061725F6375720D046E75627304010000001500000000040200000006000000000000E0BF04010000000600000000000000800401000000060D5B1CBBF2DEEEBF06000000000000E03F060D5B1CBBF2DEEEBF060000000000000000060000
310
0000000000000D0673706C696E650B0F0D037265660444010000100B0B0B0B10060000000000000000060000000000000000110E0873747261696768740D0563757276650CFFFFFFFF04FFFFFFFF0CFFFFFFFF13B78C0BE65734CF3FAD3D240DBE2939C0000000000000000014000000000000000000000000000000000000
310
0000000024400A0600000000000000000A06000000000000E03F110E0D4154545249425F435553544F4D0D066174747269620CFFFFFFFF04FFFFFFFF0CFFFFFFFF0CFFFFFFFF0C84060000071667656E657269635F7461675F6174747269625F6465660403000000040300000004FFFFFFFF071767656E657269635F746167
310
5F6174747269625F64656620040100000004020000000702333604000000000401000000042D0100000400000000110E0673706C696E650D07737572666163650CFFFFFFFF04FFFFFFFF0CFFFFFFFF0B0F0D03726566042D010000100B0B0B0B110E0D4154545249425F435553544F4D0D066174747269620CFFFFFFFF04FF
310
FFFFFF0CFFFFFFFF0CFFFFFFFF0C870600000711736B657463685F6174747269625F646566040100000004010000000403000000070F313037203020302030203238203336110D06636F656467650CED06000004FFFFFFFF0CFFFFFFFF0C870600000CB00600000CEA0600000CEE0600000B0C4800000004000000000CFFFF
310
FFFF110D06636F656467650CEF06000004FFFFFFFF0CFFFFFFFF0CF00600000CF10600000C870600000CBC0600000B0CF206000004000000000CFFFFFFFF110D04656467650CFFFFFFFF04FFFFFFFF0CFFFFFFFF0CC206000006BD1C766A48C1F9BF0CF306000006192D4454FB21F9BF0CBB0600000CF40600000B0707756E
310
6B6E6F776E110E0D4154545249425F435553544F4D0D066174747269620CFFFFFFFF04FFFFFFFF0CFFFFFFFF0CFFFFFFFF0C880600000711736B657463685F6174747269625F646566040100000004010000000403000000070D31383320302030203020322032110D06636F656467650CFFFFFFFF04FFFFFFFF0CFFFFFFFF
310
0CC50600000C880600000CF10600000CF50600000B0CC006000004000000000CF6060000110D06636F656467650CFFFFFFFF04FFFFFFFF0CFFFFFFFF0C880600000CC50600000C460600000C820600000A0CC006000004000000000CF7060000110D046C6F6F700CFFFFFFFF04FFFFFFFF0CFFFFFFFF0CFFFFFFFF0C880600
310
000CF8060000110D067063757276650CFFFFFFFF04FFFFFFFF0CFFFFFFFF04000000000B0F0D0B6578705F7061725F6375720D046E756273040100000015000000000402000000061D5B1CBBF2DEEE3F040100000006000000000000F03F0401000000062D5B1CBBF2DEEE3F06000000000000000006000000000000F03F06
310
00000000000000000600000000000000000D0673706C696E650B0F0D0B63796C5F73706C5F737572043C5A00000D08696E7463757276650B0F0D037265660439010000100A061D5B1CBBF2DEEE3F0A06000000000000F03F1400000000000000000000000000000000000000000000244013D0D233CEBF482240D21895C15D
310
3C3EC0000000000000000015020000000A061D5B1CBBF2DEEE3F0A06000000000000F03F0A0600000000000000000A06000000000000E03F15000000001500000000150000000015000000000400000000040000000004000000000400000000040000000004000000000B100B0B0B0B100600000000000000000600000000
310
00000000110D067665727465780CFFFFFFFF04FFFFFFFF0CFFFFFFFF0CBC06000004000000000CF9060000110E08696E7463757276650D0563757276650CFFFFFFFF04FFFFFFFF0CFFFFFFFF0B0F0D037265660439010000100A060D5B1CBBF2DEEE3F0A06000000000000F03F110D06636F656467650CFFFFFFFF04FFFFFF
310
FF0CFFFFFFFF0CFA0600000C8C0600000CFB0600000CFC0600000B0C7C00000004000000000CFFFFFFFF110D06636F656467650CFFFFFFFF04FFFFFFFF0CFFFFFFFF0CBF0600000CBE0600000C8C0600000CC60600000A0CC006000004000000000CFD060000110D04656467650CFFFFFFFF04FFFFFFFF0CFFFFFFFF0C7C06
310
0000061D5B1CBBF2DEEE3F0CFE06000006000000000000F03F0CC50600000CFF0600000B0707756E6B6E6F776E110E0D4154545249425F435553544F4D0D066174747269620CFFFFFFFF04FFFFFFFF0CFFFFFFFF0CFFFFFFFF0C94060000071667656E657269635F7461675F6174747269625F646566040300000004030000
310
0004FFFFFFFF071767656E657269635F7461675F6174747269625F64656620040100000004020000000702353804000000000401000000042D0100000400000000110D04666163650C0007000004FFFFFFFF0CFFFFFFFF0C010700000C020700000C060000000CFFFFFFFF0C030700000B0B110D046C6F6F700CFFFFFFFF04
310
FFFFFFFF0CFFFFFFFF0CFFFFFFFF0C040700000C94060000110E04636F6E650D07737572666163650CFFFFFFFF04FFFFFFFF0CFFFFFFFF130000000000000000000000000000000000000000000000001400000000000000000000000000000000000000000000F03F14000000000000394000000000000000000000000000
310
00000006000000000000F03F0B0B06000000000000000006000000000000F03F0600000000000039400B0B0B0B0B110D06636F656467650C0507000004FFFFFFFF0CFFFFFFFF0C060700000C070700000C080700000C090700000A0C9506000004000000000C0A070000110E0D4154545249425F435553544F4D0D06617474
310
7269620CFFFFFFFF04FFFFFFFF0CFFFFFFFF0CFFFFFFFF0C970600000711736B657463685F6174747269625F646566040100000004010000000403000000070D32313120302031203020312032110D06636F656467650CFFFFFFFF04FFFFFFFF0CFFFFFFFF0C0B0700000C970600000C990600000CD20600000B0C63060000
310
04000000000C0C070000110D06636F656467650CFFFFFFFF04FFFFFFFF0CFFFFFFFF0C970600000C0B0700000C060700000C0D0700000A0C6306000004000000000C0E070000110D06636F656467650C0F07000004FFFFFFFF0CFFFFFFFF0C080700000C9A0600000C970600000CD00600000B0C4800000004000000000CFF
310
FFFFFF110D04656467650CFFFFFFFF04FFFFFFFF0CFFFFFFFF0CD50600000600000000000000000C1007000006035B1CBBF2DEEE3F0C970600000C110700000B0707756E6B6E6F776E110D067063757276650CFFFFFFFF04FFFFFFFF0CFFFFFFFF04000000000B0F0D0B6578705F7061725F6375720D046E75627304010000
310
001500000000040200000006035B1CBBF2DEEEBF0401000000060000000000000080040100000006145B1CBBF2DEEEBF0600000000000000000600000000000000800600000000000000000600000000000000000D0673706C696E650B0F0D037265660431010000100B0B0B0B100600000000000000000600000000000000
310
00110D04656467650CFFFFFFFF04FFFFFFFF0CFFFFFFFF0CD50600000600000000000000000CDA06000006000000000000E03F0CCD0600000C120700000B0707756E6B6E6F776E110D067063757276650CFFFFFFFF04FFFFFFFF0CFFFFFFFF04000000000B0F0D0B6578705F7061725F6375720D046E756273040100000015
310
00000000040200000006000000000000E0BF0401000000060000000000000080040100000006000000000000000006000000000000E03F0600000000000000000600000000000000000600000000000000000D0673706C696E650B0F0D037265660427010000100B0B0B0B1006000000000000000006000000000000000011
310
0E0D4154545249425F435553544F4D0D066174747269620CFFFFFFFF04FFFFFFFF0CFFFFFFFF0CFFFFFFFF0C9A0600000711736B657463685F6174747269625F646566040100000004010000000403000000070D32303820302030203020312032110D067665727465780CFFFFFFFF04FFFFFFFF0CFFFFFFFF0C9B06000004
310
000000000C13070000110E08696E7463757276650D0563757276650CFFFFFFFF04FFFFFFFF0CFFFFFFFF0B0F0D037265660409010000100A0600000000000000000A06C5D12C4ABCADEF3F110D05706F696E740CFFFFFFFF04FFFFFFFF0CFFFFFFFF13520F370C37C53840AA6035AF8B0B0B400000000000001440110E0869
310
6E7463757276650D0563757276650CFFFFFFFF04FFFFFFFF0CFFFFFFFF0B0F0D03726566042B010000100A061F5B1CBBF2DEEE3F0A06000000000000F03F110D06636F656467650CFFFFFFFF04FFFFFFFF0CFFFFFFFF0CA60600000C140700000C0B0700000C150700000B0C7C00000004000000000CFFFFFFFF110D067665
310
727465780CFFFFFFFF04FFFFFFFF0CFFFFFFFF0CA706000004000000000C16070000110E08696E7463757276650D0563757276650CFFFFFFFF04FFFFFFFF0CFFFFFFFF0B0F0D037265660437010000100A0600000000000000000A06C5D12C4ABCADEF3F110D067665727465780CFFFFFFFF04FFFFFFFF0CFFFFFFFF0C1707
310
000004000000000C18070000110E08696E7463757276650D0563757276650CFFFFFFFF04FFFFFFFF0CFFFFFFFF0A0F0D0D65786163745F696E745F637572043C5A000015000000000D056E7572627304050000001500000000040B0000000600000000000000000405000000069A9999999999B93F0401000000069A999999
310
9999C93F040100000006343333333333D33F0401000000069A9999999999D93F040100000006000000000000E03F040100000006333333333333E33F040100000006666666666666E63F040100000006999999999999E93F040100000006CCCCCCCCCCCCEC3F040100000006000000000000F03F040500000006F18EAC9192
310
5C2B4006305C73E939CB42C006000000000000144006000000000000F03F06A970A0C740AE2B4006DF478396299542C006000000000000144006000000000000F03F064C096DDDD03B2C400659A001B3152B42C006000000000000144006000000000000F03F0652D53698C3CE2C40064431382E1E9241C006000000000000
310
144006000000000000F03F06AC4AA294C30D2D40066BEEF29AA9D240C006000000000000144006000000000000F03F0630F7D10CA4712C400600D42638DCF23FC006000000000000144006000000000000F03F06B01E1E844DDB2A400671CEEA55746F3EC006000000000000144006000000000000F03F06B4F4A9DA8D4028
310
40068B66FD74061D3DC006000000000000144006000000000000F03F06A658535FEEAA2440061FE5956FC7F93BC006000000000000144006000000000000F03F065AC45A703D30204006D5CA235F9D013BC006000000000000144006000000000000F03F06DB7398EA1ED0154006263994F818303AC0060000000000001440
310
06000000000000F03F06822CC5261568084006DD5D0EDE5FA439C006000000000000144006000000000000F03F060D5D3FB1E18EF13F068D711ABA2E4A39C006000000000000144006000000000000F03F0624D20533375BD1BF068A5C8AEF6F1439C006000000000000144006000000000000F03F067087F3550C1BEFBF06
310
0E8E650D29FB38C006000000000000144006000000000000F03F0600000000000000000D0C6E756C6C5F737572666163650D0C6E756C6C5F737572666163650D066E756C6C62730D066E756C6C62730B0B04000000000400000000040000000004000000000A06000000000000F03F0A060000000000000000150000000015
310
00000000100A060D5B1CBBF2DEEEBF0A060000000000000080110D067665727465780CFFFFFFFF04FFFFFFFF0CFFFFFFFF0C1907000004010000000C1A070000110D06636F656467650C1B07000004FFFFFFFF0CFFFFFFFF0C1C0700000CE10600000CE50600000CAC0600000B0C1D07000004000000000C1E070000110E08
310
696E7463757276650D0563757276650CFFFFFFFF04FFFFFFFF0CFFFFFFFF0B0F0D0D65786163745F696E745F637572043C5A000015000000000D056E7572627304050000001500000000040B0000000600000000000000000405000000069A9999999999B93F0401000000069A9999999999C93F0401000000063433333333
310
33D33F0401000000069A9999999999D93F040100000006000000000000E03F040100000006333333333333E33F040100000006666666666666E63F040100000006999999999999E93F040100000006CCCCCCCCCCCCEC3F040100000006000000000000F03F040500000006F18EAC91925C2B4006305C73E939CB42C0060000
310
00000000000006000000000000F03F0646D69041831A2C4006A265878D839442C006000000000000000006000000000000F03F06CB9F980211812D40063EEB5D45BA2842C006000000000000000006000000000000F03F06E087A014EB5A2F4006AFB245A2F68B41C006000000000000000006000000000000F03F06ED6EDA
310
F052A83040061EFD04F5EFC440C006000000000000000006000000000000F03F06DB72E984386E314006CA5531FCDBBB3FC006000000000000000006000000000000F03F06090E40DF5AB63140068667C5AB7D143EC006000000000000000006000000000000F03F06128AB521DE76314006B1D9DE8ECC963CC00600000000
310
0000000006000000000000F03F06687D3BF01FAB304006007D2F3735443BC006000000000000000006000000000000F03F06BDECB63713B32E400636FA0544BF1A3AC006000000000000000006000000000000F03F06EFA73AA022192B400670267DB4331739C006000000000000000006000000000000F03F06F7E1AABCBA
310
82274006A8E499A75A6338C006000000000000000006000000000000F03F061CEA46E6B6722440062AA5A1ED18EB37C006000000000000000006000000000000F03F0684E2760C6A3E2240061F07E85952A137C006000000000000000006000000000000F03F0657D90B9BDB192140063C33D063087E37C006000000000000
310
000006000000000000F03F0600000000000000000D0C6E756C6C5F737572666163650D0C6E756C6C5F737572666163650D066E756C6C62730D066E756C6C62730B0B04000000000400000000040000000004000000000A06000000000000F03F0A06000000000000000015000000001500000000100A060000000000000000
310
0A06C4D12C4ABCADEF3F110D06636F656467650CFFFFFFFF04FFFFFFFF0CFFFFFFFF0CDF0600000C1F0700000CAF0600000CE20600000A0C1D07000004000000000C20070000110D04656467650CFFFFFFFF04FFFFFFFF0CFFFFFFFF0C7E0600000600000000000000000CDC06000006000000000000E03F0CAF0600000C21
310
0700000B0707756E6B6E6F776E110D067063757276650CFFFFFFFF04FFFFFFFF0CFFFFFFFF04000000000B0F0D0B6578705F7061725F6375720D046E756273040100000015000000000402000000060000000000000000040100000006000000000000E03F0401000000060000000000000080060000000000000000060000
310
00000000008006000000000000E03F0600000000000000000D0673706C696E650B0F0D037265660444010000100B0B0B0B10060000000000000000060000000000000000110E0D4154545249425F435553544F4D0D066174747269620CFFFFFFFF04FFFFFFFF0CFFFFFFFF0CFFFFFFFF0CB00600000711736B657463685F61
310
74747269625F646566040100000004010000000403000000070D31383320302031203020312032110D06636F656467650C2207000004FFFFFFFF0CFFFFFFFF0CB00600000C230700000CDF0600000CAC0600000A0C4800000004000000000CFFFFFFFF110D04666163650C2407000004FFFFFFFF0CFFFFFFFF0C250700000C
310
B10600000C060000000CFFFFFFFF0C260700000B0B110D06636F656467650CFFFFFFFF04FFFFFFFF0CFFFFFFFF0C270700000CFA0600000CB30600000CAA0600000B0C7C00000004000000000CFFFFFFFF110D067063757276650CFFFFFFFF04FFFFFFFF0CFFFFFFFF04000000000B0F0D0B6578705F7061725F6375720D04
310
6E7562730401000000150000000004020000000600000000000000000401000000060D5B1CBBF2DEEE3F040100000006000000000000008006000000000000E03F061D5B1CBBF2DEEEBF06000000000000E03F0600000000000000000D0673706C696E650B0F0D037265660444010000100B0B0B0B10060000000000000000
310
060000000000000000110D06636F656467650CFFFFFFFF04FFFFFFFF0CFFFFFFFF0C280700000CB40600000CFA0600000C290700000A0CEB06000004000000000C2A070000110D06636F656467650C2B07000004FFFFFFFF0CFFFFFFFF0CB40600000C280700000CBA0600000CEE0600000A0CEB06000004000000000C2C07
310
0000110D046C6F6F700CFFFFFFFF04FFFFFFFF0CFFFFFFFF0CFFFFFFFF0CEA0600000C25070000110D067063757276650CFFFFFFFF04FFFFFFFF0CFFFFFFFF04000000000B0F0D0B6578705F7061725F6375720D046E756273040100000015000000000402000000060000000000000000040100000006000000000000E03F
310
04010000000602F82D4ABCADEFBF0600000000000000000602F82D4ABCADEFBF06000000000000E03F0600000000000000000D0673706C696E650B0F0D0B63796C5F73706C5F737572043C5A00000D08696E7463757276650A0F0D03726566041F010000100A06000000000000F0BF0A0602F82D4ABCADEFBF140000000000
310
00000000000000000000000000000000002440130EA88136369509403E8984E2DC5440C0000000000000000015020000000A06000000000000F0BF0A0602F82D4ABCADEFBF0A0600000000000000000A06000000000000E03F1500000000150000000015000000001500000000040000000004000000000400000000040000
310
0000040000000004000000000B100B0B0B0B10060000000000000000060000000000000000110E0D4154545249425F435553544F4D0D066174747269620CFFFFFFFF04FFFFFFFF0CFFFFFFFF0CFFFFFFFF0CBA0600000711736B657463685F6174747269625F646566040100000004010000000403000000070D3137332030
310
2031203020322032110D04656467650CFFFFFFFF04FFFFFFFF0CFFFFFFFF0C050600000602F82D4ABCADEF3F0CF306000006000000000000F03F0CEA0600000C2D0700000B0707756E6B6E6F776E110E0D4154545249425F435553544F4D0D066174747269620CFFFFFFFF04FFFFFFFF0CFFFFFFFF0CFFFFFFFF0CBB060000
310
0711736B657463685F6174747269625F646566040100000004010000000403000000070F313037203020302030203238203336110D06636F656467650CFFFFFFFF04FFFFFFFF0CFFFFFFFF0CFB0600000CBB0600000C280700000C2E0700000B0CF206000004000000000CFFFFFFFF110D06636F656467650CFFFFFFFF04FF
310
FFFFFF0CFFFFFFFF0CBB0600000CFB0600000CBE0600000CF50600000A0CF206000004000000000CFFFFFFFF110D046C6F6F700CFFFFFFFF04FFFFFFFF0CFFFFFFFF0CFFFFFFFF0CBB0600000C2F070000110D067665727465780CFFFFFFFF04FFFFFFFF0CFFFFFFFF0CEE06000004010000000C30070000110E07656C6C69
310
7073650D0563757276650CFFFFFFFF04FFFFFFFF0CFFFFFFFF130000000000000000000000000000000000000000000000001400000000000000000000000000000000000000000000F03F1400000000000039400000000000000000000000000000000006000000000000F03F0A06BD1C766A48C1F9BF0A06192D4454FB21
310
F9BF110D04656467650CFFFFFFFF04FFFFFFFF0CFFFFFFFF0CC20600000600000000000000000CFE06000006000000000000E03F0CBE0600000C310700000B0707756E6B6E6F776E110D067063757276650CFFFFFFFF04FFFFFFFF0CFFFFFFFF04000000000B0F0D0B6578705F7061725F6375720D046E7562730401000000
310
15000000000402000000060000000000000000040100000006000000000000E03F040100000006000000000000F03F06000000000000000006000000000000F03F06000000000000E03F0600000000000000000D0673706C696E650B0F0D037265660447010000100B0B0B0B10060000000000000000060000000000000000
310
110D067063757276650CFFFFFFFF04FFFFFFFF0CFFFFFFFF04000000000B0F0D0B6578705F7061725F6375720D046E75627304010000001500000000040200000006000000000000E0BF04010000000600000000000000800401000000061D5B1CBBF2DEEE3F06000000000000E03F061D5B1CBBF2DEEE3F06000000000000
310
00000600000000000000000D0673706C696E650B0F0D037265660447010000100B0B0B0B10060000000000000000060000000000000000110D04666163650C3207000004FFFFFFFF0CFFFFFFFF0C840600000CC00600000C060000000CFFFFFFFF0C330700000B0B110D05706F696E740CFFFFFFFF04FFFFFFFF0CFFFFFFFF
310
137087F3550C1BEFBF0E8E650D29FB38C00000000000000000110D06636F656467650CFFFFFFFF04FFFFFFFF0CFFFFFFFF0CE70600000CC40600000CE90600000C290700000B0C7C00000004000000000CFFFFFFFF110D06636F656467650CFFFFFFFF04FFFFFFFF0CFFFFFFFF0CF10600000CF00600000CC40600000CFC06
310
00000A0CF206000004000000000CFFFFFFFF110D04656467650CFFFFFFFF04FFFFFFFF0CFFFFFFFF0CFE06000006BD1C766A48C1F9BF0C3407000006192D4454FB21F9BF0CFB0600000C350700000B0707756E6B6E6F776E110D067063757276650CFFFFFFFF04FFFFFFFF0CFFFFFFFF04000000000B0F0D0B6578705F7061
310
725F6375720D046E75627304010000001500000000040200000006000000000000F0BF0401000000061D5B1CBBF2DEEEBF040100000006000000000000F03F06000000000000E03F062D5B1CBBF2DEEE3F06000000000000E03F0600000000000000000D0673706C696E650B0F0D037265660447010000100B0B0B0B100600
310
00000000000000060000000000000000110D067665727465780CFFFFFFFF04FFFFFFFF0CFFFFFFFF0CFC06000004000000000C36070000110E08696E7463757276650D0563757276650CFFFFFFFF04FFFFFFFF0CFFFFFFFF0B0F0D03726566044A010000100A061D5B1CBBF2DEEE3F0A06000000000000F03F110E0D415454
310
5249425F435553544F4D0D066174747269620CFFFFFFFF04FFFFFFFF0CFFFFFFFF0CFFFFFFFF0CC8060000071667656E657269635F7461675F6174747269625F6465660403000000040300000004FFFFFFFF071767656E657269635F7461675F6174747269625F646566200401000000040200000007023537040000000004
310
01000000042D0100000400000000110D04666163650C3707000004FFFFFFFF0CFFFFFFFF0C380700000C390700000C060000000CFFFFFFFF0C3A0700000B0B110D046C6F6F700CFFFFFFFF04FFFFFFFF0CFFFFFFFF0CFFFFFFFF0C3B0700000CC8060000110E0673706C696E650D07737572666163650CFFFFFFFF04FFFFFF
310
FF0CFFFFFFFF0B0F0D0B63796C5F73706C5F737572043C5A00000D08696E7463757276650B0F0D037265660432010000100A06145B1CBBF2DEEE3F0A06000000000000F03F1400000000000000000000000000000000000000000000244013F489E3A92C5D3F40B512AAA6BF050E40000000000000000015020000000A0614
310
5B1CBBF2DEEE3F0A06000000000000F03F0A0600000000000000000A06000000000000E03F15000000001500000000150000000015000000000400000000040000000004000000000400000000040000000004000000000B100B0B0B0B110D06636F656467650C3C07000004FFFFFFFF0CFFFFFFFF0C3D0700000C3E070000
310
0C3F0700000C400700000B0CC906000004000000000CFFFFFFFF110E0D4154545249425F435553544F4D0D066174747269620CFFFFFFFF04FFFFFFFF0CFFFFFFFF0CFFFFFFFF0CCB0600000711736B657463685F6174747269625F646566040100000004010000000403000000070D32303120302031203020322032110D06
310
636F656467650CFFFFFFFF04FFFFFFFF0CFFFFFFFF0C410700000CCB0600000C420700000C0D0700000B0C9506000004000000000C43070000110D06636F656467650CFFFFFFFF04FFFFFFFF0CFFFFFFFF0CCB0600000C410700000C3D0700000C440700000A0C9506000004000000000C45070000110D06636F656467650C
310
4607000004FFFFFFFF0CFFFFFFFF0C3F0700000CCF0600000CCB0600000C090700000B0C4800000004000000000CFFFFFFFF110D04656467650CFFFFFFFF04FFFFFFFF0CFFFFFFFF0C1007000006F9F72D4ABCADEF3F0C4707000006000000000000F03F0CCB0600000C480700000B0707756E6B6E6F776E110D0670637572
310
76650CFFFFFFFF04FFFFFFFF0CFFFFFFFF04000000000B0F0D0B6578705F7061725F6375720D046E75627304010000001500000000040200000006000000000000F0BF040100000006F9F72D4ABCADEFBF040100000006000000000000F0BF06000000000000000006321E2F4ABCADEFBF0600000000000000000600000000
310
000000000D0673706C696E650B0F0D03726566043D010000100B0B0B0B10060000000000000000060000000000000000110D06636F656467650CFFFFFFFF04FFFFFFFF0CFFFFFFFF0CCE0600000CCD0600000CD90600000C150700000A0C6306000004000000000C49070000110D067063757276650CFFFFFFFF04FFFFFFFF
310
0CFFFFFFFF04000000000B0F0D0B6578705F7061725F6375720D046E756273040100000015000000000402000000060000000000000000040100000006000000000000E03F040100000006000000000000008006000000000000000006000000000000008006000000000000E03F0600000000000000000D0673706C696E65
310
0B0F0D037265660431010000100B0B0B0B10060000000000000000060000000000000000110D04656467650CFFFFFFFF04FFFFFFFF0CFFFFFFFF0C100700000600000000000000000C4A07000006000000000000E03F0C4B0700000C4C0700000B0707756E6B6E6F776E110D067063757276650CFFFFFFFF04FFFFFFFF0CFF
310
FFFFFF04000000000B0F0D0B6578705F7061725F6375720D046E75627304010000001500000000040200000006000000000000E0BF0401000000060000000000000080040100000006035B1CBBF2DEEEBF06000000000000E03F06035B1CBBF2DEEEBF0600000000000000000600000000000000000D0673706C696E650B0F
310
0D037265660431010000100B0B0B0B10060000000000000000060000000000000000110E0D4154545249425F435553544F4D0D066174747269620CFFFFFFFF04FFFFFFFF0CFFFFFFFF0CFFFFFFFF0CCF0600000711736B657463685F6174747269625F646566040100000004010000000403000000070D3231312030203120
310
3020312032110D067665727465780CFFFFFFFF04FFFFFFFF0CFFFFFFFF0CD006000004010000000C4D070000110E08696E7463757276650D0563757276650CFFFFFFFF04FFFFFFFF0CFFFFFFFF0B0F0D037265660432010000100A0600000000000000000A06035B1CBBF2DEEE3F110E0873747261696768740D0563757276
310
650CFFFFFFFF04FFFFFFFF0CFFFFFFFF138FB1D03737B243405B508E1DA1C81B400000000000000000140000000000000000000000000000000000000000000024400A0600000000000000000A06000000000000E03F110D05706F696E740CFFFFFFFF04FFFFFFFF0CFFFFFFFF138FB1D03737B243405B508E1DA1C81B4000
310
00000000000000110D06636F656467650CFFFFFFFF04FFFFFFFF0CFFFFFFFF0CD90600000C4E0700000C410700000C4F0700000B0C7C00000004000000000CFFFFFFFF110D04656467650CFFFFFFFF04FFFFFFFF0CFFFFFFFF0C4A07000006035B1CBBF2DEEEBF0CDA0600000600000000000000800C0B0700000C50070000
310
0B0707756E6B6E6F776E110D05706F696E740CFFFFFFFF04FFFFFFFF0CFFFFFFFF138FB1D03737B243405B508E1DA1C81B400000000000001440110D04656467650CFFFFFFFF04FFFFFFFF0CFFFFFFFF0CDC0600000600000000000000000C5107000006C4D12C4ABCADEF3F0C1F0700000C520700000B0707756E6B6E6F77
310
6E110D05706F696E740CFFFFFFFF04FFFFFFFF0CFFFFFFFF13F18EAC91925C2B40305C73E939CB42C00000000000001440110D04656467650CFFFFFFFF04FFFFFFFF0CFFFFFFFF0C530700000600000000000000000CDE060000060B5B1CBBF2DEEE3F0C540700000C550700000B0707756E6B6E6F776E110D05706F696E74
310
0CFFFFFFFF04FFFFFFFF0CFFFFFFFF135558FCA4B3AB21403BBF11A5E98F37C00000000000000000110E0D4154545249425F435553544F4D0D066174747269620CFFFFFFFF04FFFFFFFF0CFFFFFFFF0CFFFFFFFF0CDF0600000711736B657463685F6174747269625F646566040100000004010000000403000000070D3138
310
3020302030203020312032110D06636F656467650CFFFFFFFF04FFFFFFFF0CFFFFFFFF0C1F0700000CDF0600000C560700000C570700000B0C1D07000004000000000C58070000110D046C6F6F700CFFFFFFFF04FFFFFFFF0CFFFFFFFF0CFFFFFFFF0CDF0600000C59070000110D067063757276650CFFFFFFFF04FFFFFFFF
310
0CFFFFFFFF04000000000B0F0D0B6578705F7061725F6375720D046E756273040100000015000000000402000000060000000000000000040100000006C4D12C4ABCADEF3F040100000006000000000000000006000000000000000006FFF72D4ABCADEF3F0600000000000000000600000000000000000D0673706C696E65
310
0B0F0D0B63796C5F73706C5F737572043C5A00000D08696E7463757276650B0F0D03726566044B010000100A0600000000000000000A06C4D12C4ABCADEF3F1400000000000000000000000000000000000000000000244013684E1E97515A2C401A3F51E474993DC0000000000000000015020000000A0600000000000000
310
000A06C4D12C4ABCADEF3F0A0600000000000000000A06000000000000E03F15000000001500000000150000000015000000000400000000040000000004000000000400000000040000000004000000000B100B0B0B0B10060000000000000000060000000000000000110D06636F656467650CFFFFFFFF04FFFFFFFF0CFF
310
FFFFFF0CE10600000C1C0700000C270700000C170700000A0C1D07000004000000000C5A070000110D067063757276650CFFFFFFFF04FFFFFFFF0CFFFFFFFF04000000000B0F0D0B6578705F7061725F6375720D046E75627304010000001500000000040200000006000000000000E0BF0401000000060000000000000080
310
040100000006000000000000000006000000000000E03F0600000000000000000600000000000000000600000000000000000D0673706C696E650B0F0D037265660458010000100B0B0B0B10060000000000000000060000000000000000110E0873747261696768740D0563757276650CFFFFFFFF04FFFFFFFF0CFFFFFFFF
310
13F18EAC91925C2B40305C73E939CB42C00000000000000000140000000000000000000000000000000000000000000024400A0600000000000000000A06000000000000E03F110E0D4154545249425F435553544F4D0D066174747269620CFFFFFFFF04FFFFFFFF0CFFFFFFFF0CFFFFFFFF0CE50600000711736B65746368
310
5F6174747269625F646566040100000004010000000403000000070D31383020302030203020312032110D06636F656467650C5B07000004FFFFFFFF0CFFFFFFFF0CE50600000C5C0700000C5D0700000C5E0700000A0C4800000004000000000CFFFFFFFF110E0D4154545249425F435553544F4D0D066174747269620CFF
310
FFFFFF04FFFFFFFF0CFFFFFFFF0CFFFFFFFF0CE6060000071667656E657269635F7461675F6174747269625F6465660403000000040300000004FFFFFFFF071767656E657269635F7461675F6174747269625F64656620040100000004020000000702343004000000000401000000042D0100000400000000110D04666163
310
650C5F07000004FFFFFFFF0CFFFFFFFF0C2F0700000CEB0600000C060000000CFFFFFFFF0C600700000B0B110E0673706C696E650D07737572666163650CFFFFFFFF04FFFFFFFF0CFFFFFFFF0B0F0D037265660444010000100B0B0B0B110D06636F656467650CFFFFFFFF04FFFFFFFF0CFFFFFFFF0C610700000CE7060000
310
0C1F0700000C170700000B0C7C00000004000000000CFFFFFFFF110D06636F656467650CFFFFFFFF04FFFFFFFF0CFFFFFFFF0CEA0600000CE90600000CF00600000C2E0700000A0CEB06000004000000000C62070000110D04656467650CFFFFFFFF04FFFFFFFF0CFFFFFFFF0C3407000006000000000000F0BF0C7C060000
310
0602F82D4ABCADEFBF0CE90600000C630700000B0707756E6B6E6F776E110D067063757276650CFFFFFFFF04FFFFFFFF0CFFFFFFFF04000000000B0F0D0B6578705F7061725F6375720D046E7562730401000000150000000004020000000602F82D4ABCADEF3F040100000006000000000000F03F0401000000063E1E2F4A
310
BCADEFBF06000000000000E03F06000000000000F0BF06000000000000E03F0600000000000000000D0673706C696E650B0F0D03726566044F010000100B0B0B0B10060000000000000000060000000000000000110E0D4154545249425F435553544F4D0D066174747269620CFFFFFFFF04FFFFFFFF0CFFFFFFFF0CFFFFFF
310
FF0CEA0600000711736B657463685F6174747269625F646566040100000004010000000403000000070D31373320302031203020322032110D067063757276650CFFFFFFFF04FFFFFFFF0CFFFFFFFF04000000000B0F0D0B6578705F7061725F6375720D046E75627304010000001500000000040200000006000000000000
310
F0BF04010000000602F82D4ABCADEFBF040100000006000000000000F0BF060000000000000000063E1E2F4ABCADEFBF0600000000000000000600000000000000000D0673706C696E650B0F0D03726566044F010000100B0B0B0B10060000000000000000060000000000000000110E08696E7463757276650D0563757276
310
650CFFFFFFFF04FFFFFFFF0CFFFFFFFF0B0F0D03726566041F010000100A06C7D12C4ABCADEF3F0A06000000000000F03F110D04656467650CFFFFFFFF04FFFFFFFF0CFFFFFFFF0CF30600000600000000000000000C3407000006000000000000E03F0CF00600000C640700000B0707756E6B6E6F776E110D04666163650C
310
6507000004FFFFFFFF0CFFFFFFFF0CF80600000CF20600000C060000000CFFFFFFFF0C660700000B0B110D05706F696E740CFFFFFFFF04FFFFFFFF0CFFFFFFFF13CBCFCFAF9B93EBBC00000000000039C00000000000000000110E0873747261696768740D0563757276650CFFFFFFFF04FFFFFFFF0CFFFFFFFF137087F355
310
0C1BEFBF0E8E650D29FB38C00000000000000000140000000000000000000000000000000000000000000024400A0600000000000000000A06000000000000E03F110E0D4154545249425F435553544F4D0D066174747269620CFFFFFFFF04FFFFFFFF0CFFFFFFFF0CFFFFFFFF0CF8060000071667656E657269635F746167
310
5F6174747269625F6465660403000000040300000004FFFFFFFF071767656E657269635F7461675F6174747269625F64656620040100000004020000000702333704000000000401000000042D0100000400000000110E0673706C696E650D07737572666163650CFFFFFFFF04FFFFFFFF0CFFFFFFFF0B0F0D037265660447
310
010000100B0B0B0B110D067665727465780CFFFFFFFF04FFFFFFFF0CFFFFFFFF0C2907000004000000000C67070000110E07656C6C697073650D0563757276650CFFFFFFFF04FFFFFFFF0CFFFFFFFF130000000000000000000000000000000000000000000014401400000000000000000000000000000000000000000000
310
F03F1400000000000039400000000000000000000000000000000006000000000000F03F0B0B110D05706F696E740CFFFFFFFF04FFFFFFFF0CFFFFFFFF137087F3550C1BEFBF0E8E650D29FB38C00000000000001440110E0D4154545249425F435553544F4D0D066174747269620CFFFFFFFF04FFFFFFFF0CFFFFFFFF0CFF
310
FFFFFF0C01070000071667656E657269635F7461675F6174747269625F6465660403000000040300000004FFFFFFFF071767656E657269635F7461675F6174747269625F64656620040100000004020000000702353604000000000401000000042D0100000400000000110D04666163650C6807000004FFFFFFFF0CFFFFFF
310
FF0C690700000C6A0700000C060000000CFFFFFFFF0C6B0700000B0B110D046C6F6F700CFFFFFFFF04FFFFFFFF0CFFFFFFFF0CFFFFFFFF0C6C0700000C01070000110E0673706C696E650D07737572666163650CFFFFFFFF04FFFFFFFF0CFFFFFFFF0B0F0D0B63796C5F73706C5F737572043C5A00000D08696E7463757276
310
650B0F0D03726566043E010000100A0600000000000000000A06BFD12C4ABCADEF3F1400000000000000000000000000000000000000000000244013E4489BBF6C5C40406C5240DA452E04C0000000000000000015020000000A0600000000000000000A06BFD12C4ABCADEF3F0A0600000000000000000A06000000000000
310
E03F15000000001500000000150000000015000000000400000000040000000004000000000400000000040000000004000000000B100B0B0B0B110D06636F656467650C6D07000004FFFFFFFF0CFFFFFFFF0C6E0700000C420700000C6F0700000C700700000B0C0207000004000000000C71070000110E0D415454524942
310
5F435553544F4D0D066174747269620CFFFFFFFF04FFFFFFFF0CFFFFFFFF0CFFFFFFFF0C040700000711736B657463685F6174747269625F646566040100000004010000000403000000070F313037203020302030203336203336110D06636F656467650CFFFFFFFF04FFFFFFFF0CFFFFFFFF0C720700000C040700000C07
310
0700000C440700000B0CC906000004000000000CFFFFFFFF110D06636F656467650CFFFFFFFF04FFFFFFFF0CFFFFFFFF0C040700000C720700000C6E0700000C730700000A0CC906000004000000000CFFFFFFFF110D06636F656467650C7407000004FFFFFFFF0CFFFFFFFF0C6F0700000C080700000C040700000C400700
310
000A0C4800000004000000000CFFFFFFFF110D04656467650CFFFFFFFF04FFFFFFFF0CFFFFFFFF0C7507000006B9C176FC8051CBBF0C47070000068544E74A1857C6BF0C040700000C760700000B0707756E6B6E6F776E110D06636F656467650CFFFFFFFF04FFFFFFFF0CFFFFFFFF0C070700000C060700000C140700000C
310
4F0700000A0C9506000004000000000C77070000110D06636F656467650CFFFFFFFF04FFFFFFFF0CFFFFFFFF0C3B0700000C780700000C4B0700000C0D0700000A0C0207000004000000000C79070000110D067063757276650CFFFFFFFF04FFFFFFFF0CFFFFFFFF04000000000B0F0D0B6578705F7061725F6375720D046E
310
756273040100000015000000000402000000060000000000000000040100000006000000000000E03F040100000006F9F72D4ABCADEFBF06000000000000000006F9F72D4ABCADEFBF06000000000000E03F0600000000000000000D0673706C696E650B0F0D03726566043D010000100B0B0B0B1006000000000000000006
310
0000000000000000110D04656467650CFFFFFFFF04FFFFFFFF0CFFFFFFFF0C470700000600000000000000000C7A07000006000000000000E03F0C3D0700000C7B0700000B0707756E6B6E6F776E110D067063757276650CFFFFFFFF04FFFFFFFF0CFFFFFFFF04000000000B0F0D0B6578705F7061725F6375720D046E7562
310
7304010000001500000000040200000006000000000000E0BF0401000000060000000000000080040100000006000000000000F0BF06000000000000E03F06000000000000F0BF0600000000000000000600000000000000000D0673706C696E650B0F0D03726566043D010000100B0B0B0B10060000000000000000060000
310
000000000000110E0D4154545249425F435553544F4D0D066174747269620CFFFFFFFF04FFFFFFFF0CFFFFFFFF0CFFFFFFFF0C080700000711736B657463685F6174747269625F646566040100000004010000000403000000070D32303120302031203020322032110D067665727465780CFFFFFFFF04FFFFFFFF0CFFFFFF
310
FF0C0907000004010000000C7C070000110E08696E7463757276650D0563757276650CFFFFFFFF04FFFFFFFF0CFFFFFFFF0B0F0D03726566043E010000100A06BFD12C4ABCADEF3F0A06000000000000F03F110D067063757276650CFFFFFFFF04FFFFFFFF0CFFFFFFFF04000000000B0F0D0B6578705F7061725F6375720D
310
046E756273040100000015000000000402000000060000000000000000040100000006035B1CBBF2DEEE3F040100000006000000000000008006000000000000E03F06145B1CBBF2DEEEBF06000000000000E03F0600000000000000000D0673706C696E650B0F0D037265660431010000100B0B0B0B100600000000000000
310
00060000000000000000110D067665727465780CFFFFFFFF04FFFFFFFF0CFFFFFFFF0C1507000004000000000C7D070000110D06636F656467650CFFFFFFFF04FFFFFFFF0CFFFFFFFF0C7E0700000C6C0700000CCE0600000C0D0700000B0C3907000004000000000C7F070000110E0873747261696768740D056375727665
310
0CFFFFFFFF04FFFFFFFF0CFFFFFFFF13D80B200DB7D2384000F76F4A8B8410C00000000000000000140000000000000000000000000000000000000000000024400A0600000000000000000A06000000000000E03F110D05706F696E740CFFFFFFFF04FFFFFFFF0CFFFFFFFF13D80B200DB7D2384000F76F4A8B8410C00000
310
000000000000110D06636F656467650CFFFFFFFF04FFFFFFFF0CFFFFFFFF0C140700000C800700000C720700000C810700000B0C7C00000004000000000CFFFFFFFF110D04656467650CFFFFFFFF04FFFFFFFF0CFFFFFFFF0C7A07000006000000000000F0BF0C4A07000006F9F72D4ABCADEFBF0C410700000C820700000B
310
0707756E6B6E6F776E110E08696E7463757276650D0563757276650CFFFFFFFF04FFFFFFFF0CFFFFFFFF0A0F0D0D65786163745F696E745F637572043C5A000015000000000D056E7572627304050000001500000000040B0000000600000000000000000405000000069A9999999999B93F0401000000069A9999999999C9
310
3F040100000006343333333333D33F0401000000069A9999999999D93F040100000006000000000000E03F040100000006333333333333E33F040100000006666666666666E63F040100000006999999999999E93F040100000006CCCCCCCCCCCCEC3F040100000006000000000000F03F0405000000068FB1D03737B24340
310
065B508E1DA1C81B4006000000000000144006000000000000F03F0602D927EA8480434006E07E92F79CB41C4006000000000000144006000000000000F03F062E2A54D7321E434006C838BF90CC5E1E4006000000000000144006000000000000F03F0638F67659EF8D4240060921626A5D2A204006000000000000144006
310
000000000000F03F062EB0C0881FD4414006E183A32864ED204006000000000000144006000000000000F03F06AF2578D469F7404006A1DF0E2A87EA204006000000000000144006000000000000F03F06013CD4680327404006BEAF4FC7D0C11F4006000000000000144006000000000000F03F06FB501A5DD9C63E400621
310
4C7CC0A58B1B4006000000000000144006000000000000F03F067DFE15165B583D40066B627E9B9446154006000000000000144006000000000000F03F067AB971B866003C4006789E426FD3400A4006000000000000144006000000000000F03F06B72A7753AABC3A40061D2BEB595855EA3F060000000000001440060000
310
00000000F03F067487579544C8394006E2B5133DF22BF7BF06000000000000144006000000000000F03F06A4BC89AF9B18394006F68E5DF88A7C0AC006000000000000144006000000000000F03F06FEDF893FD7A63840067CE5322C127D12C006000000000000144006000000000000F03F06D7432FBFCA6E38400650FD8F
310
6C4A2E15C006000000000000144006000000000000F03F0600000000000000000D0C6E756C6C5F737572666163650D0C6E756C6C5F737572666163650D066E756C6C62730D066E756C6C62730B0B04000000000400000000040000000004000000000A06000000000000F03F0A060000000000000000150000000015000000
310
00100A06035B1CBBF2DEEEBF0A060000000000000080110D067665727465780CFFFFFFFF04FFFFFFFF0CFFFFFFFF0C8307000004000000000C84070000110E08696E7463757276650D0563757276650CFFFFFFFF04FFFFFFFF0CFFFFFFFF0B0F0D0D65786163745F696E745F637572043C5A000015000000000D056E757262
310
7304050000001500000000040B0000000600000000000000000405000000069A9999999999B93F0401000000069A9999999999C93F040100000006343333333333D33F0401000000069A9999999999D93F040100000006000000000000E03F040100000006333333333333E33F040100000006666666666666E63F04010000
310
0006999999999999E93F040100000006CCCCCCCCCCCCEC3F040100000006000000000000F03F040500000006F18EAC91925C2B4006305C73E939CB42C006000000000000144006000000000000F03F0646D69041831A2C4006A265878D839442C006000000000000144006000000000000F03F06CB9F980211812D40063EEB
310
5D45BA2842C006000000000000144006000000000000F03F06E087A014EB5A2F4006AFB245A2F68B41C006000000000000144006000000000000F03F06ED6EDAF052A83040061EFD04F5EFC440C006000000000000144006000000000000F03F06DB72E984386E314006CA5531FCDBBB3FC006000000000000144006000000
310
000000F03F06090E40DF5AB63140068667C5AB7D143EC006000000000000144006000000000000F03F06128AB521DE76314006B1D9DE8ECC963CC006000000000000144006000000000000F03F06687D3BF01FAB304006007D2F3735443BC006000000000000144006000000000000F03F06BDECB63713B32E400636FA0544
310
BF1A3AC006000000000000144006000000000000F03F06EFA73AA022192B400670267DB4331739C006000000000000144006000000000000F03F06F7E1AABCBA82274006A8E499A75A6338C006000000000000144006000000000000F03F061CEA46E6B6722440062AA5A1ED18EB37C0060000000000001440060000000000
310
00F03F0684E2760C6A3E2240061F07E85952A137C006000000000000144006000000000000F03F0657D90B9BDB192140063C33D063087E37C006000000000000144006000000000000F03F0600000000000000000D0C6E756C6C5F737572666163650D0C6E756C6C5F737572666163650D066E756C6C62730D066E756C6C62
310
730B0B04000000000400000000040000000004000000000A06000000000000F03F0A06000000000000000015000000001500000000100A0600000000000000000A06C4D12C4ABCADEF3F110D067665727465780CFFFFFFFF04FFFFFFFF0CFFFFFFFF0C8507000004000000000C86070000110D06636F656467650C87070000
310
04FFFFFFFF0CFFFFFFFF0C880700000C560700000C890700000C190700000A0C8A07000004000000000C8B070000110E08696E7463757276650D0563757276650CFFFFFFFF04FFFFFFFF0CFFFFFFFF0B0F0D0D65786163745F696E745F637572043C5A000015000000000D056E7572627304050000001500000000040B0000
310
000600000000000000000405000000069A9999999999B93F0401000000069A9999999999C93F040100000006343333333333D33F0401000000069A9999999999D93F040100000006000000000000E03F040100000006333333333333E33F040100000006666666666666E63F040100000006999999999999E93F0401000000
310
06CCCCCCCCCCCCEC3F040100000006000000000000F03F040500000006A41BCB2625B63940064824838B4BA43EC006000000000000000006000000000000F03F06EC89D1658AB73940069A144163B8303EC006000000000000000006000000000000F03F062A1036F27DB13940063A8A7A9726513DC0060000000000000000
310
06000000000000F03F0643D67047E68D394006B45EAB9689183CC006000000000000000006000000000000F03F060F10B46089283940063F78A607F2A53AC006000000000000000006000000000000F03F06382F1147964A38400608F3BF74612839C006000000000000000006000000000000F03F060AA11A862B07374006
310
2D72CD82D30138C006000000000000000006000000000000F03F06B029EFA7265A354006E47753D8D33537C006000000000000000006000000000000F03F068BFE08AD654733400660312D8311C136C006000000000000000006000000000000F03F069A8DFE59C0D7304006809DBC49F79B36C00600000000000000000600
310
0000000000F03F062C4CE6248D292C4006178D2A0F52BE36C006000000000000000006000000000000F03F0698C4B5AA1D46274006E468B47C5F0D37C006000000000000000006000000000000F03F066265C4DA935C2340063CA52165A86337C006000000000000000006000000000000F03F06362EAD675CA52040068152
310
6E7AFBA837C006000000000000000006000000000000F03F0688CB3511BE851E4006BEDFCC5798CE37C006000000000000000006000000000000F03F0600000000000000000D0C6E756C6C5F737572666163650D0C6E756C6C5F737572666163650D066E756C6C62730D066E756C6C62730B0B040000000004000000000400
310
00000004000000000A06000000000000F03F0A06000000000000000015000000001500000000100A0600000000000000000A060B5B1CBBF2DEEE3F110D06636F656467650CFFFFFFFF04FFFFFFFF0CFFFFFFFF0C540700000C8C0700000C8D0700000C570700000A0C8A07000004000000000C8E070000110D04656467650C
310
FFFFFFFF04FFFFFFFF0CFFFFFFFF0CDE0600000600000000000000000C5107000006000000000000E03F0C1C0700000C8F0700000B0707756E6B6E6F776E110D067063757276650CFFFFFFFF04FFFFFFFF0CFFFFFFFF04000000000B0F0D0B6578705F7061725F6375720D046E756273040100000015000000000402000000
310
060000000000000000040100000006000000000000E03F040100000006C4D12C4ABCADEF3F06000000000000000006C4D12C4ABCADEF3F06000000000000E03F0600000000000000000D0673706C696E650B0F0D037265660458010000100B0B0B0B10060000000000000000060000000000000000110D04666163650C9007
310
000004FFFFFFFF0CFFFFFFFF0CE60600000C1D0700000C060000000CFFFFFFFF0C910700000B0B110D067063757276650CFFFFFFFF04FFFFFFFF0CFFFFFFFF04000000000B0F0D0B6578705F7061725F6375720D046E75627304010000001500000000040200000006C4D12C4ABCADEFBF0401000000060000000000000080
310
040100000006FFF72D4ABCADEF3F06000000000000E03F06000000000000000006000000000000E03F0600000000000000000D0673706C696E650B0F0D037265660458010000100B0B0B0B10060000000000000000060000000000000000110E0D4154545249425F435553544F4D0D066174747269620CFFFFFFFF04FFFFFF
310
FF0CFFFFFFFF0CFFFFFFFF0C230700000711736B657463685F6174747269625F646566040100000004010000000403000000070D31393020302030203020322032110D06636F656467650C9207000004FFFFFFFF0CFFFFFFFF0C230700000C930700000C940700000C950700000A0C4800000004000000000CFFFFFFFF110D
310
06636F656467650C9607000004FFFFFFFF0CFFFFFFFF0C970700000C980700000C230700000C5E0700000B0C9907000004000000000C9A070000110D04656467650CFFFFFFFF04FFFFFFFF0CFFFFFFFF0CDE060000061C5B1CBBF2DEEE3F0C9B07000006000000000000F03F0C5D0700000C9C0700000B0707756E6B6E6F77
310
6E110E0D4154545249425F435553544F4D0D066174747269620CFFFFFFFF04FFFFFFFF0CFFFFFFFF0CFFFFFFFF0C25070000071667656E657269635F7461675F6174747269625F6465660403000000040300000004FFFFFFFF071767656E657269635F7461675F6174747269625F6465662004010000000402000000070233
310
3904000000000401000000042D0100000400000000110E0673706C696E650D07737572666163650CFFFFFFFF04FFFFFFFF0CFFFFFFFF0B0F0D03726566044F010000100B0B0B0B110D06636F656467650CFFFFFFFF04FFFFFFFF0CFFFFFFFF0C9D0700000C270700000C9E0700000C9F0700000B0C7C00000004000000000C
310
FFFFFFFF110D067063757276650CFFFFFFFF04FFFFFFFF0CFFFFFFFF04000000000B0F0D0B6578705F7061725F6375720D046E75627304010000001500000000040200000006000000000000E0BF0401000000060000000000000080040100000006000000000000F0BF06000000000000E03F06000000000000F0BF060000
310
0000000000000600000000000000000D0673706C696E650B0F0D03726566044F010000100B0B0B0B10060000000000000000060000000000000000110E08696E7463757276650D0563757276650CFFFFFFFF04FFFFFFFF0CFFFFFFFF0A0F0D037265660438010000100A06000000000000F0BF0A0602F82D4ABCADEFBF110E
310
0873747261696768740D0563757276650CFFFFFFFF04FFFFFFFF0CFFFFFFFF13CBCFCFAF9B93EBBC00000000000039C00000000000000000140000000000000000000000000000000000000000000024400A0600000000000000000A06000000000000E03F110E0D4154545249425F435553544F4D0D066174747269620CFF
310
FFFFFF04FFFFFFFF0CFFFFFFFF0CFFFFFFFF0C2F070000071667656E657269635F7461675F6174747269625F6465660403000000040300000004FFFFFFFF071767656E657269635F7461675F6174747269625F64656620040100000004020000000702333804000000000401000000042D0100000400000000110E04636F6E
310
650D07737572666163650CFFFFFFFF04FFFFFFFF0CFFFFFFFF130000000000000000000000000000000000000000000000001400000000000000000000000000000000000000000000F03F1400000000000039400000000000000000000000000000000006000000000000F03F0B0B06000000000000000006000000000000
310
F03F0600000000000039400B0B0B0B0B110D05706F696E740CFFFFFFFF04FFFFFFFF0CFFFFFFFF13000000000080EBBC00000000000039C00000000000001440110E0D4154545249425F435553544F4D0D066174747269620CFFFFFFFF04FFFFFFFF0CFFFFFFFF0CFFFFFFFF0C38070000071667656E657269635F7461675F
310
6174747269625F6465660403000000040300000004FFFFFFFF071767656E657269635F7461675F6174747269625F64656620040100000004020000000702353504000000000401000000042D0100000400000000110D04666163650CA007000004FFFFFFFF0CFFFFFFFF0CA10700000CA20700000C060000000CFFFFFFFF0C
310
A30700000B0B110D046C6F6F700CFFFFFFFF04FFFFFFFF0CFFFFFFFF0CFFFFFFFF0CA40700000C38070000110E0673706C696E650D07737572666163650CFFFFFFFF04FFFFFFFF0CFFFFFFFF0B0F0D0B63796C5F73706C5F737572043C5A00000D08696E7463757276650A0F0D0D65786163745F696E745F637572043C5A00
310
0015000000000D056E7572627304050000001500000000040B0000000600000000000000000405000000069A9999999999B93F0401000000069A9999999999C93F040100000006343333333333D33F0401000000069A9999999999D93F040100000006000000000000E03F040100000006333333333333E33F040100000006
310
666666666666E63F040100000006999999999999E93F040100000006CCCCCCCCCCCCEC3F040100000006000000000000F03F0405000000068FB1D03737B24340066A508E1DA1C81BC006000000000000000006000000000000F03F06731F16EC9A8D434006E03FAA45E6621AC006000000000000000006000000000000F03F
310
0681534E3E6F43434006390C700C65C517C006000000000000000006000000000000F03F06C50A547254D14240065B55386C016314C006000000000000000006000000000000F03F062EE03E4F66334240066CED63A110F810C006000000000000000006000000000000F03F064C8C7A66C1634140066CB913E218430DC006
310
000000000000000006000000000000F03F06DFED8A2A36894040067C90E9F911B50CC006000000000000000006000000000000F03F06540F25D0A5463F4006742FFDEE843810C006000000000000000006000000000000F03F064465AEEF03653D40062AAA5883652714C006000000000000000006000000000000F03F069C
310
34A80D6D6F3B40066217E7FA31F919C006000000000000000006000000000000F03F067C159A12EF673940062B4FC5311ABE20C006000000000000000006000000000000F03F06CA5AE3936BBB374006A8004CFA9F5B24C006000000000000000006000000000000F03F060082C486457336400651A6EDE9986327C0060000
310
00000000000006000000000000F03F0673365D948C953540069792C06FAF8C29C006000000000000000006000000000000F03F06986E60DEF225354006A602E0482CAA2AC006000000000000000006000000000000F03F0600000000000000000D0C6E756C6C5F737572666163650D0C6E756C6C5F737572666163650D066E
310
756C6C62730D066E756C6C62730B0B04000000000400000000040000000004000000000A06000000000000F03F0A06000000000000000015000000001500000000100A06015B1CBBF2DEEEBF0A0600000000000000801400000000000000000000000000000000000000000000244013DA49CE858AC13E4034E72EDD6FCD1C
310
C0000000000000000015020000000A06015B1CBBF2DEEEBF0A0600000000000000800A0600000000000000000A06000000000000E03F15000000001500000000150000000015000000000400000000040000000004000000000400000000040000000004000000000B100B0B0B0B110D06636F656467650CA507000004FFFF
310
FFFF0CFFFFFFFF0C4B0700000CA60700000CA70700000CA80700000B0C3907000004000000000CA9070000110E0D4154545249425F435553544F4D0D066174747269620CFFFFFFFF04FFFFFFFF0CFFFFFFFF0CFFFFFFFF0C3B0700000711736B657463685F6174747269625F64656604010000000401000000040300000007
310
0D32313120302030203020322032110D06636F656467650CFFFFFFFF04FFFFFFFF0CFFFFFFFF0C780700000C3B0700000C3E0700000C730700000B0C0207000004000000000CAA070000110D06636F656467650CAB07000004FFFFFFFF0CFFFFFFFF0CA70700000C3F0700000C3B0700000C700700000A0C48000000040000
310
00000CFFFFFFFF110D04656467650CFFFFFFFF04FFFFFFFF0CFFFFFFFF0C1007000006145B1CBBF2DEEE3F0C7507000006000000000000F03F0C3B0700000CAC0700000B0707756E6B6E6F776E110D067063757276650CFFFFFFFF04FFFFFFFF0CFFFFFFFF04000000000B0F0D0B6578705F7061725F6375720D046E756273
310
04010000001500000000040200000006145B1CBBF2DEEE3F040100000006000000000000F03F040100000006245B1CBBF2DEEE3F06000000000000000006000000000000F03F0600000000000000000600000000000000000D0673706C696E650B0F0D037265660453010000100B0B0B0B1006000000000000000006000000
310
0000000000110D06636F656467650CFFFFFFFF04FFFFFFFF0CFFFFFFFF0C3E0700000C3D0700000C4E0700000C810700000A0CC906000004000000000CFFFFFFFF110D04656467650CFFFFFFFF04FFFFFFFF0CFFFFFFFF0C750700000600000000000000000CAD07000006000000000000E03F0C6E0700000CAE0700000B07
310
07756E6B6E6F776E110E0D4154545249425F435553544F4D0D066174747269620CFFFFFFFF04FFFFFFFF0CFFFFFFFF0CFFFFFFFF0C3F0700000711736B657463685F6174747269625F646566040100000004010000000403000000070F313037203020302030203336203336110D067665727465780CFFFFFFFF04FFFFFFFF
310
0CFFFFFFFF0C4007000004000000000CAF070000110E07656C6C697073650D0563757276650CFFFFFFFF04FFFFFFFF0CFFFFFFFF130000000000000000000000000000000000000000000000001400000000000000000000000000000000000000000000F03F14000000000000394000000000000000000000000000000000
310
06000000000000F03F0A06B9C176FC8051CBBF0A068544E74A1857C6BF110D067063757276650CFFFFFFFF04FFFFFFFF0CFFFFFFFF04000000000B0F0D0B6578705F7061725F6375720D046E75627304010000001500000000040200000006F9F72D4ABCADEF3F040100000006000000000000F03F040100000006321E2F4A
310
BCADEFBF06000000000000E03F06000000000000F0BF06000000000000E03F0600000000000000000D0673706C696E650B0F0D03726566043D010000100B0B0B0B10060000000000000000060000000000000000110D06636F656467650CFFFFFFFF04FFFFFFFF0CFFFFFFFF0C420700000C6E0700000C800700000CB00700
310
000A0C0207000004000000000CB1070000110D067063757276650CFFFFFFFF04FFFFFFFF0CFFFFFFFF04000000000B0F0D0B6578705F7061725F6375720D046E75627304010000001500000000040200000006000000000000E0BF0401000000060000000000000080040100000006145B1CBBF2DEEE3F06000000000000E0
310
3F06145B1CBBF2DEEE3F0600000000000000000600000000000000000D0673706C696E650B0F0D037265660453010000100B0B0B0B10060000000000000000060000000000000000110D067665727465780CFFFFFFFF04FFFFFFFF0CFFFFFFFF0C4F07000004000000000CB2070000110E0873747261696768740D05637572
310
76650CFFFFFFFF04FFFFFFFF0CFFFFFFFF13F3DDC405C59E384042F278B2645D11C00000000000000000140000000000000000000000000000000000000000000024400A0600000000000000000A06000000000000E03F110D05706F696E740CFFFFFFFF04FFFFFFFF0CFFFFFFFF13F3DDC405C59E384042F278B2645D11C0
310
0000000000000000110D05706F696E740CFFFFFFFF04FFFFFFFF0CFFFFFFFF13D80B200DB7D2384000F76F4A8B8410C00000000000001440110D06636F656467650CFFFFFFFF04FFFFFFFF0CFFFFFFFF0CA60700000C4B0700000CB30700000CB40700000A0C3907000004000000000CB5070000110D067063757276650CFF
310
FFFFFF04FFFFFFFF0CFFFFFFFF04000000000B0F0D0B6578705F7061725F6375720D046E756273040100000015000000000402000000060000000000000000040100000006000000000000E03F040100000006BFD12C4ABCADEF3F06000000000000000006BFD12C4ABCADEF3F06000000000000E03F060000000000000000
310
0D0673706C696E650B0F0D03726566045C010000100B0B0B0B10060000000000000000060000000000000000110D06636F656467650CFFFFFFFF04FFFFFFFF0CFFFFFFFF0C4E0700000CB30700000C780700000CB00700000B0C7C00000004000000000CFFFFFFFF110D04656467650CFFFFFFFF04FFFFFFFF0CFFFFFFFF0C
310
AD07000006B9C176FC8051CBBF0C7A070000068544E74A1857C6BF0C720700000CB60700000B0707756E6B6E6F776E110E08696E7463757276650D0563757276650CFFFFFFFF04FFFFFFFF0CFFFFFFFF0A0F0D0D65786163745F696E745F637572043C5A000015000000000D056E7572627304050000001500000000040B00
310
00000600000000000000000405000000069A9999999999B93F0401000000069A9999999999C93F040100000006343333333333D33F0401000000069A9999999999D93F040100000006000000000000E03F040100000006333333333333E33F040100000006666666666666E63F040100000006999999999999E93F04010000
310
0006CCCCCCCCCCCCEC3F040100000006000000000000F03F0405000000068FB1D03737B24340066A508E1DA1C81BC006000000000000144006000000000000F03F06E0D4EE70939A434006C9012B40CBA419C006000000000000144006000000000000F03F060F6364AD0C6A4340068799049B9D8815C00600000000000014
310
4006000000000000F03F06DB3D3DEB841D4340064CD6528FA5C10FC006000000000000144006000000000000F03F06434549B0DFAF4240067776223B65BF02C006000000000000144006000000000000F03F06B877841A4A19424006549C22370FB1E8BF06000000000000144006000000000000F03F06C21BEBC5FF734140
310
0624919EC9C027D33F06000000000000144006000000000000F03F068EB7A991D9BE404006767BCA0B898FEA3F06000000000000144006000000000000F03F06614F5C8799F23F400622F42546B4AAE93F06000000000000144006000000000000F03F066BCEA89232483E400690EA607A56DACE3F06000000000000144006
310
000000000000F03F061B5D0D9DF0803C4006D072753C77F7E9BF06000000000000144006000000000000F03F0692080BEC95FF3A40068044F014ED1B00C006000000000000144006000000000000F03F06C523D3BD6FD339400698CF1A85CED608C006000000000000144006000000000000F03F065C96F545780639400678
310
B046477F520FC006000000000000144006000000000000F03F06F3DDC405C59E38400642F278B2645D11C006000000000000144006000000000000F03F0600000000000000000D0C6E756C6C5F737572666163650D0C6E756C6C5F737572666163650D066E756C6C62730D066E756C6C62730B0B0400000000040000000004
310
0000000004000000000A06000000000000F03F0A06000000000000000015000000001500000000100A06000000000000F0BF0A06F9F72D4ABCADEFBF110D04656467650CFFFFFFFF04FFFFFFFF0CFFFFFFFF0C51070000060B5B1CBBF2DEEEBF0CB70700000600000000000000800C8C0700000CB80700000B0707756E6B6E
310
6F776E110D05706F696E740CFFFFFFFF04FFFFFFFF0CFFFFFFFF135658FCA4B3AB21403BBF11A5E98F37C00000000000001440110D04656467650CFFFFFFFF04FFFFFFFF0CFFFFFFFF0C530700000600000000000000000CB907000006C0D12C4ABCADEF3F0CBA0700000CBB0700000B0707756E6B6E6F776E110D05706F69
310
6E740CFFFFFFFF04FFFFFFFF0CFFFFFFFF13A41BCB2625B639404824838B4BA43EC00000000000000000110E0D4154545249425F435553544F4D0D066174747269620CFFFFFFFF04FFFFFFFF0CFFFFFFFF0CFFFFFFFF0C540700000711736B657463685F6174747269625F646566040100000004010000000403000000070D
310
31393020302031203020312032110D06636F656467650CFFFFFFFF04FFFFFFFF0CFFFFFFFF0C8C0700000C540700000CBC0700000CBD0700000B0C8A07000004000000000CBE070000110D06636F656467650CBF07000004FFFFFFFF0CFFFFFFFF0C930700000CC00700000C540700000C190700000B0C4800000004000000
310
000CFFFFFFFF110D046C6F6F700CFFFFFFFF04FFFFFFFF0CFFFFFFFF0CFFFFFFFF0C540700000CC1070000110D067063757276650CFFFFFFFF04FFFFFFFF0CFFFFFFFF04000000000B0F0D0B6578705F7061725F6375720D046E756273040100000015000000000402000000060B5B1CBBF2DEEEBF04010000000600000000
310
000000800401000000061C5B1CBBF2DEEEBF0600000000000000000600000000000000800600000000000000000600000000000000000D0673706C696E650B0F0D0B63796C5F73706C5F737572043C5A00000D08696E7463757276650A0F0D037265660462010000100A060B5B1CBBF2DEEEBF0A0600000000000000801400
310
000000000000000000000000000000000000000000244013F217C30B98EE32403EF0E7191C4939C0000000000000000015020000000A060B5B1CBBF2DEEEBF0A0600000000000000800A0600000000000000000A06000000000000E03F15000000001500000000150000000015000000000400000000040000000004000000
310
000400000000040000000004000000000B100B0B0B0B10060000000000000000060000000000000000110D06636F656467650CFFFFFFFF04FFFFFFFF0CFFFFFFFF0C560700000C880700000CC20700000C830700000A0C8A07000004000000000CC3070000110D06636F656467650CFFFFFFFF04FFFFFFFF0CFFFFFFFF0CC4
310
0700000CC50700000C980700000C570700000B0CC607000004000000000CC7070000110D067063757276650CFFFFFFFF04FFFFFFFF0CFFFFFFFF04000000000B0F0D0B6578705F7061725F6375720D046E75627304010000001500000000040200000006000000000000E0BF04010000000600000000000000800401000000
310
060B5B1CBBF2DEEEBF06000000000000E03F060B5B1CBBF2DEEEBF0600000000000000000600000000000000000D0673706C696E650B0F0D03726566046E010000100B0B0B0B10060000000000000000060000000000000000110E0873747261696768740D0563757276650CFFFFFFFF04FFFFFFFF0CFFFFFFFF135558FCA4
310
B3AB21403BBF11A5E98F37C00000000000000000140000000000000000000000000000000000000000000024400A0600000000000000000A06000000000000E03F110E0D4154545249425F435553544F4D0D066174747269620CFFFFFFFF04FFFFFFFF0CFFFFFFFF0CFFFFFFFF0C59070000071667656E657269635F746167
310
5F6174747269625F6465660403000000040300000004FFFFFFFF071767656E657269635F7461675F6174747269625F64656620040100000004020000000702343104000000000401000000042D0100000400000000110E0673706C696E650D07737572666163650CFFFFFFFF04FFFFFFFF0CFFFFFFFF0B0F0D037265660458
310
010000100B0B0B0B110E0D4154545249425F435553544F4D0D066174747269620CFFFFFFFF04FFFFFFFF0CFFFFFFFF0CFFFFFFFF0C5C0700000711736B657463685F6174747269625F646566040100000004010000000403000000070F313037203020302030203330203336110D06636F656467650CC807000004FFFFFFFF
310
0CFFFFFFFF0C5C0700000C890700000CC50700000CC90700000B0C4800000004000000000CFFFFFFFF110D06636F656467650CCA07000004FFFFFFFF0CFFFFFFFF0CCB0700000CCC0700000C5C0700000C950700000B0CCD07000004000000000CFFFFFFFF110D04656467650CFFFFFFFF04FFFFFFFF0CFFFFFFFF0C9B0700
310
00069B4BBC57822BF4BF0CCE07000006F65B8A41358CF3BF0C940700000CCF0700000B0707756E6B6E6F776E110E0D4154545249425F435553544F4D0D066174747269620CFFFFFFFF04FFFFFFFF0CFFFFFFFF0CFFFFFFFF0C5D0700000711736B657463685F6174747269625F646566040100000004010000000403000000
310
070D31393020302030203020322032110D06636F656467650CFFFFFFFF04FFFFFFFF0CFFFFFFFF0C9E0700000C5D0700000CCC0700000CD00700000B0C9907000004000000000CD1070000110D06636F656467650CFFFFFFFF04FFFFFFFF0CFFFFFFFF0C5D0700000C9E0700000C1C0700000C570700000A0C990700000400
310
0000000CD2070000110D046C6F6F700CFFFFFFFF04FFFFFFFF0CFFFFFFFF0CFFFFFFFF0C5D0700000CD3070000110D067063757276650CFFFFFFFF04FFFFFFFF0CFFFFFFFF04000000000B0F0D0B6578705F7061725F6375720D046E756273040100000015000000000402000000061C5B1CBBF2DEEE3F0401000000060000
310
00000000F03F0401000000062C5B1CBBF2DEEE3F06000000000000000006000000000000F03F0600000000000000000600000000000000000D0673706C696E650B0F0D0B63796C5F73706C5F737572043C5A00000D08696E7463757276650B0F0D037265660462010000100A061C5B1CBBF2DEEE3F0A06000000000000F03F
310
1400000000000000000000000000000000000000000000244013F217C30B98EE32403EF0E7191C4939C0000000000000000015020000000A061C5B1CBBF2DEEE3F0A06000000000000F03F0A0600000000000000000A06000000000000E03F1500000000150000000015000000001500000000040000000004000000000400
310
0000000400000000040000000004000000000B100B0B0B0B10060000000000000000060000000000000000110D067665727465780CFFFFFFFF04FFFFFFFF0CFFFFFFFF0C9507000004000000000CD4070000110E08696E7463757276650D0563757276650CFFFFFFFF04FFFFFFFF0CFFFFFFFF0B0F0D037265660462010000
310
100A060B5B1CBBF2DEEE3F0A06000000000000F03F110D06636F656467650CFFFFFFFF04FFFFFFFF0CFFFFFFFF0CD50700000C610700000CD60700000CD70700000B0C7C00000004000000000CFFFFFFFF110D06636F656467650CFFFFFFFF04FFFFFFFF0CFFFFFFFF0C980700000C970700000C610700000C9F0700000A0C
310
9907000004000000000CD8070000110D04656467650CFFFFFFFF04FFFFFFFF0CFFFFFFFF0C51070000061C5B1CBBF2DEEE3F0CD907000006000000000000F03F0C9E0700000CDA0700000B0707756E6B6E6F776E110E0D4154545249425F435553544F4D0D066174747269620CFFFFFFFF04FFFFFFFF0CFFFFFFFF0CFFFFFF
310
FF0C69070000071667656E657269635F7461675F6174747269625F6465660403000000040300000004FFFFFFFF071767656E657269635F7461675F6174747269625F64656620040100000004020000000702353404000000000401000000042D0100000400000000110D04666163650CDB07000004FFFFFFFF0CFFFFFFFF0C
310
DC0700000CDD0700000C060000000CFFFFFFFF0CDE0700000B0B110D046C6F6F700CFFFFFFFF04FFFFFFFF0CFFFFFFFF0CFFFFFFFF0CDF0700000C69070000110E0673706C696E650D07737572666163650CFFFFFFFF04FFFFFFFF0CFFFFFFFF0B0F0D0B63796C5F73706C5F737572043C5A00000D08696E7463757276650A
310
0F0D0D65786163745F696E745F637572043C5A000015000000000D056E7572627304050000001500000000040B0000000600000000000000000405000000069A9999999999B93F0401000000069A9999999999C93F040100000006343333333333D33F0401000000069A9999999999D93F040100000006000000000000E03F
310
040100000006333333333333E33F040100000006666666666666E63F040100000006999999999999E93F040100000006CCCCCCCCCCCCEC3F040100000006000000000000F03F040500000006E92F37D10C5241400602000000000034C006000000000000000006000000000000F03F06B0DAFADE4153414006187CF956216F
310
33C006000000000000000006000000000000F03F06ADE05102A452414006E4722952C15632C006000000000000000006000000000000F03F06E8D1AB599F48414006F7A5F51049CE30C006000000000000000006000000000000F03F066C8B2C1CC7284140067C7B99C236F82DC006000000000000000006000000000000F0
310
3F067A612F7816E0404006AB200541F4352AC006000000000000000006000000000000F03F06F93EB216A67340400611D68307955027C006000000000000000006000000000000F03F067B2ADC1351C13F40061E98B0F9695925C006000000000000000006000000000000F03F065535132D994B3E40062AC57BCC965824C0
310
06000000000000000006000000000000F03F06F0042496C9893C400603A854B6D84224C006000000000000000006000000000000F03F0675BCBFE3D4813A40065632ECCFCF0525C006000000000000000006000000000000F03F06DCA4E73175AE384006EC34F9D69B4026C006000000000000000006000000000000F03F06
310
CE771BF3DC343740064137A9E1518027C006000000000000000006000000000000F03F06E436082D4D2D3640069C94979C037A28C006000000000000000006000000000000F03F06E3FB840590A635400602000000000029C006000000000000000006000000000000F03F0600000000000000000D0C6E756C6C5F73757266
310
6163650D0C6E756C6C5F737572666163650D066E756C6C62730D066E756C6C62730B0B04000000000400000000040000000004000000000A06000000000000F03F0A06000000000000000015000000001500000000100A06000000000000F0BF0A06F1F72D4ABCADEFBF140000000000000000000000000000000000000000
310
0000244013B94875E6CAE23D409274CC9BC71F2BC0000000000000000015020000000A06000000000000F0BF0A06F1F72D4ABCADEFBF0A0600000000000000000A06000000000000E03F15000000001500000000150000000015000000000400000000040000000004000000000400000000040000000004000000000B100B
310
0B0B0B110D06636F656467650CE007000004FFFFFFFF0CFFFFFFFF0CE10700000CE20700000CE30700000CE40700000A0C6A07000004000000000CE5070000110E0D4154545249425F435553544F4D0D066174747269620CFFFFFFFF04FFFFFFFF0CFFFFFFFF0CFFFFFFFF0C6C0700000711736B657463685F617474726962
310
5F646566040100000004010000000403000000070D32303120302030203020312032110D06636F656467650CFFFFFFFF04FFFFFFFF0CFFFFFFFF0C6C0700000C7E0700000CE10700000CE60700000A0C3907000004000000000CE7070000110D06636F656467650CE807000004FFFFFFFF0CFFFFFFFF0CE30700000C6F0700
310
000C6C0700000CA80700000A0C4800000004000000000CFFFFFFFF110D04656467650CFFFFFFFF04FFFFFFFF0CFFFFFFFF0CE90700000600000000000000000C1007000006BFD12C4ABCADEF3F0C6C0700000CEA0700000B0707756E6B6E6F776E110D067063757276650CFFFFFFFF04FFFFFFFF0CFFFFFFFF04000000000B
310
0F0D0B6578705F7061725F6375720D046E756273040100000015000000000402000000060000000000000000040100000006BFD12C4ABCADEF3F040100000006000000000000000006000000000000000006FBF72D4ABCADEF3F0600000000000000000600000000000000000D0673706C696E650B0F0D03726566045C0100
310
00100B0B0B0B10060000000000000000060000000000000000110D067063757276650CFFFFFFFF04FFFFFFFF0CFFFFFFFF04000000000B0F0D0B6578705F7061725F6375720D046E756273040100000015000000000402000000060000000000000000040100000006000000000000E03F040100000006000000000000F03F
310
06000000000000000006000000000000F03F06000000000000E03F0600000000000000000D0673706C696E650B0F0D037265660453010000100B0B0B0B10060000000000000000060000000000000000110E0D4154545249425F435553544F4D0D066174747269620CFFFFFFFF04FFFFFFFF0CFFFFFFFF0CFFFFFFFF0C6F07
310
00000711736B657463685F6174747269625F646566040100000004010000000403000000070D32313120302030203020322032110E08696E7463757276650D0563757276650CFFFFFFFF04FFFFFFFF0CFFFFFFFF0B0F0D037265660432010000100A06035B1CBBF2DEEE3F0A06000000000000F03F110D067665727465780C
310
FFFFFFFF04FFFFFFFF0CFFFFFFFF0C8107000004000000000CEB070000110E0873747261696768740D0563757276650CFFFFFFFF04FFFFFFFF0CFFFFFFFF13D7432FBFCA6E384050FD8F6C4A2E15C00000000000000000140000000000000000000000000000000000000000000024400A0600000000000000000A06000000
310
000000E03F110D05706F696E740CFFFFFFFF04FFFFFFFF0CFFFFFFFF13D7432FBFCA6E384050FD8F6C4A2E15C00000000000000000110D04656467650CFFFFFFFF04FFFFFFFF0CFFFFFFFF0C4A07000006145B1CBBF2DEEE3F0CAD07000006000000000000F03F0C780700000CEC0700000B0707756E6B6E6F776E110D0670
310
63757276650CFFFFFFFF04FFFFFFFF0CFFFFFFFF04000000000B0F0D0B6578705F7061725F6375720D046E75627304010000001500000000040200000006000000000000F0BF040100000006145B1CBBF2DEEEBF040100000006000000000000F03F06000000000000E03F06245B1CBBF2DEEE3F06000000000000E03F0600
310
000000000000000D0673706C696E650B0F0D037265660453010000100B0B0B0B10060000000000000000060000000000000000110D05706F696E740CFFFFFFFF04FFFFFFFF0CFFFFFFFF13F3DDC405C59E384042F278B2645D11C00000000000001440110D06636F656467650CFFFFFFFF04FFFFFFFF0CFFFFFFFF0C800700
310
000CED0700000C7E0700000CB40700000B0C7C00000004000000000CFFFFFFFF110D04656467650CFFFFFFFF04FFFFFFFF0CFFFFFFFF0CEE0700000600000000000000000C4A07000006BFD12C4ABCADEF3F0C7E0700000CEF0700000B0707756E6B6E6F776E110D067063757276650CFFFFFFFF04FFFFFFFF0CFFFFFFFF04
310
000000000B0F0D0B6578705F7061725F6375720D046E75627304010000001500000000040200000006BFD12C4ABCADEFBF0401000000060000000000000080040100000006FBF72D4ABCADEF3F06000000000000E03F06000000000000000006000000000000E03F0600000000000000000D0673706C696E650B0F0D037265
310
66045C010000100B0B0B0B10060000000000000000060000000000000000110E07656C6C697073650D0563757276650CFFFFFFFF04FFFFFFFF0CFFFFFFFF130000000000000000000000000000000000000000000014401400000000000000000000000000000000000000000000F03F140000000000003940000000000000
310
0000000000000000000006000000000000F03F0B0B110D067665727465780CFFFFFFFF04FFFFFFFF0CFFFFFFFF0CF007000004000000000CF1070000110E08696E7463757276650D0563757276650CFFFFFFFF04FFFFFFFF0CFFFFFFFF0A0F0D0D65786163745F696E745F637572043C5A000015000000000D056E75726273
310
04050000001500000000040B0000000600000000000000000405000000069A9999999999B93F0401000000069A9999999999C93F040100000006343333333333D33F0401000000069A9999999999D93F040100000006000000000000E03F040100000006333333333333E33F040100000006666666666666E63F0401000000
310
06999999999999E93F040100000006CCCCCCCCCCCCEC3F040100000006000000000000F03F040500000006A41BCB2625B63940064824838B4BA43EC006000000000000144006000000000000F03F06EC89D1658AB73940069A144163B8303EC006000000000000144006000000000000F03F062A1036F27DB13940063A8A7A
310
9726513DC006000000000000144006000000000000F03F0643D67047E68D394006B45EAB9689183CC006000000000000144006000000000000F03F060F10B46089283940063F78A607F2A53AC006000000000000144006000000000000F03F06382F1147964A38400608F3BF74612839C00600000000000014400600000000
310
0000F03F060AA11A862B073740062D72CD82D30138C006000000000000144006000000000000F03F06B029EFA7265A354006E47753D8D33537C006000000000000144006000000000000F03F068BFE08AD654733400660312D8311C136C006000000000000144006000000000000F03F069A8DFE59C0D7304006809DBC49F7
310
9B36C006000000000000144006000000000000F03F062C4CE6248D292C4006178D2A0F52BE36C006000000000000144006000000000000F03F0698C4B5AA1D46274006E468B47C5F0D37C006000000000000144006000000000000F03F066265C4DA935C2340063CA52165A86337C006000000000000144006000000000000
310
F03F06362EAD675CA520400681526E7AFBA837C006000000000000144006000000000000F03F0688CB3511BE851E4006BEDFCC5798CE37C006000000000000144006000000000000F03F0600000000000000000D0C6E756C6C5F737572666163650D0C6E756C6C5F737572666163650D066E756C6C62730D066E756C6C6273
310
0B0B04000000000400000000040000000004000000000A06000000000000F03F0A06000000000000000015000000001500000000100A060B5B1CBBF2DEEEBF0A060000000000000080110D067665727465780CFFFFFFFF04FFFFFFFF0CFFFFFFFF0CF207000004010000000CF3070000110D06636F656467650CF407000004
310
FFFFFFFF0CFFFFFFFF0CF50700000CBC0700000CC00700000C850700000B0CF607000004000000000CF7070000110E08696E7463757276650D0563757276650CFFFFFFFF04FFFFFFFF0CFFFFFFFF0B0F0D0D65786163745F696E745F637572043C5A000015000000000D056E7572627304050000001500000000040B000000
310
0600000000000000000405000000069A9999999999B93F0401000000069A9999999999C93F040100000006343333333333D33F0401000000069A9999999999D93F040100000006000000000000E03F040100000006333333333333E33F040100000006666666666666E63F040100000006999999999999E93F040100000006
310
CCCCCCCCCCCCEC3F040100000006000000000000F03F040500000006A41BCB2625B63940064824838B4BA43EC006000000000000000006000000000000F03F068E3E135EF6E93940066144A4E3FC1C3EC006000000000000000006000000000000F03F0694333E87B2483A4006103A948219153DC006000000000000000006
310
000000000000F03F067316D5141ABC3A400620E4D024729D3BC006000000000000000006000000000000F03F06BCAE5B24B21F3B4006B3D5642E99D139C006000000000000000006000000000000F03F06EA2301B4A33B3B4006438F16E2C2DB37C006000000000000000006000000000000F03F06BAC1CC769FEE3A40067A
310
CD29F5403536C006000000000000000006000000000000F03F068B92ED076B303A40068C755E6E4BE434C006000000000000000006000000000000F03F06C61ECE4728FD384006E31434A5CEEB33C006000000000000000006000000000000F03F06B397D009315A374006CADCE446BF4733C0060000000000000000060000
310
00000000F03F06EBFF347A40503540069CC0AFF783F132C006000000000000000006000000000000F03F061299A40E3B633340066338820892E532C006000000000000000006000000000000F03F069B03B9E1BBC931400655A595F9A3FA32C006000000000000000006000000000000F03F06B402E9E45DA730400630BC86
310
A8D01533C006000000000000000006000000000000F03F0646F13E38D711304006ADF63137AF2633C006000000000000000006000000000000F03F0600000000000000000D0C6E756C6C5F737572666163650D0C6E756C6C5F737572666163650D066E756C6C62730D066E756C6C62730B0B04000000000400000000040000
310
000004000000000A06000000000000F03F0A06000000000000000015000000001500000000100A0600000000000000000A06C0D12C4ABCADEF3F110D06636F656467650CFFFFFFFF04FFFFFFFF0CFFFFFFFF0CBA0700000CF80700000C880700000CBD0700000A0CF607000004000000000CF9070000110D04656467650CFF
310
FFFFFF04FFFFFFFF0CFFFFFFFF0C530700000600000000000000000CB707000006000000000000E03F0C880700000CFA0700000B0707756E6B6E6F776E110D067063757276650CFFFFFFFF04FFFFFFFF0CFFFFFFFF04000000000B0F0D0B6578705F7061725F6375720D046E75627304010000001500000000040200000006
310
0000000000000000040100000006000000000000E03F040100000006000000000000008006000000000000000006000000000000008006000000000000E03F0600000000000000000D0673706C696E650B0F0D03726566046E010000100B0B0B0B10060000000000000000060000000000000000110E0D4154545249425F43
310
5553544F4D0D066174747269620CFFFFFFFF04FFFFFFFF0CFFFFFFFF0CFFFFFFFF0C890700000711736B657463685F6174747269625F646566040100000004010000000403000000070D31393020302031203020312032110D06636F656467650CFB07000004FFFFFFFF0CFFFFFFFF0C890700000CFC0700000CBA0700000C
310
850700000A0C4800000004000000000CFFFFFFFF110D04666163650CFD07000004FFFFFFFF0CFFFFFFFF0CFE0700000C8A0700000C060000000CFFFFFFFF0CFF0700000B0B110D06636F656467650CFFFFFFFF04FFFFFFFF0CFFFFFFFF0C000800000CD50700000C8C0700000C830700000B0C7C00000004000000000CFFFF
310
FFFF110D067063757276650CFFFFFFFF04FFFFFFFF0CFFFFFFFF04000000000B0F0D0B6578705F7061725F6375720D046E7562730401000000150000000004020000000600000000000000000401000000060B5B1CBBF2DEEE3F040100000006000000000000008006000000000000E03F061C5B1CBBF2DEEEBF0600000000
310
0000E03F0600000000000000000D0673706C696E650B0F0D03726566046E010000100B0B0B0B10060000000000000000060000000000000000110D06636F656467650CFFFFFFFF04FFFFFFFF0CFFFFFFFF0C010800000C8D0700000CD50700000C020800000A0CC607000004000000000C03080000110D06636F656467650C
310
0408000004FFFFFFFF0CFFFFFFFF0C8D0700000C010800000C930700000CC90700000A0CC607000004000000000C05080000110D046C6F6F700CFFFFFFFF04FFFFFFFF0CFFFFFFFF0CFFFFFFFF0CC50700000CFE070000110D067063757276650CFFFFFFFF04FFFFFFFF0CFFFFFFFF04000000000B0F0D0B6578705F706172
310
5F6375720D046E756273040100000015000000000402000000060000000000000000040100000006000000000000E03F040100000006FEF72D4ABCADEFBF06000000000000000006FEF72D4ABCADEFBF06000000000000E03F0600000000000000000D0673706C696E650B0F0D0B63796C5F73706C5F737572043C5A00000D
310
08696E7463757276650A0F0D03726566044B010000100A06000000000000F0BF0A06FEF72D4ABCADEFBF1400000000000000000000000000000000000000000000244013684E1E97515A2C401A3F51E474993DC0000000000000000015020000000A06000000000000F0BF0A06FEF72D4ABCADEFBF0A060000000000000000
310
0A06000000000000E03F15000000001500000000150000000015000000000400000000040000000004000000000400000000040000000004000000000B100B0B0B0B10060000000000000000060000000000000000110E0D4154545249425F435553544F4D0D066174747269620CFFFFFFFF04FFFFFFFF0CFFFFFFFF0CFFFF
310
FFFF0C930700000711736B657463685F6174747269625F646566040100000004010000000403000000070D31383020302031203020322032110D04656467650CFFFFFFFF04FFFFFFFF0CFFFFFFFF0CDE06000006FEF72D4ABCADEF3F0CCE07000006000000000000F03F0CC50700000C060800000B0707756E6B6E6F776E11
310
0E0D4154545249425F435553544F4D0D066174747269620CFFFFFFFF04FFFFFFFF0CFFFFFFFF0CFFFFFFFF0C940700000711736B657463685F6174747269625F646566040100000004010000000403000000070F313037203020302030203330203336110D06636F656467650CFFFFFFFF04FFFFFFFF0CFFFFFFFF0CD60700
310
000C940700000C010800000C070800000B0CCD07000004000000000CFFFFFFFF110D06636F656467650CFFFFFFFF04FFFFFFFF0CFFFFFFFF0C940700000CD60700000C970700000CD00700000A0CCD07000004000000000CFFFFFFFF110D046C6F6F700CFFFFFFFF04FFFFFFFF0CFFFFFFFF0CFFFFFFFF0C940700000C0808
310
0000110D067665727465780CFFFFFFFF04FFFFFFFF0CFFFFFFFF0CC907000004010000000C09080000110E07656C6C697073650D0563757276650CFFFFFFFF04FFFFFFFF0CFFFFFFFF130000000000000000000000000000000000000000000000001400000000000000000000000000000000000000000000F03F14000000
310
00000039400000000000000000000000000000000006000000000000F03F0A069B4BBC57822BF4BF0A06F65B8A41358CF3BF110D04656467650CFFFFFFFF04FFFFFFFF0CFFFFFFFF0C9B0700000600000000000000000CD907000006000000000000E03F0C970700000C0A0800000B0707756E6B6E6F776E110D0670637572
310
76650CFFFFFFFF04FFFFFFFF0CFFFFFFFF04000000000B0F0D0B6578705F7061725F6375720D046E756273040100000015000000000402000000060000000000000000040100000006000000000000E03F040100000006000000000000F03F06000000000000000006000000000000F03F06000000000000E03F0600000000
310
000000000D0673706C696E650B0F0D037265660471010000100B0B0B0B10060000000000000000060000000000000000110D067063757276650CFFFFFFFF04FFFFFFFF0CFFFFFFFF04000000000B0F0D0B6578705F7061725F6375720D046E75627304010000001500000000040200000006000000000000E0BF0401000000
310
0600000000000000800401000000061C5B1CBBF2DEEE3F06000000000000E03F061C5B1CBBF2DEEE3F0600000000000000000600000000000000000D0673706C696E650B0F0D037265660471010000100B0B0B0B10060000000000000000060000000000000000110D04666163650C0B08000004FFFFFFFF0CFFFFFFFF0C59
310
0700000C990700000C060000000CFFFFFFFF0C0C0800000B0B110D05706F696E740CFFFFFFFF04FFFFFFFF0CFFFFFFFF1388CB3511BE851E40BEDFCC5798CE37C00000000000000000110D06636F656467650CFFFFFFFF04FFFFFFFF0CFFFFFFFF0CC20700000C9D0700000CC40700000C020800000B0C7C00000004000000
310
000CFFFFFFFF110D06636F656467650CFFFFFFFF04FFFFFFFF0CFFFFFFFF0CCC0700000CCB0700000C9D0700000CD70700000A0CCD07000004000000000CFFFFFFFF110D04656467650CFFFFFFFF04FFFFFFFF0CFFFFFFFF0CD9070000069B4BBC57822BF4BF0C0D08000006F65B8A41358CF3BF0CD60700000C0E0800000B
310
0707756E6B6E6F776E110D067063757276650CFFFFFFFF04FFFFFFFF0CFFFFFFFF04000000000B0F0D0B6578705F7061725F6375720D046E75627304010000001500000000040200000006000000000000F0BF0401000000061C5B1CBBF2DEEEBF040100000006000000000000F03F06000000000000E03F062C5B1CBBF2DE
310
EE3F06000000000000E03F0600000000000000000D0673706C696E650B0F0D037265660471010000100B0B0B0B10060000000000000000060000000000000000110D067665727465780CFFFFFFFF04FFFFFFFF0CFFFFFFFF0CD707000004000000000C0F080000110E08696E7463757276650D0563757276650CFFFFFFFF04
310
FFFFFFFF0CFFFFFFFF0B0F0D037265660478010000100A061C5B1CBBF2DEEE3F0A06000000000000F03F110E0D4154545249425F435553544F4D0D066174747269620CFFFFFFFF04FFFFFFFF0CFFFFFFFF0CFFFFFFFF0CA1070000071667656E657269635F7461675F6174747269625F6465660403000000040300000004FF
310
FFFFFF071767656E657269635F7461675F6174747269625F64656620040100000004020000000702353304000000000401000000042D0100000400000000110D04666163650C1008000004FFFFFFFF0CFFFFFFFF0C110800000C120800000C060000000CFFFFFFFF0C130800000B0B110D046C6F6F700CFFFFFFFF04FFFFFF
310
FF0CFFFFFFFF0CFFFFFFFF0C140800000CA1070000110E04636F6E650D07737572666163650CFFFFFFFF04FFFFFFFF0CFFFFFFFF130000000000000000000000000000000000000000000000001400000000000000000000000000000000000000000000F03F14000000000000394000000000000000000000000000000000
310
06000000000000F03F0B0B06000000000000000006000000000000F03F0600000000000039400B0B0B0B0B110D06636F656467650C1508000004FFFFFFFF0CFFFFFFFF0C160800000C170800000C180800000C190800000A0CA207000004000000000C1A080000110E0D4154545249425F435553544F4D0D06617474726962
310
0CFFFFFFFF04FFFFFFFF0CFFFFFFFF0CFFFFFFFF0CA40700000711736B657463685F6174747269625F646566040100000004010000000403000000070D32303420302031203020312032110D06636F656467650CFFFFFFFF04FFFFFFFF0CFFFFFFFF0C1B0800000CA40700000CA60700000CE60700000B0C6A070000040000
310
00000C1C080000110D06636F656467650CFFFFFFFF04FFFFFFFF0CFFFFFFFF0CA40700000C1B0800000C160800000C1D0800000A0C6A07000004000000000C1E080000110D06636F656467650C1F08000004FFFFFFFF0CFFFFFFFF0C180800000CA70700000CA40700000CE40700000B0C4800000004000000000CFFFFFFFF
310
110D04656467650CFFFFFFFF04FFFFFFFF0CFFFFFFFF0CE90700000600000000000000000C2008000006015B1CBBF2DEEE3F0CA40700000C210800000B0707756E6B6E6F776E110D067063757276650CFFFFFFFF04FFFFFFFF0CFFFFFFFF04000000000B0F0D0B6578705F7061725F6375720D046E75627304010000001500
310
000000040200000006015B1CBBF2DEEEBF0401000000060000000000000080040100000006115B1CBBF2DEEEBF0600000000000000000600000000000000800600000000000000000600000000000000000D0673706C696E650B0F0D037265660466010000100B0B0B0B10060000000000000000060000000000000000110D
310
04656467650CFFFFFFFF04FFFFFFFF0CFFFFFFFF0CE90700000600000000000000000CEE07000006000000000000E03F0CE10700000C220800000B0707756E6B6E6F776E110D067063757276650CFFFFFFFF04FFFFFFFF0CFFFFFFFF04000000000B0F0D0B6578705F7061725F6375720D046E756273040100000015000000
310
00040200000006000000000000E0BF0401000000060000000000000080040100000006000000000000000006000000000000E03F0600000000000000000600000000000000000600000000000000000D0673706C696E650B0F0D03726566045C010000100B0B0B0B10060000000000000000060000000000000000110E0D41
310
54545249425F435553544F4D0D066174747269620CFFFFFFFF04FFFFFFFF0CFFFFFFFF0CFFFFFFFF0CA70700000711736B657463685F6174747269625F646566040100000004010000000403000000070D32303120302030203020312032110D067665727465780CFFFFFFFF04FFFFFFFF0CFFFFFFFF0CA807000004000000
310
000C23080000110E08696E7463757276650D0563757276650CFFFFFFFF04FFFFFFFF0CFFFFFFFF0B0F0D03726566043E010000100A0600000000000000000A06BFD12C4ABCADEF3F110D05706F696E740CFFFFFFFF04FFFFFFFF0CFFFFFFFF13D7432FBFCA6E384050FD8F6C4A2E15C00000000000001440110E08696E7463
310
757276650D0563757276650CFFFFFFFF04FFFFFFFF0CFFFFFFFF0B0F0D037265660460010000100A06145B1CBBF2DEEE3F0A06000000000000F03F110D06636F656467650CFFFFFFFF04FFFFFFFF0CFFFFFFFF0CB30700000C240800000C1B0800000C250800000B0C7C00000004000000000CFFFFFFFF110D067665727465
310
780CFFFFFFFF04FFFFFFFF0CFFFFFFFF0CB407000004000000000C26080000110E08696E7463757276650D0563757276650CFFFFFFFF04FFFFFFFF0CFFFFFFFF0B0F0D03726566046C010000100A0600000000000000000A06BFD12C4ABCADEF3F110D04656467650CFFFFFFFF04FFFFFFFF0CFFFFFFFF0CB7070000060000
310
0000000000000C2708000006C0D12C4ABCADEF3F0CF80700000C280800000B0707756E6B6E6F776E110D05706F696E740CFFFFFFFF04FFFFFFFF0CFFFFFFFF13A41BCB2625B639404824838B4BA43EC00000000000001440110D04656467650CFFFFFFFF04FFFFFFFF0CFFFFFFFF0C290800000600000000000000000CB907
310
000006055B1CBBF2DEEE3F0C2A0800000C2B0800000B0707756E6B6E6F776E110D05706F696E740CFFFFFFFF04FFFFFFFF0CFFFFFFFF1384A9E4EE7A5C30406D5DEF968B1E33C00000000000000000110E0D4154545249425F435553544F4D0D066174747269620CFFFFFFFF04FFFFFFFF0CFFFFFFFF0CFFFFFFFF0CBA0700
310
000711736B657463685F6174747269625F646566040100000004010000000403000000070D31383720302030203020312032110D06636F656467650CFFFFFFFF04FFFFFFFF0CFFFFFFFF0CF80700000CBA0700000C2C0800000C2D0800000B0CF607000004000000000C2E080000110D046C6F6F700CFFFFFFFF04FFFFFFFF
310
0CFFFFFFFF0CFFFFFFFF0CBA0700000C2F080000110D067063757276650CFFFFFFFF04FFFFFFFF0CFFFFFFFF04000000000B0F0D0B6578705F7061725F6375720D046E756273040100000015000000000402000000060000000000000000040100000006C0D12C4ABCADEF3F04010000000600000000000000000600000000
310
0000000006FBF72D4ABCADEF3F0600000000000000000600000000000000000D0673706C696E650B0F0D0B63796C5F73706C5F737572043C5A00000D08696E7463757276650B0F0D037265660479010000100A0600000000000000000A06C0D12C4ABCADEF3F14000000000000000000000000000000000000000000002440
310
1304CE4AE3EF713740A51858053CF736C0000000000000000015020000000A0600000000000000000A06C0D12C4ABCADEF3F0A0600000000000000000A06000000000000E03F15000000001500000000150000000015000000000400000000040000000004000000000400000000040000000004000000000B100B0B0B0B10
310
060000000000000000060000000000000000110D06636F656467650CFFFFFFFF04FFFFFFFF0CFFFFFFFF0CBC0700000CF50700000C000800000CF00700000A0CF607000004000000000C30080000110D067063757276650CFFFFFFFF04FFFFFFFF0CFFFFFFFF04000000000B0F0D0B6578705F7061725F6375720D046E7562
310
7304010000001500000000040200000006000000000000E0BF0401000000060000000000000080040100000006000000000000000006000000000000E03F0600000000000000000600000000000000000600000000000000000D0673706C696E650B0F0D037265660484010000100B0B0B0B10060000000000000000060000
310
000000000000110E0873747261696768740D0563757276650CFFFFFFFF04FFFFFFFF0CFFFFFFFF13A41BCB2625B639404824838B4BA43EC00000000000000000140000000000000000000000000000000000000000000024400A0600000000000000000A06000000000000E03F110E0D4154545249425F435553544F4D0D06
310
6174747269620CFFFFFFFF04FFFFFFFF0CFFFFFFFF0CFFFFFFFF0CC00700000711736B657463685F6174747269625F646566040100000004010000000403000000070D31383720302030203020312032110D06636F656467650C3108000004FFFFFFFF0CFFFFFFFF0CC00700000C320800000C330800000C340800000A0C48
310
00000004000000000CFFFFFFFF110E0D4154545249425F435553544F4D0D066174747269620CFFFFFFFF04FFFFFFFF0CFFFFFFFF0CFFFFFFFF0CC1070000071667656E657269635F7461675F6174747269625F6465660403000000040300000004FFFFFFFF071767656E657269635F7461675F6174747269625F6465662004
310
0100000004020000000702343504000000000401000000042D0100000400000000110D04666163650C3508000004FFFFFFFF0CFFFFFFFF0C080800000CC60700000C060000000CFFFFFFFF0C360800000B0B110E0673706C696E650D07737572666163650CFFFFFFFF04FFFFFFFF0CFFFFFFFF0B0F0D03726566046E010000
310
100B0B0B0B110D06636F656467650CFFFFFFFF04FFFFFFFF0CFFFFFFFF0C370800000CC20700000CF80700000CF00700000B0C7C00000004000000000CFFFFFFFF110D06636F656467650CFFFFFFFF04FFFFFFFF0CFFFFFFFF0CC50700000CC40700000CCB0700000C070800000A0CC607000004000000000C38080000110D
310
04656467650CFFFFFFFF04FFFFFFFF0CFFFFFFFF0C0D08000006000000000000F0BF0C5107000006FEF72D4ABCADEFBF0CC40700000C390800000B0707756E6B6E6F776E110D067063757276650CFFFFFFFF04FFFFFFFF0CFFFFFFFF04000000000B0F0D0B6578705F7061725F6375720D046E756273040100000015000000
310
00040200000006FEF72D4ABCADEF3F040100000006000000000000F03F040100000006391E2F4ABCADEFBF06000000000000E03F06000000000000F0BF06000000000000E03F0600000000000000000D0673706C696E650B0F0D03726566047D010000100B0B0B0B10060000000000000000060000000000000000110E0D41
310
54545249425F435553544F4D0D066174747269620CFFFFFFFF04FFFFFFFF0CFFFFFFFF0CFFFFFFFF0CC50700000711736B657463685F6174747269625F646566040100000004010000000403000000070D31383020302031203020322032110D067063757276650CFFFFFFFF04FFFFFFFF0CFFFFFFFF04000000000B0F0D0B
310
6578705F7061725F6375720D046E75627304010000001500000000040200000006000000000000F0BF040100000006FEF72D4ABCADEFBF040100000006000000000000F0BF06000000000000000006391E2F4ABCADEFBF0600000000000000000600000000000000000D0673706C696E650B0F0D03726566047D010000100B
310
0B0B0B10060000000000000000060000000000000000110E08696E7463757276650D0563757276650CFFFFFFFF04FFFFFFFF0CFFFFFFFF0B0F0D03726566044B010000100A06C4D12C4ABCADEF3F0A06000000000000F03F110D04656467650CFFFFFFFF04FFFFFFFF0CFFFFFFFF0CCE0700000600000000000000000C0D08
310
000006000000000000E03F0CCB0700000C3A0800000B0707756E6B6E6F776E110D04666163650C3B08000004FFFFFFFF0CFFFFFFFF0CD30700000CCD0700000C060000000CFFFFFFFF0C3C0800000B0B110D05706F696E740CFFFFFFFF04FFFFFFFF0CFFFFFFFF1357D90B9BDB1921403C33D063087E37C000000000000000
310
00110E0873747261696768740D0563757276650CFFFFFFFF04FFFFFFFF0CFFFFFFFF1388CB3511BE851E40BEDFCC5798CE37C00000000000000000140000000000000000000000000000000000000000000024400A0600000000000000000A06000000000000E03F110E0D4154545249425F435553544F4D0D066174747269
310
620CFFFFFFFF04FFFFFFFF0CFFFFFFFF0CFFFFFFFF0CD3070000071667656E657269635F7461675F6174747269625F6465660403000000040300000004FFFFFFFF071767656E657269635F7461675F6174747269625F64656620040100000004020000000702343204000000000401000000042D0100000400000000110E06
310
73706C696E650D07737572666163650CFFFFFFFF04FFFFFFFF0CFFFFFFFF0B0F0D037265660471010000100B0B0B0B110D067665727465780CFFFFFFFF04FFFFFFFF0CFFFFFFFF0C0208000004000000000C3D080000110E07656C6C697073650D0563757276650CFFFFFFFF04FFFFFFFF0CFFFFFFFF130000000000000000
310
000000000000000000000000000014401400000000000000000000000000000000000000000000F03F1400000000000039400000000000000000000000000000000006000000000000F03F0B0B110D05706F696E740CFFFFFFFF04FFFFFFFF0CFFFFFFFF1388CB3511BE851E40BEDFCC5798CE37C00000000000001440110E
310
0D4154545249425F435553544F4D0D066174747269620CFFFFFFFF04FFFFFFFF0CFFFFFFFF0CFFFFFFFF0CDC070000071667656E657269635F7461675F6174747269625F6465660403000000040300000004FFFFFFFF071767656E657269635F7461675F6174747269625F6465662004010000000402000000070235320400
310
0000000401000000042D0100000400000000110D04666163650C3E08000004FFFFFFFF0CFFFFFFFF0C3F0800000C400800000C060000000CFFFFFFFF0C410800000B0B110D046C6F6F700CFFFFFFFF04FFFFFFFF0CFFFFFFFF0CFFFFFFFF0C420800000CDC070000110E0673706C696E650D07737572666163650CFFFFFFFF
310
04FFFFFFFF0CFFFFFFFF0B0F0D0B63796C5F73706C5F737572043C5A00000D08696E7463757276650B0F0D037265660467010000100A06115B1CBBF2DEEE3F0A06000000000000F03F1400000000000000000000000000000000000000000000244013DA49CE858AC13E4034E72EDD6FCD1CC0000000000000000015020000
310
000A06115B1CBBF2DEEE3F0A06000000000000F03F0A0600000000000000000A06000000000000E03F15000000001500000000150000000015000000000400000000040000000004000000000400000000040000000004000000000B100B0B0B0B110D06636F656467650C4308000004FFFFFFFF0CFFFFFFFF0C440800000C
310
450800000C460800000C470800000B0CDD07000004000000000CFFFFFFFF110E0D4154545249425F435553544F4D0D066174747269620CFFFFFFFF04FFFFFFFF0CFFFFFFFF0CFFFFFFFF0CDF0700000711736B657463685F6174747269625F646566040100000004010000000403000000070D313934203020312030203220
310
32110D06636F656467650CFFFFFFFF04FFFFFFFF0CFFFFFFFF0C480800000CDF0700000C490800000C1D0800000B0CA207000004000000000C4A080000110D06636F656467650CFFFFFFFF04FFFFFFFF0CFFFFFFFF0CDF0700000C480800000C440800000C4B0800000A0CA207000004000000000C4C080000110D06636F65
310
6467650C4D08000004FFFFFFFF0CFFFFFFFF0C460800000CE30700000CDF0700000C190800000B0C4800000004000000000CFFFFFFFF110D04656467650CFFFFFFFF04FFFFFFFF0CFFFFFFFF0C2008000006F1F72D4ABCADEF3F0C4E08000006000000000000F03F0CDF0700000C4F0800000B0707756E6B6E6F776E110D06
310
7063757276650CFFFFFFFF04FFFFFFFF0CFFFFFFFF04000000000B0F0D0B6578705F7061725F6375720D046E75627304010000001500000000040200000006000000000000F0BF040100000006F1F72D4ABCADEFBF040100000006000000000000F0BF060000000000000000062C1E2F4ABCADEFBF06000000000000000006
310
00000000000000000D0673706C696E650B0F0D037265660472010000100B0B0B0B10060000000000000000060000000000000000110D06636F656467650CFFFFFFFF04FFFFFFFF0CFFFFFFFF0CE20700000CE10700000CED0700000C250800000A0C6A07000004000000000C50080000110D067063757276650CFFFFFFFF04
310
FFFFFFFF0CFFFFFFFF04000000000B0F0D0B6578705F7061725F6375720D046E756273040100000015000000000402000000060000000000000000040100000006000000000000E03F040100000006000000000000008006000000000000000006000000000000008006000000000000E03F0600000000000000000D067370
310
6C696E650B0F0D037265660466010000100B0B0B0B10060000000000000000060000000000000000110D04656467650CFFFFFFFF04FFFFFFFF0CFFFFFFFF0C200800000600000000000000000C5108000006000000000000E03F0C520800000C530800000B0707756E6B6E6F776E110D067063757276650CFFFFFFFF04FFFF
310
FFFF0CFFFFFFFF04000000000B0F0D0B6578705F7061725F6375720D046E75627304010000001500000000040200000006000000000000E0BF0401000000060000000000000080040100000006015B1CBBF2DEEEBF06000000000000E03F06015B1CBBF2DEEEBF0600000000000000000600000000000000000D0673706C69
310
6E650B0F0D037265660466010000100B0B0B0B10060000000000000000060000000000000000110E0D4154545249425F435553544F4D0D066174747269620CFFFFFFFF04FFFFFFFF0CFFFFFFFF0CFFFFFFFF0CE30700000711736B657463685F6174747269625F646566040100000004010000000403000000070D32303420
310
302031203020312032110D067665727465780CFFFFFFFF04FFFFFFFF0CFFFFFFFF0CE407000004010000000C54080000110E08696E7463757276650D0563757276650CFFFFFFFF04FFFFFFFF0CFFFFFFFF0B0F0D037265660467010000100A0600000000000000000A06015B1CBBF2DEEE3F110E0873747261696768740D05
310
63757276650CFFFFFFFF04FFFFFFFF0CFFFFFFFF138FB1D03737B243406A508E1DA1C81BC00000000000000000140000000000000000000000000000000000000000000024400A0600000000000000000A06000000000000E03F110D05706F696E740CFFFFFFFF04FFFFFFFF0CFFFFFFFF138FB1D03737B243406A508E1DA1
310
C81BC00000000000000000110D06636F656467650CFFFFFFFF04FFFFFFFF0CFFFFFFFF0CED0700000C550800000C480800000C560800000B0C7C00000004000000000CFFFFFFFF110D04656467650CFFFFFFFF04FFFFFFFF0CFFFFFFFF0C5108000006015B1CBBF2DEEEBF0CEE0700000600000000000000800C1B0800000C
310
570800000B0707756E6B6E6F776E110D05706F696E740CFFFFFFFF04FFFFFFFF0CFFFFFFFF138FB1D03737B243406A508E1DA1C81BC00000000000001440110D067665727465780CFFFFFFFF04FFFFFFFF0CFFFFFFFF0C5808000004000000000C59080000110E08696E7463757276650D0563757276650CFFFFFFFF04FFFF
310
FFFF0CFFFFFFFF0B0F0D0D65786163745F696E745F637572043C5A000015000000000D056E7572627304050000001500000000040B0000000600000000000000000405000000069A9999999999B93F0401000000069A9999999999C93F040100000006343333333333D33F0401000000069A9999999999D93F040100000006
310
000000000000E03F040100000006333333333333E33F040100000006666666666666E63F040100000006999999999999E93F040100000006CCCCCCCCCCCCEC3F040100000006000000000000F03F040500000006A41BCB2625B63940064824838B4BA43EC006000000000000144006000000000000F03F068E3E135EF6E939
310
40066144A4E3FC1C3EC006000000000000144006000000000000F03F0694333E87B2483A4006103A948219153DC006000000000000144006000000000000F03F067316D5141ABC3A400620E4D024729D3BC006000000000000144006000000000000F03F06BCAE5B24B21F3B4006B3D5642E99D139C0060000000000001440
310
06000000000000F03F06EA2301B4A33B3B4006438F16E2C2DB37C006000000000000144006000000000000F03F06BAC1CC769FEE3A40067ACD29F5403536C006000000000000144006000000000000F03F068B92ED076B303A40068C755E6E4BE434C006000000000000144006000000000000F03F06C61ECE4728FD384006
310
E31434A5CEEB33C006000000000000144006000000000000F03F06B397D009315A374006CADCE446BF4733C006000000000000144006000000000000F03F06EBFF347A40503540069CC0AFF783F132C006000000000000144006000000000000F03F061299A40E3B633340066338820892E532C00600000000000014400600
310
0000000000F03F069B03B9E1BBC931400655A595F9A3FA32C006000000000000144006000000000000F03F06B402E9E45DA730400630BC86A8D01533C006000000000000144006000000000000F03F0646F13E38D711304006ADF63137AF2633C006000000000000144006000000000000F03F0600000000000000000D0C6E
310
756C6C5F737572666163650D0C6E756C6C5F737572666163650D066E756C6C62730D066E756C6C62730B0B04000000000400000000040000000004000000000A06000000000000F03F0A06000000000000000015000000001500000000100A0600000000000000000A06C0D12C4ABCADEF3F110D067665727465780CFFFFFF
310
FF04FFFFFFFF0CFFFFFFFF0C5A08000004000000000C5B080000110D06636F656467650C5C08000004FFFFFFFF0CFFFFFFFF0C5D0800000C2C0800000C5E0800000CF20700000A0C5F08000004000000000C60080000110E08696E7463757276650D0563757276650CFFFFFFFF04FFFFFFFF0CFFFFFFFF0B0F0D0D65786163
310
745F696E745F637572043C5A000015000000000D056E7572627304050000001500000000040B0000000600000000000000000405000000069A9999999999B93F0401000000069A9999999999C93F040100000006343333333333D33F0401000000069A9999999999D93F040100000006000000000000E03F04010000000633
310
3333333333E33F040100000006666666666666E63F040100000006999999999999E93F040100000006CCCCCCCCCCCCEC3F040100000006000000000000F03F040500000006E92F37D10C5241400602000000000034C006000000000000000006000000000000F03F0631F356F7F03E41400678E933FBEA9233C00600000000
310
0000000006000000000000F03F06595E58E0DD15414006651F3A68E6C232C006000000000000000006000000000000F03F0646971207AFCF4040062EF6F91D50A931C006000000000000000006000000000000F03F0620EA3F0AAF6040400617FF780FBD6F30C006000000000000000006000000000000F03F067AB2F9DD4C
310
6E3F40061295DE3E31AA2EC006000000000000000006000000000000F03F06F06152E5A4D93D40060E65505FD75D2DC006000000000000000006000000000000F03F0693C131F9B9003C400634A0065BEA032DC006000000000000000006000000000000F03F0692D6730A0CE6394006587C717F89932DC006000000000000
310
000006000000000000F03F061A68ED67528F3740066D7B1BFB67F82EC006000000000000000006000000000000F03F06BA75B864BB02354006C8377F27498E30C006000000000000000006000000000000F03F064CE53486C9D13240063C13622E94AE31C006000000000000000006000000000000F03F06CDAC61B0BA1831
310
40063762A0E3EEAA32C006000000000000000006000000000000F03F06CC6297E196D32F4006D49F6349F76233C006000000000000000006000000000000F03F06E629E2E534A02E4006649F2C84EEC233C006000000000000000006000000000000F03F0600000000000000000D0C6E756C6C5F737572666163650D0C6E75
310
6C6C5F737572666163650D066E756C6C62730D066E756C6C62730B0B04000000000400000000040000000004000000000A06000000000000F03F0A06000000000000000015000000001500000000100A0600000000000000000A06055B1CBBF2DEEE3F110D06636F656467650CFFFFFFFF04FFFFFFFF0CFFFFFFFF0C2A0800
310
000C610800000C620800000C2D0800000A0C5F08000004000000000C63080000110D04656467650CFFFFFFFF04FFFFFFFF0CFFFFFFFF0CB90700000600000000000000000C2708000006000000000000E03F0CF50700000C640800000B0707756E6B6E6F776E110D067063757276650CFFFFFFFF04FFFFFFFF0CFFFFFFFF04
310
000000000B0F0D0B6578705F7061725F6375720D046E756273040100000015000000000402000000060000000000000000040100000006000000000000E03F040100000006C0D12C4ABCADEF3F06000000000000000006C0D12C4ABCADEF3F06000000000000E03F0600000000000000000D0673706C696E650B0F0D037265
310
660484010000100B0B0B0B10060000000000000000060000000000000000110D04666163650C6508000004FFFFFFFF0CFFFFFFFF0CC10700000CF60700000C060000000CFFFFFFFF0C660800000B0B110D067063757276650CFFFFFFFF04FFFFFFFF0CFFFFFFFF04000000000B0F0D0B6578705F7061725F6375720D046E75
310
627304010000001500000000040200000006C0D12C4ABCADEFBF0401000000060000000000000080040100000006FBF72D4ABCADEF3F06000000000000E03F06000000000000000006000000000000E03F0600000000000000000D0673706C696E650B0F0D037265660484010000100B0B0B0B100600000000000000000600
310
00000000000000110E0D4154545249425F435553544F4D0D066174747269620CFFFFFFFF04FFFFFFFF0CFFFFFFFF0CFFFFFFFF0CFC0700000711736B657463685F6174747269625F646566040100000004010000000403000000070D31393720302030203020322032110D06636F656467650C6708000004FFFFFFFF0CFFFF
310
FFFF0CFC0700000C680800000C690800000C6A0800000A0C4800000004000000000CFFFFFFFF110D06636F656467650C6B08000004FFFFFFFF0CFFFFFFFF0C6C0800000C6D0800000CFC0700000C340800000B0C6E08000004000000000C6F080000110D04656467650CFFFFFFFF04FFFFFFFF0CFFFFFFFF0CB90700000615
310
5B1CBBF2DEEE3F0C7008000006000000000000F03F0C330800000C710800000B0707756E6B6E6F776E110E0D4154545249425F435553544F4D0D066174747269620CFFFFFFFF04FFFFFFFF0CFFFFFFFF0CFFFFFFFF0CFE070000071667656E657269635F7461675F6174747269625F6465660403000000040300000004FFFF
310
FFFF071767656E657269635F7461675F6174747269625F64656620040100000004020000000702343404000000000401000000042D0100000400000000110E0673706C696E650D07737572666163650CFFFFFFFF04FFFFFFFF0CFFFFFFFF0B0F0D03726566047D010000100B0B0B0B110D06636F656467650CFFFFFFFF04FF
310
FFFFFF0CFFFFFFFF0C720800000C000800000C730800000C740800000B0C7C00000004000000000CFFFFFFFF110D067063757276650CFFFFFFFF04FFFFFFFF0CFFFFFFFF04000000000B0F0D0B6578705F7061725F6375720D046E75627304010000001500000000040200000006000000000000E0BF040100000006000000
310
0000000080040100000006000000000000F0BF06000000000000E03F06000000000000F0BF0600000000000000000600000000000000000D0673706C696E650B0F0D03726566047D010000100B0B0B0B10060000000000000000060000000000000000110E08696E7463757276650D0563757276650CFFFFFFFF04FFFFFFFF
310
0CFFFFFFFF0A0F0D037265660461010000100A06000000000000F0BF0A06FEF72D4ABCADEFBF110E0873747261696768740D0563757276650CFFFFFFFF04FFFFFFFF0CFFFFFFFF1357D90B9BDB1921403C33D063087E37C00000000000000000140000000000000000000000000000000000000000000024400A0600000000
310
000000000A06000000000000E03F110E0D4154545249425F435553544F4D0D066174747269620CFFFFFFFF04FFFFFFFF0CFFFFFFFF0CFFFFFFFF0C08080000071667656E657269635F7461675F6174747269625F6465660403000000040300000004FFFFFFFF071767656E657269635F7461675F6174747269625F64656620
310
040100000004020000000702343304000000000401000000042D0100000400000000110E04636F6E650D07737572666163650CFFFFFFFF04FFFFFFFF0CFFFFFFFF130000000000000000000000000000000000000000000000001400000000000000000000000000000000000000000000F03F140000000000003940000000
310
0000000000000000000000000006000000000000F03F0B0B06000000000000000006000000000000F03F0600000000000039400B0B0B0B0B110D05706F696E740CFFFFFFFF04FFFFFFFF0CFFFFFFFF1357D90B9BDB1921403C33D063087E37C00000000000001440110E0D4154545249425F435553544F4D0D066174747269
310
620CFFFFFFFF04FFFFFFFF0CFFFFFFFF0CFFFFFFFF0C11080000071667656E657269635F7461675F6174747269625F6465660403000000040300000004FFFFFFFF071767656E657269635F7461675F6174747269625F64656620040100000004020000000702353104000000000401000000042D0100000400000000110D04
310
666163650C7508000004FFFFFFFF0CFFFFFFFF0C760800000C5F0800000C060000000CFFFFFFFF0C770800000B0B110D046C6F6F700CFFFFFFFF04FFFFFFFF0CFFFFFFFF0CFFFFFFFF0C780800000C11080000110E0673706C696E650D07737572666163650CFFFFFFFF04FFFFFFFF0CFFFFFFFF0B0F0D0B63796C5F73706C
310
5F737572043C5A00000D08696E7463757276650B0F0D037265660473010000100A0600000000000000000A06B8D12C4ABCADEF3F1400000000000000000000000000000000000000000000244013B94875E6CAE23D409274CC9BC71F2BC0000000000000000015020000000A0600000000000000000A06B8D12C4ABCADEF3F
310
0A0600000000000000000A06000000000000E03F15000000001500000000150000000015000000000400000000040000000004000000000400000000040000000004000000000B100B0B0B0B110D06636F656467650C7908000004FFFFFFFF0CFFFFFFFF0C7A0800000C490800000C7B0800000C7C0800000B0C1208000004
310
000000000C7D080000110E0D4154545249425F435553544F4D0D066174747269620CFFFFFFFF04FFFFFFFF0CFFFFFFFF0CFFFFFFFF0C140800000711736B657463685F6174747269625F646566040100000004010000000403000000070F313037203020302030203334203336110D06636F656467650CFFFFFFFF04FFFFFF
310
FF0CFFFFFFFF0C7E0800000C140800000C170800000C4B0800000B0CDD07000004000000000CFFFFFFFF110D06636F656467650CFFFFFFFF04FFFFFFFF0CFFFFFFFF0C140800000C7E0800000C7A0800000C7F0800000A0CDD07000004000000000CFFFFFFFF110D06636F656467650C8008000004FFFFFFFF0CFFFFFFFF0C
310
7B0800000C180800000C140800000C470800000A0C4800000004000000000CFFFFFFFF110D04656467650CFFFFFFFF04FFFFFFFF0CFFFFFFFF0C8108000006AD529164ECFFE1BF0C4E0800000669732D3852C1E0BF0C140800000C820800000B0707756E6B6E6F776E110D06636F656467650CFFFFFFFF04FFFFFFFF0CFFFF
310
FFFF0C170800000C160800000C240800000C560800000A0CA207000004000000000C83080000110D06636F656467650CFFFFFFFF04FFFFFFFF0CFFFFFFFF0C420800000C840800000C520800000C1D0800000A0C1208000004000000000C85080000110D067063757276650CFFFFFFFF04FFFFFFFF0CFFFFFFFF0400000000
310
0B0F0D0B6578705F7061725F6375720D046E756273040100000015000000000402000000060000000000000000040100000006000000000000E03F040100000006F1F72D4ABCADEFBF06000000000000000006F1F72D4ABCADEFBF06000000000000E03F0600000000000000000D0673706C696E650B0F0D03726566047201
310
0000100B0B0B0B10060000000000000000060000000000000000110D04656467650CFFFFFFFF04FFFFFFFF0CFFFFFFFF0C4E0800000600000000000000000C8608000006000000000000E03F0C440800000C870800000B0707756E6B6E6F776E110D067063757276650CFFFFFFFF04FFFFFFFF0CFFFFFFFF04000000000B0F
310
0D0B6578705F7061725F6375720D046E75627304010000001500000000040200000006000000000000E0BF0401000000060000000000000080040100000006000000000000F0BF06000000000000E03F06000000000000F0BF0600000000000000000600000000000000000D0673706C696E650B0F0D037265660472010000
310
100B0B0B0B10060000000000000000060000000000000000110E0D4154545249425F435553544F4D0D066174747269620CFFFFFFFF04FFFFFFFF0CFFFFFFFF0CFFFFFFFF0C180800000711736B657463685F6174747269625F646566040100000004010000000403000000070D31393420302031203020322032110D067665
310
727465780CFFFFFFFF04FFFFFFFF0CFFFFFFFF0C1908000004010000000C88080000110E08696E7463757276650D0563757276650CFFFFFFFF04FFFFFFFF0CFFFFFFFF0B0F0D037265660473010000100A06B8D12C4ABCADEF3F0A06000000000000F03F110D067063757276650CFFFFFFFF04FFFFFFFF0CFFFFFFFF040000
310
00000B0F0D0B6578705F7061725F6375720D046E756273040100000015000000000402000000060000000000000000040100000006015B1CBBF2DEEE3F040100000006000000000000008006000000000000E03F06115B1CBBF2DEEEBF06000000000000E03F0600000000000000000D0673706C696E650B0F0D0372656604
310
66010000100B0B0B0B10060000000000000000060000000000000000110D067665727465780CFFFFFFFF04FFFFFFFF0CFFFFFFFF0C2508000004000000000C89080000110D06636F656467650CFFFFFFFF04FFFFFFFF0CFFFFFFFF0C8A0800000C780800000CE20700000C1D0800000B0C4008000004000000000C8B080000
310
110E0873747261696768740D0563757276650CFFFFFFFF04FFFFFFFF0CFFFFFFFF13CE00C0C1EAE9354045A2439EA5BD28C00000000000000000140000000000000000000000000000000000000000000024400A0600000000000000000A06000000000000E03F110D05706F696E740CFFFFFFFF04FFFFFFFF0CFFFFFFFF13
310
CE00C0C1EAE9354045A2439EA5BD28C00000000000000000110D06636F656467650CFFFFFFFF04FFFFFFFF0CFFFFFFFF0C240800000C8C0800000C7E0800000C8D0800000B0C7C00000004000000000CFFFFFFFF110D04656467650CFFFFFFFF04FFFFFFFF0CFFFFFFFF0C8608000006000000000000F0BF0C5108000006F1
310
F72D4ABCADEFBF0C480800000C8E0800000B0707756E6B6E6F776E110E08696E7463757276650D0563757276650CFFFFFFFF04FFFFFFFF0CFFFFFFFF0A0F0D0D65786163745F696E745F637572043C5A000015000000000D056E7572627304050000001500000000040B0000000600000000000000000405000000069A9999
310
999999B93F0401000000069A9999999999C93F040100000006343333333333D33F0401000000069A9999999999D93F040100000006000000000000E03F040100000006333333333333E33F040100000006666666666666E63F040100000006999999999999E93F040100000006CCCCCCCCCCCCEC3F04010000000600000000
310
0000F03F0405000000068FB1D03737B24340066A508E1DA1C81BC006000000000000144006000000000000F03F06731F16EC9A8D434006E03FAA45E6621AC006000000000000144006000000000000F03F0681534E3E6F43434006390C700C65C517C006000000000000144006000000000000F03F06C50A547254D1424006
310
5B55386C016314C006000000000000144006000000000000F03F062EE03E4F66334240066CED63A110F810C006000000000000144006000000000000F03F064C8C7A66C1634140066CB913E218430DC006000000000000144006000000000000F03F06DFED8A2A36894040067C90E9F911B50CC00600000000000014400600
310
0000000000F03F06540F25D0A5463F4006742FFDEE843810C006000000000000144006000000000000F03F064465AEEF03653D40062AAA5883652714C006000000000000144006000000000000F03F069C34A80D6D6F3B40066217E7FA31F919C006000000000000144006000000000000F03F067C159A12EF673940062B4F
310
C5311ABE20C006000000000000144006000000000000F03F06CA5AE3936BBB374006A8004CFA9F5B24C006000000000000144006000000000000F03F060082C486457336400651A6EDE9986327C006000000000000144006000000000000F03F0673365D948C953540069792C06FAF8C29C006000000000000144006000000
310
000000F03F06986E60DEF225354006A602E0482CAA2AC006000000000000144006000000000000F03F0600000000000000000D0C6E756C6C5F737572666163650D0C6E756C6C5F737572666163650D066E756C6C62730D066E756C6C62730B0B04000000000400000000040000000004000000000A06000000000000F03F0A
310
06000000000000000015000000001500000000100A06015B1CBBF2DEEEBF0A060000000000000080110D04656467650CFFFFFFFF04FFFFFFFF0CFFFFFFFF0C2708000006055B1CBBF2DEEEBF0C8F0800000600000000000000800C610800000C900800000B0707756E6B6E6F776E110D05706F696E740CFFFFFFFF04FFFFFF
310
FF0CFFFFFFFF1384A9E4EE7A5C30406D5DEF968B1E33C00000000000001440110D04656467650CFFFFFFFF04FFFFFFFF0CFFFFFFFF0C290800000600000000000000000C2008000006B8D12C4ABCADEF3F0C780800000C910800000B0707756E6B6E6F776E110D05706F696E740CFFFFFFFF04FFFFFFFF0CFFFFFFFF13E92F
310
37D10C52414002000000000034C00000000000000000110E0D4154545249425F435553544F4D0D066174747269620CFFFFFFFF04FFFFFFFF0CFFFFFFFF0CFFFFFFFF0C2A0800000711736B657463685F6174747269625F646566040100000004010000000403000000070D31393720302031203020312032110D06636F6564
310
67650CFFFFFFFF04FFFFFFFF0CFFFFFFFF0C610800000C2A0800000C920800000C930800000B0C5F08000004000000000C94080000110D06636F656467650C9508000004FFFFFFFF0CFFFFFFFF0C680800000C960800000C2A0800000CF20700000B0C4800000004000000000CFFFFFFFF110D046C6F6F700CFFFFFFFF04FF
310
FFFFFF0CFFFFFFFF0CFFFFFFFF0C2A0800000C3F080000110D067063757276650CFFFFFFFF04FFFFFFFF0CFFFFFFFF04000000000B0F0D0B6578705F7061725F6375720D046E75627304010000001500000000040200000006055B1CBBF2DEEEBF0401000000060000000000000080040100000006155B1CBBF2DEEEBF0600
310
000000000000000600000000000000800600000000000000000600000000000000000D0673706C696E650B0F0D0B63796C5F73706C5F737572043C5A00000D08696E7463757276650A0F0D03726566048D010000100A06055B1CBBF2DEEEBF0A06000000000000008014000000000000000000000000000000000000000000
310
00244013FA865B133E703A403ED0B8C9194931C0000000000000000015020000000A06055B1CBBF2DEEEBF0A0600000000000000800A0600000000000000000A06000000000000E03F15000000001500000000150000000015000000000400000000040000000004000000000400000000040000000004000000000B100B0B
310
0B0B10060000000000000000060000000000000000110D06636F656467650CFFFFFFFF04FFFFFFFF0CFFFFFFFF0C2C0800000C5D0800000C970800000C580800000A0C5F08000004000000000C98080000110D06636F656467650CFFFFFFFF04FFFFFFFF0CFFFFFFFF0C990800000C9A0800000C6D0800000C2D0800000B0C
310
9B08000004000000000C9C080000110D067063757276650CFFFFFFFF04FFFFFFFF0CFFFFFFFF04000000000B0F0D0B6578705F7061725F6375720D046E75627304010000001500000000040200000006000000000000E0BF0401000000060000000000000080040100000006055B1CBBF2DEEEBF06000000000000E03F0605
310
5B1CBBF2DEEEBF0600000000000000000600000000000000000D0673706C696E650B0F0D037265660497010000100B0B0B0B10060000000000000000060000000000000000110E0873747261696768740D0563757276650CFFFFFFFF04FFFFFFFF0CFFFFFFFF1384A9E4EE7A5C30406D5DEF968B1E33C00000000000000000
310
140000000000000000000000000000000000000000000024400A0600000000000000000A06000000000000E03F110E0D4154545249425F435553544F4D0D066174747269620CFFFFFFFF04FFFFFFFF0CFFFFFFFF0CFFFFFFFF0C2F080000071667656E657269635F7461675F6174747269625F646566040300000004030000
310
0004FFFFFFFF071767656E657269635F7461675F6174747269625F64656620040100000004020000000702343604000000000401000000042D0100000400000000110E0673706C696E650D07737572666163650CFFFFFFFF04FFFFFFFF0CFFFFFFFF0B0F0D037265660484010000100B0B0B0B110E0D4154545249425F4355
310
53544F4D0D066174747269620CFFFFFFFF04FFFFFFFF0CFFFFFFFF0CFFFFFFFF0C320800000711736B657463685F6174747269625F646566040100000004010000000403000000070F313037203020302030203332203336110D06636F656467650C9D08000004FFFFFFFF0CFFFFFFFF0C320800000C5E0800000C9A080000
310
0C9E0800000B0C4800000004000000000CFFFFFFFF110D06636F656467650C9F08000004FFFFFFFF0CFFFFFFFF0CA00800000CA10800000C320800000C6A0800000B0CA208000004000000000CFFFFFFFF110D04656467650CFFFFFFFF04FFFFFFFF0CFFFFFFFF0C7008000006F4F4048A782BEDBF0CA308000006AA15A15D
310
DEECEBBF0C690800000CA40800000B0707756E6B6E6F776E110E0D4154545249425F435553544F4D0D066174747269620CFFFFFFFF04FFFFFFFF0CFFFFFFFF0CFFFFFFFF0C330800000711736B657463685F6174747269625F646566040100000004010000000403000000070D31393720302030203020322032110D06636F
310
656467650CFFFFFFFF04FFFFFFFF0CFFFFFFFF0C730800000C330800000CA10800000CA50800000B0C6E08000004000000000CA6080000110D06636F656467650CFFFFFFFF04FFFFFFFF0CFFFFFFFF0C330800000C730800000CF50700000C2D0800000A0C6E08000004000000000CA7080000110D046C6F6F700CFFFFFFFF
310
04FFFFFFFF0CFFFFFFFF0CFFFFFFFF0C330800000CA8080000110D067063757276650CFFFFFFFF04FFFFFFFF0CFFFFFFFF04000000000B0F0D0B6578705F7061725F6375720D046E75627304010000001500000000040200000006155B1CBBF2DEEE3F040100000006000000000000F03F040100000006265B1CBBF2DEEE3F
310
06000000000000000006000000000000F03F0600000000000000000600000000000000000D0673706C696E650B0F0D0B63796C5F73706C5F737572043C5A00000D08696E7463757276650B0F0D03726566048D010000100A06155B1CBBF2DEEE3F0A06000000000000F03F1400000000000000000000000000000000000000
310
000000244013FA865B133E703A403ED0B8C9194931C0000000000000000015020000000A06155B1CBBF2DEEE3F0A06000000000000F03F0A0600000000000000000A06000000000000E03F15000000001500000000150000000015000000000400000000040000000004000000000400000000040000000004000000000B10
310
0B0B0B0B10060000000000000000060000000000000000110D067665727465780CFFFFFFFF04FFFFFFFF0CFFFFFFFF0C6A08000004000000000CA9080000110E08696E7463757276650D0563757276650CFFFFFFFF04FFFFFFFF0CFFFFFFFF0B0F0D03726566048D010000100A06055B1CBBF2DEEE3F0A06000000000000F0
310
3F110D06636F656467650CFFFFFFFF04FFFFFFFF0CFFFFFFFF0CAA0800000C370800000CAB0800000CAC0800000B0C7C00000004000000000CFFFFFFFF110D06636F656467650CFFFFFFFF04FFFFFFFF0CFFFFFFFF0C6D0800000C6C0800000C370800000C740800000A0C6E08000004000000000CAD080000110D04656467
310
650CFFFFFFFF04FFFFFFFF0CFFFFFFFF0C2708000006155B1CBBF2DEEE3F0CAE08000006000000000000F03F0C730800000CAF0800000B0707756E6B6E6F776E110E0D4154545249425F435553544F4D0D066174747269620CFFFFFFFF04FFFFFFFF0CFFFFFFFF0CFFFFFFFF0C3F080000071667656E657269635F7461675F
310
6174747269625F6465660403000000040300000004FFFFFFFF071767656E657269635F7461675F6174747269625F64656620040100000004020000000702353004000000000401000000042D0100000400000000110D04666163650CB008000004FFFFFFFF0CFFFFFFFF0CB10800000C9B0800000C060000000CFFFFFFFF0C
310
B20800000B0B110E0673706C696E650D07737572666163650CFFFFFFFF04FFFFFFFF0CFFFFFFFF0B0F0D037265660497010000100B0B0B0B110D06636F656467650CB308000004FFFFFFFF0CFFFFFFFF0C520800000C920800000C960800000C5A0800000B0C4008000004000000000CB4080000110E0D4154545249425F43
310
5553544F4D0D066174747269620CFFFFFFFF04FFFFFFFF0CFFFFFFFF0CFFFFFFFF0C420800000711736B657463685F6174747269625F646566040100000004010000000403000000070D32303420302030203020322032110D06636F656467650CFFFFFFFF04FFFFFFFF0CFFFFFFFF0C840800000C420800000C450800000C
310
7F0800000B0C1208000004000000000CB5080000110D06636F656467650CB608000004FFFFFFFF0CFFFFFFFF0C960800000C460800000C420800000C7C0800000A0C4800000004000000000CFFFFFFFF110D04656467650CFFFFFFFF04FFFFFFFF0CFFFFFFFF0C2008000006115B1CBBF2DEEE3F0C81080000060000000000
310
00F03F0C420800000CB70800000B0707756E6B6E6F776E110D067063757276650CFFFFFFFF04FFFFFFFF0CFFFFFFFF04000000000B0F0D0B6578705F7061725F6375720D046E75627304010000001500000000040200000006115B1CBBF2DEEE3F040100000006000000000000F03F040100000006215B1CBBF2DEEE3F0600
310
0000000000000006000000000000F03F0600000000000000000600000000000000000D0673706C696E650B0F0D037265660488010000100B0B0B0B10060000000000000000060000000000000000110D06636F656467650CFFFFFFFF04FFFFFFFF0CFFFFFFFF0C450800000C440800000C550800000C8D0800000A0CDD0700
310
0004000000000CFFFFFFFF110D04656467650CFFFFFFFF04FFFFFFFF0CFFFFFFFF0C810800000600000000000000000CB808000006000000000000E03F0C7A0800000CB90800000B0707756E6B6E6F776E110E0D4154545249425F435553544F4D0D066174747269620CFFFFFFFF04FFFFFFFF0CFFFFFFFF0CFFFFFFFF0C46
310
0800000711736B657463685F6174747269625F646566040100000004010000000403000000070F313037203020302030203334203336110D067665727465780CFFFFFFFF04FFFFFFFF0CFFFFFFFF0C4708000004000000000CBA080000110E07656C6C697073650D0563757276650CFFFFFFFF04FFFFFFFF0CFFFFFFFF1300
310
00000000000000000000000000000000000000000000001400000000000000000000000000000000000000000000F03F1400000000000039400000000000000000000000000000000006000000000000F03F0A06AD529164ECFFE1BF0A0669732D3852C1E0BF110D067063757276650CFFFFFFFF04FFFFFFFF0CFFFFFFFF04
310
000000000B0F0D0B6578705F7061725F6375720D046E75627304010000001500000000040200000006F1F72D4ABCADEF3F040100000006000000000000F03F0401000000062C1E2F4ABCADEFBF06000000000000E03F06000000000000F0BF06000000000000E03F0600000000000000000D0673706C696E650B0F0D037265
310
660472010000100B0B0B0B10060000000000000000060000000000000000110D06636F656467650CFFFFFFFF04FFFFFFFF0CFFFFFFFF0C490800000C7A0800000C8C0800000CBB0800000A0C1208000004000000000CBC080000110D067063757276650CFFFFFFFF04FFFFFFFF0CFFFFFFFF04000000000B0F0D0B6578705F
310
7061725F6375720D046E75627304010000001500000000040200000006000000000000E0BF0401000000060000000000000080040100000006115B1CBBF2DEEE3F06000000000000E03F06115B1CBBF2DEEE3F0600000000000000000600000000000000000D0673706C696E650B0F0D037265660488010000100B0B0B0B10
310
060000000000000000060000000000000000110D067665727465780CFFFFFFFF04FFFFFFFF0CFFFFFFFF0C5608000004000000000CBD080000110E0873747261696768740D0563757276650CFFFFFFFF04FFFFFFFF0CFFFFFFFF13E3FB840590A6354002000000000029C00000000000000000140000000000000000000000
310
000000000000000000000024400A0600000000000000000A06000000000000E03F110D05706F696E740CFFFFFFFF04FFFFFFFF0CFFFFFFFF13E3FB840590A6354002000000000029C00000000000000000110D05706F696E740CFFFFFFFF04FFFFFFFF0CFFFFFFFF13CE00C0C1EAE9354045A2439EA5BD28C0000000000000
310
1440110D06636F656467650CFFFFFFFF04FFFFFFFF0CFFFFFFFF0C920800000C520800000CBE0800000CBF0800000A0C4008000004000000000CC0080000110D067063757276650CFFFFFFFF04FFFFFFFF0CFFFFFFFF04000000000B0F0D0B6578705F7061725F6375720D046E756273040100000015000000000402000000
310
060000000000000000040100000006000000000000E03F040100000006B8D12C4ABCADEF3F06000000000000000006B8D12C4ABCADEF3F06000000000000E03F0600000000000000000D0673706C696E650B0F0D037265660491010000100B0B0B0B10060000000000000000060000000000000000110D06636F656467650C
310
FFFFFFFF04FFFFFFFF0CFFFFFFFF0C550800000CBE0800000C840800000CBB0800000B0C7C00000004000000000CFFFFFFFF110D04656467650CFFFFFFFF04FFFFFFFF0CFFFFFFFF0CB808000006AD529164ECFFE1BF0C860800000669732D3852C1E0BF0C7E0800000CC10800000B0707756E6B6E6F776E110E08696E7463
310
757276650D0563757276650CFFFFFFFF04FFFFFFFF0CFFFFFFFF0A0F0D0D65786163745F696E745F637572043C5A000015000000000D056E7572627304050000001500000000040B0000000600000000000000000405000000069A9999999999B93F0401000000069A9999999999C93F040100000006343333333333D33F04
310
01000000069A9999999999D93F040100000006000000000000E03F040100000006333333333333E33F040100000006666666666666E63F040100000006999999999999E93F040100000006CCCCCCCCCCCCEC3F040100000006000000000000F03F040500000006E92F37D10C5241400602000000000034C006000000000000
310
144006000000000000F03F06B0DAFADE4153414006187CF956216F33C006000000000000144006000000000000F03F06ADE05102A452414006E4722952C15632C006000000000000144006000000000000F03F06E8D1AB599F48414006F7A5F51049CE30C006000000000000144006000000000000F03F066C8B2C1CC72841
310
40067C7B99C236F82DC006000000000000144006000000000000F03F067A612F7816E0404006AB200541F4352AC006000000000000144006000000000000F03F06F93EB216A67340400611D68307955027C006000000000000144006000000000000F03F067B2ADC1351C13F40061E98B0F9695925C0060000000000001440
310
06000000000000F03F065535132D994B3E40062AC57BCC965824C006000000000000144006000000000000F03F06F0042496C9893C400603A854B6D84224C006000000000000144006000000000000F03F0675BCBFE3D4813A40065632ECCFCF0525C006000000000000144006000000000000F03F06DCA4E73175AE384006
310
EC34F9D69B4026C006000000000000144006000000000000F03F06CE771BF3DC343740064137A9E1518027C006000000000000144006000000000000F03F06E436082D4D2D3640069C94979C037A28C006000000000000144006000000000000F03F06E3FB840590A635400602000000000029C00600000000000014400600
310
0000000000F03F0600000000000000000D0C6E756C6C5F737572666163650D0C6E756C6C5F737572666163650D066E756C6C62730D066E756C6C62730B0B04000000000400000000040000000004000000000A06000000000000F03F0A06000000000000000015000000001500000000100A06000000000000F0BF0A06F1F7
310
2D4ABCADEFBF110D067665727465780CFFFFFFFF04FFFFFFFF0CFFFFFFFF0CBF08000004000000000CC2080000110E08696E7463757276650D0563757276650CFFFFFFFF04FFFFFFFF0CFFFFFFFF0A0F0D0D65786163745F696E745F637572043C5A000015000000000D056E7572627304050000001500000000040B000000
310
0600000000000000000405000000069A9999999999B93F0401000000069A9999999999C93F040100000006343333333333D33F0401000000069A9999999999D93F040100000006000000000000E03F040100000006333333333333E33F040100000006666666666666E63F040100000006999999999999E93F040100000006
310
CCCCCCCCCCCCEC3F040100000006000000000000F03F040500000006E92F37D10C5241400602000000000034C006000000000000144006000000000000F03F0631F356F7F03E41400678E933FBEA9233C006000000000000144006000000000000F03F06595E58E0DD15414006651F3A68E6C232C006000000000000144006
310
000000000000F03F0646971207AFCF4040062EF6F91D50A931C006000000000000144006000000000000F03F0620EA3F0AAF6040400617FF780FBD6F30C006000000000000144006000000000000F03F067AB2F9DD4C6E3F40061295DE3E31AA2EC006000000000000144006000000000000F03F06F06152E5A4D93D40060E
310
65505FD75D2DC006000000000000144006000000000000F03F0693C131F9B9003C400634A0065BEA032DC006000000000000144006000000000000F03F0692D6730A0CE6394006587C717F89932DC006000000000000144006000000000000F03F061A68ED67528F3740066D7B1BFB67F82EC0060000000000001440060000
310
00000000F03F06BA75B864BB02354006C8377F27498E30C006000000000000144006000000000000F03F064CE53486C9D13240063C13622E94AE31C006000000000000144006000000000000F03F06CDAC61B0BA183140063762A0E3EEAA32C006000000000000144006000000000000F03F06CC6297E196D32F4006D49F63
310
49F76233C006000000000000144006000000000000F03F06E629E2E534A02E4006649F2C84EEC233C006000000000000144006000000000000F03F0600000000000000000D0C6E756C6C5F737572666163650D0C6E756C6C5F737572666163650D066E756C6C62730D066E756C6C62730B0B04000000000400000000040000
310
000004000000000A06000000000000F03F0A06000000000000000015000000001500000000100A06055B1CBBF2DEEEBF0A060000000000000080110E08696E7463757276650D0563757276650CFFFFFFFF04FFFFFFFF0CFFFFFFFF0B0F0D037265660473010000100A0600000000000000000A06B8D12C4ABCADEF3F110D06
310
636F656467650CFFFFFFFF04FFFFFFFF0CFFFFFFFF0C780800000C8A0800000C5D0800000C930800000A0C4008000004000000000CC3080000110D04656467650CFFFFFFFF04FFFFFFFF0CFFFFFFFF0C290800000600000000000000000C8F08000006000000000000E03F0C5D0800000CC40800000B0707756E6B6E6F776E
310
110D067063757276650CFFFFFFFF04FFFFFFFF0CFFFFFFFF04000000000B0F0D0B6578705F7061725F6375720D046E756273040100000015000000000402000000060000000000000000040100000006000000000000E03F040100000006000000000000008006000000000000000006000000000000008006000000000000
310
E03F0600000000000000000D0673706C696E650B0F0D037265660497010000100B0B0B0B10060000000000000000060000000000000000110E0D4154545249425F435553544F4D0D066174747269620CFFFFFFFF04FFFFFFFF0CFFFFFFFF0CFFFFFFFF0C5E0800000711736B657463685F6174747269625F64656604010000
310
0004010000000403000000070D31393720302031203020312032110D06636F656467650CC508000004FFFFFFFF0CFFFFFFFF0C5E0800000C7B0800000C780800000C5A0800000A0C4800000004000000000CFFFFFFFF110D06636F656467650CFFFFFFFF04FFFFFFFF0CFFFFFFFF0CBE0800000CAA0800000C610800000C58
310
0800000B0C7C00000004000000000CFFFFFFFF110D067063757276650CFFFFFFFF04FFFFFFFF0CFFFFFFFF04000000000B0F0D0B6578705F7061725F6375720D046E756273040100000015000000000402000000060000000000000000040100000006055B1CBBF2DEEE3F0401000000060000000000000080060000000000
310
00E03F06155B1CBBF2DEEEBF06000000000000E03F0600000000000000000D0673706C696E650B0F0D037265660497010000100B0B0B0B10060000000000000000060000000000000000110D06636F656467650CFFFFFFFF04FFFFFFFF0CFFFFFFFF0CC60800000C620800000CAA0800000CC70800000A0C9B080000040000
310
00000CC8080000110D06636F656467650CC908000004FFFFFFFF0CFFFFFFFF0C620800000CC60800000C680800000C9E0800000A0C9B08000004000000000CCA080000110D046C6F6F700CFFFFFFFF04FFFFFFFF0CFFFFFFFF0CFFFFFFFF0C9A0800000C76080000110D067063757276650CFFFFFFFF04FFFFFFFF0CFFFFFF
310
FF04000000000B0F0D0B6578705F7061725F6375720D046E756273040100000015000000000402000000060000000000000000040100000006000000000000E03F040100000006FBF72D4ABCADEFBF06000000000000000006FBF72D4ABCADEFBF06000000000000E03F0600000000000000000D0673706C696E650B0F0D0B
310
63796C5F73706C5F737572043C5A00000D08696E7463757276650A0F0D037265660479010000100A06000000000000F0BF0A06FBF72D4ABCADEFBF140000000000000000000000000000000000000000000024401304CE4AE3EF713740A51858053CF736C0000000000000000015020000000A06000000000000F0BF0A06FB
310
F72D4ABCADEFBF0A0600000000000000000A06000000000000E03F15000000001500000000150000000015000000000400000000040000000004000000000400000000040000000004000000000B100B0B0B0B10060000000000000000060000000000000000110E0D4154545249425F435553544F4D0D066174747269620C
310
FFFFFFFF04FFFFFFFF0CFFFFFFFF0CFFFFFFFF0C680800000711736B657463685F6174747269625F646566040100000004010000000403000000070D31383720302031203020322032110D04656467650CFFFFFFFF04FFFFFFFF0CFFFFFFFF0CB907000006FBF72D4ABCADEF3F0CA308000006000000000000F03F0C9A0800
310
000CCB0800000B0707756E6B6E6F776E110E0D4154545249425F435553544F4D0D066174747269620CFFFFFFFF04FFFFFFFF0CFFFFFFFF0CFFFFFFFF0C690800000711736B657463685F6174747269625F646566040100000004010000000403000000070F313037203020302030203332203336110D06636F656467650CFF
310
FFFFFF04FFFFFFFF0CFFFFFFFF0CAB0800000C690800000CC60800000CCC0800000B0CA208000004000000000CFFFFFFFF110D06636F656467650CFFFFFFFF04FFFFFFFF0CFFFFFFFF0C690800000CAB0800000C6C0800000CA50800000A0CA208000004000000000CFFFFFFFF110D046C6F6F700CFFFFFFFF04FFFFFFFF0C
310
FFFFFFFF0CFFFFFFFF0C690800000CB1080000110D067665727465780CFFFFFFFF04FFFFFFFF0CFFFFFFFF0C9E08000004010000000CCD080000110E07656C6C697073650D0563757276650CFFFFFFFF04FFFFFFFF0CFFFFFFFF13000000000000000000000000000000000000000000000000140000000000000000000000
310
0000000000000000000000F03F1400000000000039400000000000000000000000000000000006000000000000F03F0A06F5F4048A782BEDBF0A06A915A15DDEECEBBF110D04656467650CFFFFFFFF04FFFFFFFF0CFFFFFFFF0C700800000600000000000000000CAE08000006000000000000E03F0C6C0800000CCE080000
310
0B0707756E6B6E6F776E110D067063757276650CFFFFFFFF04FFFFFFFF0CFFFFFFFF04000000000B0F0D0B6578705F7061725F6375720D046E756273040100000015000000000402000000060000000000000000040100000006000000000000E03F040100000006000000000000F03F060000000000000000060000000000
310
00F03F06000000000000E03F0600000000000000000D0673706C696E650B0F0D03726566049A010000100B0B0B0B10060000000000000000060000000000000000110D067063757276650CFFFFFFFF04FFFFFFFF0CFFFFFFFF04000000000B0F0D0B6578705F7061725F6375720D046E756273040100000015000000000402
310
00000006000000000000E0BF0401000000060000000000000080040100000006155B1CBBF2DEEE3F06000000000000E03F06155B1CBBF2DEEE3F0600000000000000000600000000000000000D0673706C696E650B0F0D03726566049A010000100B0B0B0B10060000000000000000060000000000000000110D0466616365
310
0CCF08000004FFFFFFFF0CFFFFFFFF0C2F0800000C6E0800000C060000000CFFFFFFFF0CD00800000B0B110D05706F696E740CFFFFFFFF04FFFFFFFF0CFFFFFFFF13E629E2E534A02E40649F2C84EEC233C00000000000000000110D06636F656467650CFFFFFFFF04FFFFFFFF0CFFFFFFFF0C970800000C720800000C9908
310
00000CC70800000B0C7C00000004000000000CFFFFFFFF110D06636F656467650CFFFFFFFF04FFFFFFFF0CFFFFFFFF0CA10800000CA00800000C720800000CAC0800000A0CA208000004000000000CFFFFFFFF110D04656467650CFFFFFFFF04FFFFFFFF0CFFFFFFFF0CAE08000006F4F4048A782BEDBF0CD108000006AA15
310
A15DDEECEBBF0CAB0800000CD20800000B0707756E6B6E6F776E110D067063757276650CFFFFFFFF04FFFFFFFF0CFFFFFFFF04000000000B0F0D0B6578705F7061725F6375720D046E75627304010000001500000000040200000006000000000000F0BF040100000006155B1CBBF2DEEEBF040100000006000000000000F0
310
3F06000000000000E03F06265B1CBBF2DEEE3F06000000000000E03F0600000000000000000D0673706C696E650B0F0D03726566049A010000100B0B0B0B10060000000000000000060000000000000000110D067665727465780CFFFFFFFF04FFFFFFFF0CFFFFFFFF0CAC08000004000000000CD3080000110E08696E7463
310
757276650D0563757276650CFFFFFFFF04FFFFFFFF0CFFFFFFFF0B0F0D0372656604A0010000100A06155B1CBBF2DEEE3F0A06000000000000F03F110E0D4154545249425F435553544F4D0D066174747269620CFFFFFFFF04FFFFFFFF0CFFFFFFFF0CFFFFFFFF0C76080000071667656E657269635F7461675F6174747269
310
625F6465660403000000040300000004FFFFFFFF071767656E657269635F7461675F6174747269625F64656620040100000004020000000702343904000000000401000000042D0100000400000000110D04666163650CD408000004FFFFFFFF0CFFFFFFFF0CA80800000CA20800000C060000000CFFFFFFFF0CD50800000B
310
0B110E0673706C696E650D07737572666163650CFFFFFFFF04FFFFFFFF0CFFFFFFFF0B0F0D0372656604A4010000100B0B0B0B110E0D4154545249425F435553544F4D0D066174747269620CFFFFFFFF04FFFFFFFF0CFFFFFFFF0CFFFFFFFF0C780800000711736B657463685F6174747269625F6465660401000000040100
310
00000403000000070D31393420302030203020312032110D067063757276650CFFFFFFFF04FFFFFFFF0CFFFFFFFF04000000000B0F0D0B6578705F7061725F6375720D046E756273040100000015000000000402000000060000000000000000040100000006B8D12C4ABCADEF3F0401000000060000000000000000060000
310
00000000000006F1F72D4ABCADEF3F0600000000000000000600000000000000000D0673706C696E650B0F0D037265660491010000100B0B0B0B10060000000000000000060000000000000000110D067063757276650CFFFFFFFF04FFFFFFFF0CFFFFFFFF04000000000B0F0D0B6578705F7061725F6375720D046E756273
310
040100000015000000000402000000060000000000000000040100000006000000000000E03F040100000006000000000000F03F06000000000000000006000000000000F03F06000000000000E03F0600000000000000000D0673706C696E650B0F0D037265660488010000100B0B0B0B1006000000000000000006000000
310
0000000000110E0D4154545249425F435553544F4D0D066174747269620CFFFFFFFF04FFFFFFFF0CFFFFFFFF0CFFFFFFFF0C7B0800000711736B657463685F6174747269625F646566040100000004010000000403000000070D32303420302030203020322032110E08696E7463757276650D0563757276650CFFFFFFFF04
310
FFFFFFFF0CFFFFFFFF0B0F0D037265660467010000100A06015B1CBBF2DEEE3F0A06000000000000F03F110D067665727465780CFFFFFFFF04FFFFFFFF0CFFFFFFFF0C8D08000004000000000CD6080000110E0873747261696768740D0563757276650CFFFFFFFF04FFFFFFFF0CFFFFFFFF13986E60DEF2253540A602E048
310
2CAA2AC00000000000000000140000000000000000000000000000000000000000000024400A0600000000000000000A06000000000000E03F110D05706F696E740CFFFFFFFF04FFFFFFFF0CFFFFFFFF13986E60DEF2253540A602E0482CAA2AC00000000000000000110D04656467650CFFFFFFFF04FFFFFFFF0CFFFFFFFF
310
0C5108000006115B1CBBF2DEEE3F0CB808000006000000000000F03F0C840800000CD70800000B0707756E6B6E6F776E110D067063757276650CFFFFFFFF04FFFFFFFF0CFFFFFFFF04000000000B0F0D0B6578705F7061725F6375720D046E75627304010000001500000000040200000006000000000000F0BF0401000000
310
06115B1CBBF2DEEEBF040100000006000000000000F03F06000000000000E03F06215B1CBBF2DEEE3F06000000000000E03F0600000000000000000D0673706C696E650B0F0D037265660488010000100B0B0B0B10060000000000000000060000000000000000110D05706F696E740CFFFFFFFF04FFFFFFFF0CFFFFFFFF13
310
E3FB840590A6354002000000000029C00000000000001440110D06636F656467650CFFFFFFFF04FFFFFFFF0CFFFFFFFF0C8C0800000C970800000C8A0800000CBF0800000B0C7C00000004000000000CFFFFFFFF110D04656467650CFFFFFFFF04FFFFFFFF0CFFFFFFFF0C8F0800000600000000000000000C5108000006B8
310
D12C4ABCADEF3F0C8A0800000CD80800000B0707756E6B6E6F776E110D067063757276650CFFFFFFFF04FFFFFFFF0CFFFFFFFF04000000000B0F0D0B6578705F7061725F6375720D046E75627304010000001500000000040200000006B8D12C4ABCADEFBF0401000000060000000000000080040100000006F1F72D4ABCAD
310
EF3F06000000000000E03F06000000000000000006000000000000E03F0600000000000000000D0673706C696E650B0F0D037265660491010000100B0B0B0B10060000000000000000060000000000000000110E07656C6C697073650D0563757276650CFFFFFFFF04FFFFFFFF0CFFFFFFFF13000000000000000000000000
310
0000000000000000000014401400000000000000000000000000000000000000000000F03F1400000000000039400000000000000000000000000000000006000000000000F03F0B0B110D05706F696E740CFFFFFFFF04FFFFFFFF0CFFFFFFFF13E92F37D10C52414002000000000034C00000000000001440110D06706375
310
7276650CFFFFFFFF04FFFFFFFF0CFFFFFFFF04000000000B0F0D0B6578705F7061725F6375720D046E75627304010000001500000000040200000006000000000000E0BF0401000000060000000000000080040100000006000000000000000006000000000000E03F06000000000000000006000000000000000006000000
310
00000000000D0673706C696E650B0F0D037265660491010000100B0B0B0B10060000000000000000060000000000000000110E0873747261696768740D0563757276650CFFFFFFFF04FFFFFFFF0CFFFFFFFF13E92F37D10C52414002000000000034C000000000000000001400000000000000000000000000000000000000
310
00000024400A0600000000000000000A06000000000000E03F110E0D4154545249425F435553544F4D0D066174747269620CFFFFFFFF04FFFFFFFF0CFFFFFFFF0CFFFFFFFF0C960800000711736B657463685F6174747269625F646566040100000004010000000403000000070D31393420302030203020312032110D0663
310
6F656467650CFFFFFFFF04FFFFFFFF0CFFFFFFFF0C9A0800000C990800000CA00800000CCC0800000A0C9B08000004000000000CD9080000110D04656467650CFFFFFFFF04FFFFFFFF0CFFFFFFFF0CD108000006000000000000F0BF0C2708000006FBF72D4ABCADEFBF0C990800000CDA0800000B0707756E6B6E6F776E11
310
0D067063757276650CFFFFFFFF04FFFFFFFF0CFFFFFFFF04000000000B0F0D0B6578705F7061725F6375720D046E75627304010000001500000000040200000006FBF72D4ABCADEF3F040100000006000000000000F03F040100000006371E2F4ABCADEFBF06000000000000E03F06000000000000F0BF06000000000000E0
310
3F0600000000000000000D0673706C696E650B0F0D0372656604A4010000100B0B0B0B10060000000000000000060000000000000000110E0D4154545249425F435553544F4D0D066174747269620CFFFFFFFF04FFFFFFFF0CFFFFFFFF0CFFFFFFFF0C9A0800000711736B657463685F6174747269625F6465660401000000
310
04010000000403000000070D31383720302031203020322032110D067063757276650CFFFFFFFF04FFFFFFFF0CFFFFFFFF04000000000B0F0D0B6578705F7061725F6375720D046E75627304010000001500000000040200000006000000000000F0BF040100000006FBF72D4ABCADEFBF040100000006000000000000F0BF
310
06000000000000000006371E2F4ABCADEFBF0600000000000000000600000000000000000D0673706C696E650B0F0D0372656604A4010000100B0B0B0B10060000000000000000060000000000000000110E08696E7463757276650D0563757276650CFFFFFFFF04FFFFFFFF0CFFFFFFFF0B0F0D037265660479010000100A
310
06C0D12C4ABCADEF3F0A06000000000000F03F110D04656467650CFFFFFFFF04FFFFFFFF0CFFFFFFFF0CA30800000600000000000000000CD108000006000000000000E03F0CA00800000CDB0800000B0707756E6B6E6F776E110D05706F696E740CFFFFFFFF04FFFFFFFF0CFFFFFFFF1346F13E38D7113040ADF63137AF26
310
33C00000000000000000110E0873747261696768740D0563757276650CFFFFFFFF04FFFFFFFF0CFFFFFFFF13E629E2E534A02E40649F2C84EEC233C00000000000000000140000000000000000000000000000000000000000000024400A0600000000000000000A06000000000000E03F110E0D4154545249425F43555354
310
4F4D0D066174747269620CFFFFFFFF04FFFFFFFF0CFFFFFFFF0CFFFFFFFF0CA8080000071667656E657269635F7461675F6174747269625F6465660403000000040300000004FFFFFFFF071767656E657269635F7461675F6174747269625F64656620040100000004020000000702343704000000000401000000042D0100
310
000400000000110E0673706C696E650D07737572666163650CFFFFFFFF04FFFFFFFF0CFFFFFFFF0B0F0D03726566049A010000100B0B0B0B110D067665727465780CFFFFFFFF04FFFFFFFF0CFFFFFFFF0CC708000004000000000CDC080000110E07656C6C697073650D0563757276650CFFFFFFFF04FFFFFFFF0CFFFFFFFF
310
130000000000000000000000000000000000000000000014401400000000000000000000000000000000000000000000F03F1400000000000039400000000000000000000000000000000006000000000000F03F0B0B110D05706F696E740CFFFFFFFF04FFFFFFFF0CFFFFFFFF13E629E2E534A02E40649F2C84EEC233C000
310
00000000001440110E0D4154545249425F435553544F4D0D066174747269620CFFFFFFFF04FFFFFFFF0CFFFFFFFF0CFFFFFFFF0CB1080000071667656E657269635F7461675F6174747269625F6465660403000000040300000004FFFFFFFF071767656E657269635F7461675F6174747269625F6465662004010000000402
310
0000000702343804000000000401000000042D0100000400000000110E04636F6E650D07737572666163650CFFFFFFFF04FFFFFFFF0CFFFFFFFF130000000000000000000000000000000000000000000000001400000000000000000000000000000000000000000000F03F14000000000000394000000000000000000000
310
00000000000006000000000000F03F0B0B06000000000000000006000000000000F03F0600000000000039400B0B0B0B0B110D05706F696E740CFFFFFFFF04FFFFFFFF0CFFFFFFFF13986E60DEF2253540A602E0482CAA2AC00000000000001440110E08696E7463757276650D0563757276650CFFFFFFFF04FFFFFFFF0CFF
310
FFFFFF0B0F0D037265660495010000100A06115B1CBBF2DEEE3F0A06000000000000F03F110E08696E7463757276650D0563757276650CFFFFFFFF04FFFFFFFF0CFFFFFFFF0B0F0D03726566049F010000100A0600000000000000000A06B8D12C4ABCADEF3F110D067063757276650CFFFFFFFF04FFFFFFFF0CFFFFFFFF04
310
000000000B0F0D0B6578705F7061725F6375720D046E75627304010000001500000000040200000006000000000000E0BF0401000000060000000000000080040100000006000000000000F0BF06000000000000E03F06000000000000F0BF0600000000000000000600000000000000000D0673706C696E650B0F0D037265
310
6604A4010000100B0B0B0B10060000000000000000060000000000000000110E08696E7463757276650D0563757276650CFFFFFFFF04FFFFFFFF0CFFFFFFFF0A0F0D03726566048C010000100A06000000000000F0BF0A06FBF72D4ABCADEFBF110E0873747261696768740D0563757276650CFFFFFFFF04FFFFFFFF0CFFFF
310
FFFF1346F13E38D7113040ADF63137AF2633C00000000000000000140000000000000000000000000000000000000000000024400A0600000000000000000A06000000000000E03F110D05706F696E740CFFFFFFFF04FFFFFFFF0CFFFFFFFF1346F13E38D7113040ADF63137AF2633C00000000000001440110E03456E640E
310
026F660E0341534D0D0464617461
  0
ENDSEC
  0
EOF
